"COUNTRYID","GTO","SVO","GENDER","AGE","EC","EGROUP","ID"
1,8.3,"1","1",20.4,8.6,1,27
1,0.2,"0","1",59.8,17.6,0,42
1,1.8,"1","1",64.1,21.1,1,60
1,14.7,"1","1",23.3,8.3,1,62
1,9.5,"1","1",34.1,8.2,1,100
1,4.1,"0","0",66.8,20.4,0,178
1,11.6,"1","0",61.4,14.1,0,194
1,14.7,"1","1",23.3,8.3,1,281
1,1,"2","1",33.7,14.8,1,307
1,11.3,"1","0",48.6,14.6,0,313
1,4.2,"2","1",24.3,9.5,1,316
1,19,"1","1",53.6,15.1,0,320
1,11.3,"1","0",48.6,14.6,0,332
1,14.7,"1","1",23.3,8.3,1,418
1,14.7,"1","1",23.3,8.3,1,419
1,12.1,"1","1",26,8.8,0,425
1,3,"2","0",39.2,17.4,1,458
1,0.2,"1","0",46.6,18.9,1,480
1,9.1,"1","0",60,15.2,0,484
1,6.9,"1","1",60.3,18.2,0,498
1,12.9,"0","0",43.5,10.7,0,510
1,8.3,"1","1",20.4,8.6,1,521
1,1,"2","1",33.7,14.8,1,537
1,0.8,"0","1",43.1,10.9,0,595
1,14.6,"1","0",22.3,1.5,0,632
1,8.8,"2","0",27.6,12,0,650
1,13.4,"1","1",32,8.9,1,651
1,0.2,"1","0",46.6,18.9,1,656
1,12.1,"1","1",26,8.8,0,672
1,6.9,"1","1",60.3,18.2,0,703
1,6.9,"0","1",56.4,13.3,1,711
1,9.5,"1","1",34.1,8.2,1,720
1,13.4,"1","1",32,8.9,1,738
1,19.9,"1","0",35,8.3,1,743
1,1.8,"1","1",64.1,21.1,1,749
1,11.3,"1","1",69.6,17.2,0,763
1,11.3,"1","0",48.6,14.6,0,867
1,0.9,"0","0",66.3,20.4,0,875
1,0.2,"1","0",46.6,18.9,1,889
1,12.9,"0","0",43.5,10.7,0,936
1,6.9,"1","1",60.3,18.2,0,959
1,1.9,"2","1",22.3,9.8,1,981
1,1.9,"2","0",57.8,17.6,0,1007
1,8.3,"1","1",20.4,8.6,1,1022
1,0.7,"1","1",64.4,22,1,1033
1,0.9,"0","0",66.3,20.4,0,1039
1,13.4,"1","1",32,8.9,1,1048
1,19.1,"1","1",49.6,13.1,0,1071
1,5.1,"0","1",26.7,10,0,1073
1,15,"1","1",49.8,11,0,1078
1,1,"2","1",33.7,14.8,1,1090
1,11.6,"1","0",61.4,14.1,0,1120
1,11.3,"1","1",69.6,17.2,0,1124
1,12.9,"0","0",43.5,10.7,0,1152
1,8.9,"0","1",69.8,16.9,0,1169
1,13.3,"1","1",46.3,10.4,0,1171
1,13.4,"1","1",32,8.9,1,1227
1,12.5,"1","1",33.8,7.9,1,1274
1,9.5,"1","1",34.1,8.2,1,1333
1,4.1,"0","0",66.8,20.4,0,1367
1,8.9,"0","1",69.8,16.9,0,1437
1,1.9,"2","0",57.8,17.6,0,1451
1,4,"0","1",58,18.9,0,1460
1,11,"1","0",36.4,9.2,1,1463
1,5.2,"1","1",39.6,12.4,1,1467
1,11.6,"1","0",61.4,14.1,0,1478
1,12.1,"0","1",44.9,10.3,1,1494
1,4,"0","1",58,18.9,0,1508
1,4.9,"0","0",37.5,11.2,1,1517
1,5.1,"0","1",26.7,10,0,1532
1,0.2,"0","1",59.8,17.6,0,1601
1,5.8,"2","0",66.9,25,0,1665
1,2.2,"2","0",55.8,18.7,0,1676
2,14.3,"1","0",33.3,9,0,36
2,12,"1","1",39.9,12.7,0,58
2,13.9,"1","1",65,16.8,1,81
2,19.4,"2","1",48.3,6.3,0,116
2,7.8,"2","0",36.1,17.9,0,136
2,2.1,"1","0",24.7,14.5,0,138
2,14.1,"2","1",28.9,8.3,0,144
2,9.8,"1","0",68.7,22.3,0,154
2,14.1,"2","1",28.9,8.3,0,155
2,1.1,"1","1",37.9,17.5,0,157
2,13.9,"1","1",65,16.8,1,195
2,6.4,"2","1",64.5,22.9,0,209
2,16.6,"2","1",28.9,6.2,0,219
2,16.7,"2","1",20.2,6.1,0,231
2,13.6,"2","1",23.6,11.2,0,255
2,16.7,"2","1",20.2,6.1,0,265
2,9.5,"0","0",21,12.8,0,292
2,10.4,"2","1",22.4,8.5,0,315
2,7.4,"2","1",67.9,20.1,0,351
2,4.8,"1","1",58.4,20.4,0,355
2,5.9,"0","1",40.4,14,0,370
2,1.5,"2","0",58.9,26.6,0,389
2,2.4,"2","1",25.1,15.1,0,422
2,0.6,"0","1",25.1,10.8,0,478
2,14,"1","1",62.6,16.3,0,479
2,5.3,"2","0",55.9,26.4,0,505
2,7.7,"1","1",41.2,16,0,533
2,10.4,"2","1",22.4,8.5,0,541
2,12.7,"1","0",60.8,17.9,0,577
2,10.1,"0","0",50.6,16.3,0,581
2,17.3,"1","1",64.4,15.6,0,597
2,16.4,"0","1",69.2,19.2,0,601
2,19.6,"1","1",23.9,3.1,0,618
2,15.2,"1","0",38.1,13.8,0,715
2,19.2,"1","0",56.5,7.3,0,728
2,3.2,"2","1",52.6,23.5,0,729
2,2.4,"2","1",25.1,15.1,0,747
2,12,"1","1",39.9,12.7,0,799
2,5.3,"2","0",55.9,26.4,0,804
2,17.1,"1","1",26,6.3,0,849
2,7.8,"2","0",36.1,17.9,0,860
2,17.8,"2","0",36.8,7.3,0,887
2,3.4,"1","1",43.7,18.2,0,891
2,2.1,"1","0",24.7,14.5,0,900
2,14,"1","1",62.6,16.3,0,964
2,9.5,"0","0",21,12.8,0,979
2,15.7,"1","1",69.9,21.2,0,1005
2,2.7,"0","1",68.2,24.1,0,1009
2,15.7,"1","1",69.9,21.2,0,1031
2,3.5,"2","1",37.4,16.6,0,1054
2,15.7,"1","1",69.9,21.2,0,1067
2,17.5,"1","1",52.8,14.8,0,1091
2,9.5,"0","0",21,12.8,0,1092
2,6.4,"1","0",66.5,20,0,1101
2,9.9,"2","1",40.5,15.9,0,1143
2,19.2,"1","0",56.5,7.3,0,1197
2,13.4,"0","1",23,9.7,0,1267
2,14.1,"2","1",28.9,8.3,0,1281
2,15.3,"1","1",52.5,13.4,0,1339
2,1.5,"2","0",58.9,26.6,0,1362
2,7.8,"2","0",36.1,17.9,0,1375
2,4.2,"1","0",66.2,23.2,0,1405
2,3.2,"2","1",52.6,23.5,0,1409
2,1.5,"2","0",58.9,26.6,0,1449
2,11,"2","1",69.5,20.9,0,1482
2,18.7,"2","0",41,2.5,0,1546
2,17,"2","0",45,10.4,0,1565
2,17.5,"1","1",52.8,14.8,0,1571
2,9.5,"0","0",21,12.8,0,1577
2,16.4,"0","1",69.2,19.2,0,1583
2,19.9,"1","1",47.4,10,0,1608
2,17,"2","0",45,10.4,0,1654
2,19.9,"1","1",55.4,11.5,0,1656
3,10.8,"0","1",59.8,7.4,1,6
3,17.5,"1","0",68.8,-3.1,1,24
3,1.6,"0","0",45.6,9.9,1,50
3,2.9,"0","1",50.6,8,1,75
3,16,"1","0",40.2,-6.7,1,84
3,5.7,"0","1",54.1,10.7,1,89
3,8.2,"1","1",59.7,11.6,1,98
3,3.6,"0","1",41.9,7.8,1,101
3,10.8,"0","1",59.8,7.4,1,105
3,12.8,"1","0",29.9,-3.8,1,107
3,5.4,"2","0",29.5,13.5,1,165
3,0.1,"2","0",65,32,1,173
3,15.5,"1","0",43.9,-3.8,1,190
3,10.1,"2","0",46.5,2.3,1,211
3,9.2,"1","1",55.9,7.2,1,228
3,20,"2","0",59.1,-13.5,1,274
3,6.1,"1","0",37.8,5.7,1,279
3,7.1,"0","0",65,8.5,1,280
3,6.7,"2","0",24.6,12.2,1,318
3,1.6,"0","0",45.6,9.9,1,319
3,16.9,"1","1",59.5,-1.7,1,342
3,11.7,"2","1",58,4.6,1,352
3,7.3,"1","1",21.5,4,0,361
3,2.9,"0","1",50.6,8,1,386
3,2.9,"0","1",50.6,8,1,414
3,19.9,"1","0",28.7,-16.9,1,481
3,9.5,"0","0",58.9,5.6,1,506
3,3.6,"0","1",41.9,7.8,1,554
3,10.8,"0","1",59.8,7.4,1,559
3,9.2,"1","1",55.9,7.2,1,565
3,16.9,"1","1",59.5,-1.7,1,569
3,5,"1","1",54.3,16.6,1,572
3,9.1,"1","0",28.8,0,1,612
3,10.8,"0","1",59.8,7.4,1,744
3,0.4,"1","0",48.9,21.9,1,811
3,7.1,"1","1",69.5,15.7,1,866
3,9.5,"0","0",58.9,5.6,1,892
3,7.1,"0","0",65,8.5,1,905
3,0.4,"1","0",48.9,21.9,1,911
3,1.3,"1","0",38.1,17.6,1,969
3,15.4,"2","1",28.1,-11.7,1,976
3,11.7,"2","1",58,4.6,1,1028
3,10.1,"1","0",59.2,9.4,1,1065
3,9.1,"1","0",28.8,0,1,1086
3,3.1,"2","1",60.8,25.4,1,1134
3,5.7,"0","0",68.6,14,1,1135
3,10.9,"2","0",43.5,0.5,1,1167
3,0.4,"1","0",48.9,21.9,1,1168
3,16,"1","1",27.3,-7.8,1,1189
3,10.7,"2","1",51.9,0.5,1,1225
3,19.7,"0","0",25.6,-8.1,1,1321
3,0.4,"1","0",48.9,21.9,1,1365
3,1.6,"0","0",45.6,9.9,1,1381
3,1.5,"1","0",25.6,16.1,1,1388
3,9.6,"2","0",41.6,7.2,1,1391
3,5.7,"0","0",68.6,14,1,1419
3,2.9,"0","1",50.6,8,1,1421
3,4.4,"1","1",37.9,12.8,1,1433
3,9.1,"1","0",28.8,0,1,1441
3,19.7,"2","1",68.3,-12.9,1,1474
3,1.6,"0","0",45.6,9.9,1,1499
3,8.5,"1","0",31.2,0.1,1,1503
3,9.6,"2","0",41.6,7.2,1,1509
3,16,"1","1",27.3,-7.8,1,1538
3,10.8,"0","1",59.8,7.4,1,1588
3,11.4,"2","1",22,-1.2,1,1595
3,9.2,"1","1",55.9,7.2,1,1624
3,16.9,"1","1",59.5,-1.7,1,1684
3,0.1,"2","0",65,32,1,1694
4,3.1,"1","1",40.8,8.2,0,26
4,3.8,"1","1",25.1,7.9,1,110
4,7.8,"2","0",39.3,15.3,0,204
4,20,"0","0",66.5,19.6,0,247
4,10.2,"0","0",51.7,13.3,0,283
4,3.1,"1","1",40.8,8.2,0,301
4,19.9,"0","0",29.5,8.8,0,303
4,8.2,"2","0",54.3,15.6,0,323
4,7.9,"1","0",59.9,14.9,0,337
4,11.3,"2","0",66.9,17.1,0,362
4,8.1,"1","0",29.5,8.6,1,398
4,11.3,"2","0",66.9,17.1,0,416
4,1.8,"2","0",67.6,22.7,0,424
4,16.5,"1","1",60.1,14.1,0,547
4,7.1,"1","1",58.3,17.7,1,584
4,6.4,"0","1",65,15.5,0,592
4,6.5,"1","0",44.9,14.4,1,634
4,3.1,"1","0",69.2,19.3,0,750
4,6.8,"1","1",66.4,16,0,755
4,2.4,"1","0",63.9,15.6,0,843
4,14.4,"1","0",58.3,12.7,0,909
4,16.1,"1","1",35.8,8.4,1,918
4,6.8,"1","1",66.4,16,0,962
4,11.4,"0","1",61,15.8,1,973
4,9.4,"1","1",29.9,9.8,0,983
4,12.4,"2","1",22.2,5.9,1,998
4,13.6,"0","1",64.2,16.3,0,1000
4,18.1,"2","0",64.7,18.1,0,1001
4,16.1,"1","1",35.8,8.4,1,1013
4,2.4,"1","0",47.8,15.9,0,1035
4,13.4,"0","1",59.9,13.7,0,1108
4,7.1,"1","1",58.3,17.7,1,1115
4,2.4,"1","0",63.9,15.6,0,1117
4,10.8,"2","0",61.9,13.4,0,1132
4,10.2,"0","0",51.7,13.3,0,1148
4,19.9,"0","0",29.5,8.8,0,1154
4,8.2,"2","0",54.3,15.6,0,1176
4,19.7,"1","0",31.1,8.1,0,1183
4,4.7,"0","1",33.8,8.8,0,1188
4,11.9,"2","0",61.1,14.2,0,1195
4,16.5,"1","1",60.1,14.1,0,1213
4,16.1,"1","1",35.8,8.4,1,1232
4,4.9,"1","0",56.3,14.3,1,1242
4,6.4,"0","1",65,15.5,0,1247
4,8.1,"1","0",29.5,8.6,1,1248
4,16.5,"1","1",60.1,14.1,0,1257
4,3.8,"1","1",25.1,7.9,1,1265
4,8.1,"1","0",29.5,8.6,1,1271
4,13.6,"0","0",62.1,13,0,1317
4,10.2,"0","0",51.7,13.3,0,1319
4,1.4,"1","1",34.6,11.4,0,1320
4,11.4,"0","1",61,15.8,1,1334
4,13.4,"0","1",59.9,13.7,0,1338
4,3.4,"1","0",50.9,13.3,1,1410
4,3.1,"1","0",69.2,19.3,0,1411
4,4.7,"0","1",33.8,8.8,0,1427
4,9.4,"1","1",29.9,9.8,0,1440
4,2.7,"2","1",60.9,17.6,0,1519
4,2.7,"2","1",60.9,17.6,0,1536
4,3.1,"1","0",69.2,19.3,0,1578
4,2.4,"1","0",63.9,15.6,0,1605
4,11.9,"0","0",41.4,12.9,0,1643
4,2.4,"1","0",63.9,15.6,0,1645
4,11.7,"1","0",24.4,4.2,1,1647
4,1.4,"1","1",34.6,11.4,0,1686
5,6.5,"0","1",24.5,10.9,1,17
5,16.2,"1","1",29.4,12,0,20
5,17.5,"1","1",29.4,11,1,65
5,9.8,"1","0",62.2,19.4,0,76
5,8.5,"2","1",65.8,21.8,0,83
5,4,"1","1",24.2,6.8,0,86
5,12.5,"1","1",23.8,9.4,0,114
5,13.6,"2","0",69.7,20.6,0,122
5,4.8,"2","1",31.7,13.3,1,130
5,3.6,"1","0",39.7,15.9,0,132
5,8,"0","0",21.4,5,1,133
5,13.2,"1","1",59.6,20.2,0,177
5,8.1,"0","1",24.7,9.9,1,216
5,4.1,"2","0",66,17.9,0,226
5,3.4,"2","0",53.8,15.1,0,257
5,2.7,"2","0",65,20,1,263
5,13.2,"1","1",59.6,20.2,0,266
5,13.1,"1","1",54.5,15.4,0,286
5,15.2,"1","1",33.1,10.9,0,311
5,16.2,"1","1",29.4,12,0,324
5,5.5,"2","0",21.7,7.2,0,340
5,14.9,"2","0",51.3,13.1,0,349
5,6.3,"0","0",41.4,16.3,0,384
5,6.5,"0","1",24.5,10.9,1,395
5,15.5,"1","0",56.5,18.4,0,443
5,6.4,"1","1",56.6,18.6,0,452
5,13,"0","0",36.8,5.8,1,457
5,19.5,"2","0",57.6,16.4,0,520
5,13.6,"2","0",69.7,20.6,0,536
5,8.5,"1","1",57.3,19.2,0,582
5,17.5,"1","1",29.4,11,1,596
5,15.5,"1","0",56.5,18.4,0,600
5,9.6,"1","0",57.8,19.2,0,606
5,3.5,"1","0",31.7,11.2,1,625
5,3.4,"2","0",53.8,15.1,0,640
5,9.8,"1","0",62.2,19.4,0,642
5,10.3,"1","0",58.9,16.4,0,647
5,5.5,"0","0",24.8,7.1,0,659
5,3.6,"1","0",39.7,15.9,0,667
5,1.2,"2","1",36,9,0,677
5,13.8,"2","1",22.9,9.5,0,717
5,18.8,"1","1",22.9,10.8,0,719
5,17.5,"1","1",29.4,11,1,753
5,0.4,"2","1",68.2,21.7,0,759
5,16.2,"1","1",29.4,12,0,777
5,9.3,"1","0",33.6,10.9,0,781
5,15.5,"1","0",56.5,18.4,0,805
5,8,"0","0",21.4,5,1,813
5,9.7,"2","1",26.6,11.3,0,878
5,7.9,"0","0",61.3,16.6,0,883
5,4,"1","1",24.2,6.8,0,910
5,8.5,"1","1",57.3,19.2,0,915
5,2.7,"2","0",65,20,1,937
5,7.9,"0","0",61.3,16.6,0,944
5,6.4,"1","1",56.6,18.6,0,946
5,1.2,"1","1",23,5.9,0,955
5,15.2,"1","1",33.1,10.9,0,966
5,4.7,"2","1",48.1,14.7,0,989
5,12.9,"2","1",36.4,15.3,1,1011
5,18.3,"2","1",50.7,15.9,0,1038
5,13.2,"1","1",59.6,20.2,0,1068
5,17.3,"2","1",42,15.5,0,1079
5,0.5,"1","0",69.3,21.8,0,1084
5,12.3,"2","1",21.9,7.9,1,1104
5,7.9,"0","0",61.3,16.6,0,1112
5,17.5,"1","1",29.4,11,1,1150
5,9.3,"1","0",33.6,10.9,0,1199
5,12.9,"0","1",67.8,16.8,0,1214
5,3.2,"1","0",35.6,16,1,1220
5,15.5,"1","0",56.5,18.4,0,1224
5,17.3,"2","1",42,15.5,0,1230
5,4,"1","1",24.2,6.8,0,1231
5,0.8,"1","1",59.3,19.3,0,1244
5,6.4,"1","1",56.6,18.6,0,1255
5,3.4,"1","0",69.9,20.2,0,1275
5,12.9,"0","1",67.8,16.8,0,1356
5,4.2,"1","1",40,10.4,0,1384
5,6.3,"0","0",41.4,16.3,0,1417
5,4.1,"2","0",66,17.9,0,1450
5,17.3,"2","1",42,15.5,0,1472
5,13,"0","0",36.8,5.8,1,1492
5,15.1,"1","1",59.8,18.4,0,1504
5,13.8,"2","1",22.9,9.5,0,1511
5,13.9,"2","1",24.2,10.2,0,1543
5,4,"2","1",56,17.8,1,1597
5,15.1,"1","1",59.8,18.4,0,1625
5,13.7,"0","0",28.1,8.3,0,1639
5,3.9,"2","0",23,3.9,1,1650
5,4,"1","1",24.2,6.8,0,1657
5,4.2,"1","1",40,10.4,0,1666
5,6.2,"2","1",56.7,14.8,0,1677
5,13.6,"2","0",69.7,20.6,0,1699
6,8.1,"1","1",45,16.5,1,43
6,9.9,"1","1",61.9,9.7,0,63
6,18.9,"2","0",66.8,7.1,1,77
6,2.6,"2","0",40.9,17,1,78
6,19.2,"1","1",27,-2.4,1,162
6,2.6,"2","0",40.9,17,1,189
6,5.9,"2","1",34.6,10.4,0,193
6,10.6,"1","0",28,9.3,1,208
6,9.9,"1","1",61.9,9.7,0,212
6,8.9,"0","0",31.5,7.8,1,262
6,3.5,"0","1",32.7,8.6,0,296
6,11.4,"1","0",42,9.7,1,314
6,5,"1","1",41.4,8.7,1,330
6,6.6,"1","1",49.1,11.5,1,331
6,11.4,"1","0",42,9.7,1,345
6,6.1,"0","0",54.2,13.5,0,359
6,9.8,"0","1",30.3,7.3,1,363
6,11.6,"1","1",57.1,10,0,385
6,15,"0","0",64.6,10.6,1,432
6,3.7,"0","1",65.9,17.5,0,442
6,0.2,"2","1",50.1,21.4,0,450
6,17.4,"2","1",22.9,-0.2,1,516
6,3.4,"2","0",47.3,18.4,0,585
6,5.3,"0","0",63,16.5,1,631
6,4.1,"0","0",32,9.8,1,644
6,3.5,"0","1",32.7,8.6,0,658
6,8.1,"1","1",45,16.5,1,678
6,10.6,"1","0",28,9.3,1,739
6,6.9,"1","0",24.8,5.2,1,769
6,6.8,"1","1",57.1,18.3,0,780
6,12.4,"0","1",44.3,3.7,1,803
6,11.6,"1","1",57.1,10,0,818
6,3.4,"2","0",47.3,18.4,0,819
6,17.4,"2","1",22.9,-0.2,1,848
6,8.9,"0","0",31.5,7.8,1,868
6,1.2,"1","1",55,19.6,0,882
6,18.5,"2","1",53.5,1.7,1,928
6,18.5,"2","1",53.5,1.7,1,956
6,4.2,"0","1",22.6,12.2,1,977
6,9.9,"1","1",61.9,9.7,0,999
6,1.2,"1","1",55,19.6,0,1025
6,8.8,"1","1",41.2,8.6,1,1061
6,4.2,"0","1",22.6,12.2,1,1062
6,8.8,"1","1",41.2,8.6,1,1121
6,11.4,"1","0",42,9.7,1,1182
6,3.5,"0","1",32.7,8.6,0,1226
6,5,"1","1",41.4,8.7,1,1240
6,9.8,"0","1",30.3,7.3,1,1262
6,6.9,"1","0",24.8,5.2,1,1287
6,17.4,"2","1",22.9,-0.2,1,1294
6,6.1,"0","0",54.2,13.5,0,1335
6,17.6,"0","1",51.9,7.3,0,1344
6,10,"1","0",38.5,3.7,0,1370
6,9.2,"1","0",58.4,12.1,1,1379
6,9.9,"1","1",61.9,9.7,0,1383
6,12.7,"2","0",51.4,9.1,1,1456
6,17.6,"1","1",64.8,7.5,0,1484
6,9.1,"0","0",64.7,19.8,0,1521
6,6.8,"1","1",57.1,18.3,0,1568
6,10.6,"1","0",28,9.3,1,1630
6,2.6,"1","1",58.8,14.7,0,1658
6,5.9,"2","1",34.6,10.4,0,1682
6,12.7,"2","0",51.4,9.1,1,1690
6,0.2,"2","1",50.1,21.4,0,1692
7,2.2,"0","1",39.7,14.5,1,14
7,15.5,"0","0",45.2,9.2,0,46
7,0.9,"0","1",54.8,21.7,0,80
7,16.2,"1","1",66.8,8.7,0,115
7,3.6,"1","0",50.8,21.6,0,120
7,3.5,"1","0",21.3,11.9,0,151
7,15.5,"0","0",45.2,9.2,0,156
7,15.4,"0","0",53.9,12.4,0,179
7,6.7,"0","1",45.7,15.4,0,183
7,4.9,"1","1",42.3,18.4,0,220
7,8.4,"1","1",67.4,24.2,0,270
7,16.2,"1","1",66.8,8.7,0,273
7,1.2,"1","0",59.7,25.3,0,366
7,4.9,"1","1",42.3,18.4,0,371
7,7.8,"0","1",59.9,21.2,0,372
7,5.2,"1","1",29.4,17.5,0,388
7,11.1,"1","1",28.1,8,0,417
7,6.7,"0","1",45.7,15.4,0,421
7,6.1,"0","1",59.2,21.2,0,436
7,10.5,"1","1",32.7,11,0,470
7,2.1,"2","0",34.6,22.6,0,473
7,17.2,"1","1",49.6,6.6,0,476
7,2.2,"0","1",39.7,14.5,1,482
7,19.5,"0","1",50.6,4.8,0,553
7,1.6,"2","1",49.8,27.9,0,578
7,15.8,"0","1",43.6,12.9,0,589
7,17.2,"1","1",49.6,6.6,0,591
7,13.5,"2","0",21.4,3.7,1,668
7,3.6,"1","0",50.8,21.6,0,699
7,4,"0","0",68.9,22.4,0,708
7,11.7,"1","0",20.2,7.1,0,714
7,4.2,"2","0",49.5,26.5,0,721
7,1.2,"1","0",59.7,25.3,0,774
7,12.8,"0","0",27.8,10.8,0,797
7,11.4,"1","1",34.1,14.7,0,807
7,8.6,"1","1",37.9,17.2,0,808
7,4.4,"1","1",43.3,20.2,0,826
7,7.9,"1","0",34.7,15.5,0,850
7,3.6,"1","0",50.8,21.6,0,854
7,15.8,"0","1",43.6,12.9,0,864
7,1.2,"2","0",64.7,34.5,0,877
7,12.8,"0","0",27.8,10.8,0,879
7,19.5,"1","1",51,1.5,0,948
7,10.3,"2","1",59.9,18.6,0,995
7,2.1,"2","0",34.6,22.6,0,1083
7,11.7,"1","0",20.2,7.1,0,1100
7,2.1,"2","0",34.6,22.6,0,1123
7,11.1,"1","1",28.1,8,0,1130
7,1.2,"1","0",59.7,25.3,0,1186
7,5.6,"0","1",31,11.2,1,1245
7,6.8,"0","0",46.2,13.4,0,1261
7,9.3,"1","1",62.4,21.8,0,1285
7,11.7,"1","0",20.2,7.1,0,1295
7,15.8,"1","1",62.8,12.2,1,1310
7,8.9,"1","0",49.6,15.7,0,1350
7,1.2,"2","0",64.7,34.5,0,1369
7,3.4,"1","1",67.5,25.9,0,1500
7,15.1,"1","1",41.5,8.2,0,1518
7,0.2,"0","1",23.2,15,0,1537
7,2.9,"1","0",42.2,21.5,0,1551
7,11.5,"1","1",54.3,12.6,0,1603
8,9.4,"2","1",54.7,13.5,0,12
8,17.5,"0","1",20.3,0.8,1,66
8,14.2,"2","0",40.1,6.9,1,69
8,19,"0","0",47.2,8.3,0,87
8,3.7,"1","0",47.5,10,0,94
8,19.1,"2","0",44.6,1.1,1,163
8,8.2,"1","1",36,6.8,1,192
8,19.2,"2","1",23.7,-0.4,1,199
8,19,"0","0",47.2,8.3,0,203
8,16.3,"1","0",32.2,5.3,1,206
8,1.7,"1","1",61.1,14.6,0,213
8,19,"0","0",47.2,8.3,0,245
8,4.2,"1","1",42.3,11.1,0,251
8,19.4,"1","0",25.6,0.8,1,271
8,19.2,"2","1",23.7,-0.4,1,312
8,18.9,"1","1",49.8,5.7,1,380
8,9,"0","1",66.9,15.7,0,431
8,19,"0","0",47.2,8.3,0,440
8,11.1,"1","0",58.1,12.7,0,461
8,6.4,"0","1",68.6,12.2,0,513
8,4.4,"1","0",38.6,8.7,0,580
8,19,"1","1",57.9,10.9,0,626
8,14.2,"2","0",40.1,6.9,1,648
8,4.4,"1","0",38.6,8.7,0,665
8,16.5,"1","0",52.2,9.5,0,671
8,11.9,"2","0",31.7,1.9,1,693
8,5.2,"2","1",55.5,18.1,1,695
8,5.2,"2","1",55.5,18.1,1,734
8,14.2,"1","0",54.7,10.1,1,737
8,18.8,"1","1",31.5,1.4,1,779
8,18.6,"0","1",33.9,4.2,0,823
8,19,"1","1",57.9,10.9,0,855
8,14.4,"0","1",33.1,4.3,1,934
8,17.5,"1","1",51.4,7.8,1,993
8,19.9,"0","0",48.2,7.2,1,1004
8,16.8,"1","1",46.3,9.8,1,1019
8,2.6,"1","0",38.2,11.4,1,1140
8,5.9,"1","1",26.8,4.3,1,1234
8,4.4,"1","0",38.6,8.7,0,1307
8,17.8,"0","0",56.5,8.3,1,1363
8,10.1,"1","0",69.7,14.3,1,1374
8,9.5,"1","0",62.3,10,1,1377
8,19.2,"0","1",21.8,2.9,1,1429
8,1.4,"1","0",59.2,16.9,0,1439
8,19,"1","1",57.9,10.9,0,1446
8,17.6,"0","1",26.8,1.7,0,1457
8,0.5,"2","0",41.6,14.5,0,1522
8,9,"0","1",66.9,15.7,0,1533
8,14.4,"0","1",33.1,4.3,1,1535
8,9,"0","1",66.9,15.7,0,1594
8,15.5,"0","0",56.3,7.9,0,1675
8,14.2,"1","0",54.7,10.1,1,1696
9,14.1,"1","0",22,7.2,1,3
9,1.9,"2","0",49.9,12.8,0,11
9,14.6,"0","0",54.4,10.2,1,96
9,1.1,"2","1",59.6,13.6,0,142
9,19.4,"0","1",54.1,6.4,1,172
9,14.1,"1","0",22,7.2,1,223
9,0.2,"1","0",42.5,12.9,1,290
9,5.9,"2","0",65.9,16.4,1,295
9,9,"1","0",48.7,11.9,1,302
9,13.1,"2","0",25.9,6.6,1,353
9,11.3,"1","1",54.1,13.1,1,405
9,0.2,"1","0",42.5,12.9,1,420
9,12.5,"2","1",38.2,9.8,1,454
9,6.1,"1","0",28.4,4.2,1,526
9,14.1,"1","0",22,7.2,1,561
9,11.1,"2","0",63.2,14.3,1,570
9,14.1,"1","0",22,7.2,1,576
9,11.3,"1","1",54.1,13.1,1,590
9,3,"0","1",55.9,20.6,1,629
9,3,"0","1",55.9,20.6,1,674
9,8.1,"0","1",41.6,10.4,1,680
9,7.8,"0","1",31,7.3,1,682
9,3.4,"1","1",58.1,19.9,0,698
9,8.8,"2","1",37.3,8.1,1,718
9,11.5,"1","0",31.8,11.4,1,726
9,9,"1","0",48.7,11.9,1,810
9,3.1,"1","1",38.8,13.9,1,837
9,6,"1","1",40.1,9.2,1,840
9,13.3,"0","1",68.9,13.6,1,872
9,12.4,"2","0",24.6,7.4,1,933
9,7.8,"0","1",47.2,14.4,1,990
9,19.9,"2","0",31.7,8.1,1,1027
9,14,"1","1",59.9,10.7,1,1029
9,9,"1","0",48.7,11.9,1,1041
9,13.1,"2","0",25.9,6.6,1,1052
9,0.7,"1","0",23.5,6.8,0,1070
9,7.8,"0","1",47.2,14.4,1,1094
9,5.1,"1","0",39.4,11.4,1,1096
9,5.1,"1","0",39.4,11.4,1,1098
9,12.5,"0","0",54,11.9,1,1131
9,8.8,"2","1",37.3,8.1,1,1142
9,15.7,"1","0",56.5,11.8,1,1146
9,8.1,"0","1",41.6,10.4,1,1185
9,4.8,"1","0",53.8,17.2,1,1233
9,17.6,"1","0",63.7,15.8,1,1264
9,11.1,"0","0",31.7,10.2,1,1276
9,5.9,"2","0",65.9,16.4,1,1286
9,0.8,"0","0",59.1,21.5,1,1311
9,4.8,"1","0",53.8,17.2,1,1346
9,4.3,"2","1",52.9,11.9,1,1349
9,9.6,"1","1",29,4.2,1,1354
9,11.1,"2","0",63.2,14.3,1,1395
9,8.8,"2","1",37.3,8.1,1,1398
9,6.1,"1","0",28.4,4.2,1,1423
9,11.7,"1","1",46.4,15.1,0,1470
9,12.5,"2","1",38.2,9.8,1,1552
9,19.9,"2","0",31.7,8.1,1,1554
9,19.6,"2","1",54.8,11.9,0,1555
9,19.3,"1","1",65,10.9,1,1569
9,16,"1","0",41,8.3,1,1609
9,5.9,"2","0",65.9,16.4,1,1614
9,6,"1","1",40.1,9.2,1,1619
9,0.7,"1","0",23.5,6.8,0,1641
9,3,"0","1",55.9,20.6,1,1642
9,1,"1","0",45.7,12.8,0,1653
9,4.8,"1","0",53.8,17.2,1,1697
10,19.2,"1","1",49.3,11.7,1,4
10,9.8,"1","0",43.9,11.8,1,8
10,6,"1","0",53,16.8,0,13
10,9.9,"1","1",54,14.7,0,32
10,4.2,"0","0",35.7,15.3,0,57
10,3.3,"1","1",30.8,15.3,0,161
10,4.3,"1","1",68.1,20.2,0,169
10,10.7,"2","1",39.4,12.2,0,186
10,15.4,"2","0",56.4,17.5,0,198
10,1.2,"2","1",49.4,17.9,0,222
10,5.2,"1","0",64.6,22.5,0,230
10,6.5,"0","0",46.7,16.3,1,234
10,8.3,"1","1",44.4,11.2,0,244
10,11.3,"1","0",30.8,6.3,1,282
10,13,"2","0",64.9,15.5,0,285
10,14.9,"1","1",45.4,8.8,1,325
10,4.4,"1","1",23.9,7.6,1,374
10,14.5,"0","0",65.9,17.3,1,391
10,12.9,"1","1",28.3,12.3,1,449
10,7.9,"0","0",28,9.3,1,468
10,8.8,"2","0",67.4,20.8,0,496
10,9.8,"0","1",46.5,16,0,504
10,19.2,"2","0",65.8,11.9,0,548
10,14.9,"1","1",45.4,8.8,1,564
10,6,"1","0",53,16.8,0,571
10,5.3,"0","0",41.7,11.6,0,573
10,6,"1","1",26.9,12.9,0,605
10,18.2,"1","1",46.2,9.1,1,611
10,14.9,"1","1",45.4,8.8,1,623
10,8.8,"2","0",67.4,20.8,0,630
10,4.4,"1","1",23.9,7.6,1,652
10,12.9,"1","1",28.3,12.3,1,657
10,15.4,"1","1",23.7,6.7,1,684
10,1.2,"2","1",49.4,17.9,0,688
10,13.5,"2","0",40.5,14.6,1,707
10,9,"0","0",61.3,18.9,1,713
10,12.3,"1","1",53.6,14.2,1,725
10,1.9,"1","1",37.2,15.8,1,732
10,12.2,"2","0",51.6,13.2,0,756
10,12,"0","1",33,10.8,0,770
10,3.9,"2","0",68.4,23,0,784
10,14.9,"1","1",45.4,8.8,1,793
10,1.3,"1","1",60.8,23.5,0,798
10,12.9,"1","1",28.3,12.3,1,815
10,14.5,"0","0",65.9,17.3,1,817
10,10.7,"1","0",52.8,14.6,0,829
10,14.5,"1","0",34.8,12.9,1,836
10,15.3,"1","0",44.2,9.4,0,838
10,2.1,"1","1",31.3,15.7,1,862
10,4.2,"0","0",35.7,15.3,0,899
10,6,"1","1",26.9,12.9,0,902
10,4.2,"0","0",35.7,15.3,0,903
10,0.4,"1","1",30.5,17.5,0,958
10,5.9,"1","1",28.6,14.5,0,963
10,5.2,"1","0",64.6,22.5,0,967
10,7.9,"0","0",28,9.3,1,972
10,2.9,"1","0",32.4,18,0,984
10,7.1,"1","1",36.9,13.1,0,988
10,3.3,"1","1",30.8,15.3,0,1008
10,12.9,"1","1",28.3,12.3,1,1023
10,5.3,"0","0",41.7,11.6,0,1034
10,13.9,"2","0",50.5,13.6,0,1042
10,14.3,"0","0",48.7,8.4,1,1055
10,10.7,"1","0",46.6,12.8,1,1059
10,9.8,"1","0",43.9,11.8,1,1072
10,3.2,"0","1",21.2,13,1,1074
10,15.3,"1","0",44.2,9.4,0,1093
10,15.4,"1","1",23.7,6.7,1,1103
10,13,"2","0",64.9,15.5,0,1119
10,3.2,"0","1",21.2,13,1,1129
10,8.8,"2","0",67.4,20.8,0,1141
10,5.9,"1","1",28.6,14.5,0,1156
10,9,"0","0",61.3,18.9,1,1174
10,7.8,"1","1",39.8,13.7,1,1190
10,5.2,"2","0",22.6,9.2,1,1259
10,9.8,"1","0",43.9,11.8,1,1277
10,15.4,"2","0",56.4,17.5,0,1318
10,12,"0","1",33,10.8,0,1373
10,10.7,"2","1",39.4,12.2,0,1380
10,1.2,"2","1",49.4,17.9,0,1476
10,1.3,"1","1",60.8,23.5,0,1486
10,4.8,"1","0",32.9,14,1,1490
10,7.8,"1","1",39.8,13.7,1,1491
10,5.9,"1","1",28.6,14.5,0,1534
10,4.3,"1","1",68.1,20.2,0,1547
10,1.2,"2","1",49.4,17.9,0,1560
10,2.1,"1","1",31.3,15.7,1,1635
10,19.2,"2","0",65.8,11.9,0,1651
10,8.3,"1","1",44.4,11.2,0,1662
11,19.1,"1","1",69,10.6,1,22
11,4.1,"0","0",53.7,13.4,1,28
11,4.3,"1","1",54.8,14.4,1,29
11,12.2,"1","0",53.3,13.5,1,38
11,12,"2","0",20.1,3.6,1,44
11,18.7,"1","1",21.5,3.1,1,71
11,17.9,"2","0",33.2,-0.2,1,90
11,14.4,"1","1",33.8,6.7,1,109
11,13.3,"2","1",29.1,4.9,1,150
11,13.3,"2","1",29.1,4.9,1,153
11,0.9,"2","0",45.3,14.5,1,166
11,1,"1","0",37.7,12.7,1,171
11,13.9,"0","1",56.5,10.4,1,184
11,14.4,"1","1",31.9,6.9,1,191
11,13.3,"2","1",29.1,4.9,1,197
11,14.4,"1","1",33.8,6.7,1,207
11,10.4,"1","0",33.7,9,1,210
11,11,"2","1",52.9,10.6,1,221
11,11.6,"1","0",46.7,9,1,236
11,2.4,"2","1",35.7,13.9,1,238
11,8.1,"1","0",67.6,14.9,1,243
11,3.2,"2","1",69.1,23.6,1,264
11,9.2,"1","1",48.9,11.3,1,268
11,12.1,"1","1",67.5,16.3,1,297
11,9,"0","1",51.1,14.4,1,298
11,10.4,"1","0",33.7,9,1,347
11,11.6,"1","0",46.7,9,1,358
11,13.9,"1","0",69.2,13,1,375
11,3.2,"1","1",53.8,10,1,377
11,13.8,"1","0",63.5,12.2,1,387
11,7,"0","0",54.2,9.6,1,403
11,9,"0","1",51.1,14.4,1,412
11,15.6,"1","0",47.7,10.4,1,427
11,11.5,"1","1",57.2,14.6,1,497
11,14.4,"1","1",31.9,6.9,1,528
11,3.2,"2","1",69.1,23.6,1,535
11,11.6,"1","0",46.7,9,1,558
11,15.6,"1","0",47.7,10.4,1,603
11,19.6,"0","1",58.4,14,1,619
11,12.2,"1","0",53.3,13.5,1,621
11,17.9,"2","0",33.2,-0.2,1,664
11,2.4,"2","1",35.7,13.9,1,670
11,1,"1","0",37.7,12.7,1,676
11,12.8,"0","1",40,3.3,1,691
11,14.4,"1","1",33.8,6.7,1,709
11,4.7,"2","1",30.8,9.9,1,712
11,7,"0","0",54.2,9.6,1,716
11,0.2,"0","1",23,3.2,1,727
11,2.4,"2","1",35.7,13.9,1,730
11,18.1,"2","1",22.7,0.9,1,733
11,2.9,"2","1",36.2,12.3,1,746
11,14.4,"1","1",31.9,6.9,1,773
11,12.8,"0","1",40,3.3,1,827
11,1.4,"0","0",37.1,5,1,888
11,1.2,"1","0",37,9.4,0,901
11,17.6,"0","1",66.4,13.4,0,927
11,7,"0","0",54.2,9.6,1,943
11,11.5,"1","1",57.2,14.6,1,960
11,9.2,"1","1",48.9,11.3,1,974
11,18.7,"1","1",21.5,3.1,1,975
11,19.2,"2","1",52.9,5.9,1,978
11,19.6,"0","1",58.4,14,1,1026
11,14.4,"1","1",31.9,6.9,1,1057
11,12.7,"1","0",34.5,6.6,1,1087
11,2.5,"0","0",59.2,12.8,1,1111
11,18.7,"1","1",21.5,3.1,1,1138
11,14.4,"1","1",33.8,6.7,1,1144
11,13.9,"1","0",69.2,13,1,1228
11,12.2,"1","0",53.3,13.5,1,1239
11,0.2,"1","0",61.7,15.5,1,1336
11,11.6,"1","1",66.9,12.4,0,1353
11,13.9,"1","0",69.2,13,1,1359
11,0.2,"1","0",61.7,15.5,1,1372
11,16.2,"2","0",28.7,0.4,1,1385
11,12.7,"1","0",34.5,6.6,1,1396
11,2.9,"2","1",36.2,12.3,1,1399
11,19.2,"2","1",52.9,5.9,1,1436
11,3.1,"1","1",22.8,4,1,1548
11,7.3,"1","0",24.6,6.3,1,1593
11,12.9,"1","1",64,14.7,0,1646
12,14.9,"0","0",37.4,7.7,0,5
12,10.7,"0","0",68.3,21.1,0,18
12,8.9,"1","1",21.4,10.7,0,51
12,3.6,"1","1",36.4,21.8,0,53
12,14.8,"1","0",57.6,14.5,0,85
12,10,"1","0",45.5,13.8,0,95
12,7.6,"2","0",20.9,14.7,0,102
12,18.6,"0","0",38.6,10.5,0,121
12,14.9,"2","1",62.7,9.3,0,137
12,5.4,"0","1",24.2,9.7,0,214
12,3.1,"2","0",40.3,26.5,0,277
12,14.9,"0","0",37.4,7.7,0,278
12,17.9,"1","1",26.4,1.7,0,382
12,5.6,"2","0",27.2,19.5,0,396
12,9.7,"0","1",45.7,17.7,0,423
12,3.9,"2","1",31,28.7,0,437
12,4.1,"1","0",59.1,27.2,0,462
12,8.4,"1","0",36,13.9,0,493
12,9.8,"2","0",41.1,14.7,1,538
12,9.7,"1","1",23.5,12.9,0,557
12,8.9,"1","1",21.4,10.7,0,567
12,0.7,"0","1",21.6,13.7,0,616
12,2.2,"2","1",22,27.2,0,628
12,13.1,"0","0",25.2,7.9,0,686
12,1.5,"2","1",48.6,26.4,0,690
12,6.7,"1","1",44.5,25.6,0,692
12,10.7,"0","0",68.3,21.1,0,705
12,4.6,"2","0",62.6,29.2,0,722
12,13.1,"0","1",46,11.6,0,771
12,5.4,"0","1",24.2,9.7,0,800
12,19.6,"1","0",67.7,8.6,0,814
12,10,"1","0",45.5,13.8,0,816
12,3.6,"1","1",36.4,21.8,0,841
12,15.7,"2","1",49.8,9,1,913
12,10,"1","0",45.5,13.8,0,916
12,0.4,"1","0",27.6,25,0,947
12,18.8,"0","0",66.8,17.9,0,987
12,1.2,"1","0",23,20.6,0,1043
12,6.7,"1","1",44.5,25.6,0,1066
12,9.1,"2","0",67.5,19.4,0,1077
12,9.1,"2","0",67.5,19.4,0,1099
12,2.2,"2","1",22,27.2,0,1102
12,8,"1","0",45.6,18.3,0,1114
12,1.5,"2","1",48.6,26.4,0,1118
12,11.2,"2","1",49,14.6,0,1170
12,2.1,"0","0",34.8,20.3,0,1184
12,13.9,"1","0",20.3,9.2,0,1203
12,5.6,"2","0",27.2,19.5,0,1282
12,18.7,"1","1",60.1,8.9,0,1300
12,2.1,"0","0",34.8,20.3,0,1312
12,6.9,"2","1",36.6,22.7,0,1390
12,16.7,"1","1",21.1,4.4,0,1392
12,2.2,"2","1",22,27.2,0,1434
12,9.1,"1","1",32.1,12.6,0,1442
12,13.9,"1","0",32.2,9.4,0,1458
12,0.4,"1","0",27.6,25,0,1497
12,9.8,"2","0",41.1,14.7,1,1501
12,10.8,"0","1",61.4,16.6,0,1512
12,2.3,"1","0",28.7,21.2,0,1526
12,0.5,"1","1",45.2,25.1,0,1531
12,8.4,"1","0",36,13.9,0,1587
12,5.4,"0","1",24.2,9.7,0,1604
12,3.1,"2","0",40.3,26.5,0,1627
12,4.4,"1","0",35.2,21.7,0,1634
12,2.3,"1","0",28.7,21.2,0,1693
13,3.6,"0","0",47.3,18.3,0,34
13,1.3,"2","0",44.8,15.8,0,61
13,4.7,"1","0",67.3,20,0,111
13,10,"0","0",48.6,13.8,0,124
13,6.3,"2","0",30.8,12.2,0,143
13,8.2,"0","1",33.1,12.3,0,188
13,2.6,"1","1",43.6,15.1,0,196
13,10,"0","0",48.6,13.8,0,202
13,0.5,"2","1",35.3,11.6,0,242
13,6.2,"1","0",60.4,23.4,0,260
13,15.5,"1","1",32.8,11,0,269
13,4,"1","1",27.2,8.4,0,407
13,0.6,"0","0",36.6,12.9,0,460
13,15.5,"1","1",32.8,11,0,475
13,10,"1","1",35.1,13.7,0,501
13,12.3,"1","1",64.5,20.9,0,511
13,0.5,"2","1",35.3,11.6,0,522
13,7.1,"0","0",34.5,14.2,0,540
13,12.6,"0","1",68.4,21.5,0,556
13,17.8,"1","0",50.6,16.9,0,575
13,14.6,"1","1",53.2,19.3,0,615
13,4.7,"1","0",67.3,20,0,645
13,2.6,"1","1",43.6,15.1,0,663
13,12.6,"0","1",68.4,21.5,0,696
13,5.7,"2","1",29.2,11.4,0,702
13,10,"1","1",35.1,13.7,0,704
13,4.3,"1","0",54.5,16.4,0,742
13,5.4,"0","1",62.2,20.1,0,776
13,17.8,"1","0",50.6,16.9,0,842
13,8.5,"1","1",48.8,19.1,0,852
13,15.5,"1","1",32.8,11,0,853
13,8.2,"0","1",33.1,12.3,0,904
13,18,"1","1",29,14.5,0,919
13,18.7,"0","0",59.6,23.9,0,920
13,5.5,"1","1",48.2,16.4,0,931
13,17.8,"1","0",50.6,16.9,0,935
13,14.8,"2","0",27,18.6,0,940
13,8.2,"0","1",33.1,12.3,0,997
13,7.1,"0","0",34.5,14.2,0,1021
13,4.8,"1","0",68.2,18.9,0,1060
13,4.3,"1","0",54.5,16.4,0,1127
13,19.8,"0","0",49.7,16.1,0,1137
13,14,"0","0",37.5,13.7,0,1165
13,19.4,"1","0",49.5,23.6,0,1173
13,6.5,"1","1",68.1,23.6,0,1181
13,14.8,"2","0",27,18.6,0,1187
13,13.2,"1","0",32,15.3,0,1238
13,1.3,"2","0",44.8,15.8,0,1251
13,4.8,"1","1",43.5,14.9,0,1283
13,13.1,"0","1",28.6,11.4,0,1360
13,0.5,"2","1",35.3,11.6,0,1400
13,4.8,"1","0",68.2,18.9,0,1430
13,4.8,"1","1",43.5,14.9,0,1448
13,10.5,"1","0",62.3,21.3,0,1466
13,16.5,"2","0",50,19.9,0,1471
13,1.3,"2","1",31.1,7.4,0,1498
13,16.5,"2","0",50,19.9,0,1505
13,9,"2","1",33.1,12.2,0,1515
13,10,"2","1",60.7,21.3,0,1524
13,19.8,"0","0",49.7,16.1,0,1540
13,4.7,"1","0",67.3,20,0,1574
13,15.9,"1","1",54.7,24.4,0,1606
13,10.4,"2","1",44.9,13.8,0,1620
13,10,"0","0",48.6,13.8,0,1631
13,9.6,"2","1",20.8,9.5,0,1660
13,5.4,"0","1",62.2,20.1,0,1663
13,12.6,"0","1",68.4,21.5,0,1664
14,4.1,"0","1",46.7,13.5,1,82
14,2.3,"2","1",24,20,1,97
14,16.1,"0","0",38.3,8.8,1,215
14,15,"0","0",47.6,15.3,1,252
14,16,"2","0",53.7,11.3,1,258
14,15,"0","0",47.6,15.3,1,289
14,2.6,"0","0",48.7,18.5,1,404
14,17.2,"1","1",51,13.9,1,451
14,15,"0","0",47.6,15.3,1,471
14,8.3,"1","0",42.8,15.2,0,530
14,16,"2","0",53.7,11.3,1,586
14,17.6,"2","0",42,8.7,1,637
14,1.5,"1","1",47.6,21.2,1,649
14,1.2,"1","0",45.2,21.4,1,679
14,1.2,"1","0",45.2,21.4,1,778
14,2,"1","0",64.4,23.4,0,792
14,17.4,"1","1",28.9,6.7,1,794
14,11.2,"0","0",39.1,13.1,1,857
14,11,"1","1",60.5,19.2,1,896
14,9.3,"2","1",38.5,13.2,1,939
14,15.3,"0","1",36.9,11.3,1,954
14,17.2,"1","1",51,13.9,1,1064
14,1.8,"0","1",26.1,11.9,1,1106
14,11,"1","1",60.5,19.2,1,1110
14,2.9,"2","0",36.3,21.3,1,1133
14,11,"1","1",60.5,19.2,1,1151
14,13,"2","1",68.5,17.3,1,1163
14,2,"1","0",64.4,23.4,0,1164
14,18.1,"0","1",29.3,8.1,1,1180
14,15.3,"1","0",48,14,1,1207
14,13.4,"0","0",64.7,19.7,1,1284
14,1.8,"0","1",26.1,11.9,1,1291
14,7.6,"1","0",69.3,21.2,0,1337
14,13.9,"0","0",25,10,1,1340
14,6.5,"0","1",59.7,16.6,1,1347
14,2.6,"1","0",59.6,23.3,1,1352
14,15.3,"0","1",36.9,11.3,1,1414
14,15.3,"1","0",48,14,1,1435
14,10.1,"2","0",44.7,13.7,1,1455
14,1.5,"1","1",47.6,21.2,1,1502
14,1.8,"0","1",26.1,11.9,1,1513
14,9.3,"2","1",38.5,13.2,1,1553
14,1.8,"0","1",26.1,11.9,1,1576
14,10.5,"2","1",33.9,11,1,1579
14,14.5,"0","0",47.3,13.3,1,1582
14,4.1,"0","1",46.7,13.5,1,1589
14,4,"1","1",46.6,22.5,1,1616
14,6.5,"0","1",59.7,16.6,1,1640
14,18.9,"1","1",59.4,15.1,1,1659
14,1.8,"0","1",26.1,11.9,1,1679
14,18.8,"0","0",65,16.3,1,1688
15,14.5,"0","0",44.6,10.3,0,39
15,7.7,"1","1",29.9,4.7,0,41
15,6.4,"0","1",43.1,6.1,0,56
15,6,"0","1",24.9,5.9,1,112
15,2.7,"1","1",69.9,14,0,113
15,4.6,"1","1",36,5.1,1,119
15,14.4,"2","0",56.8,15.9,0,327
15,6.1,"0","1",53.3,7.8,0,360
15,5.6,"1","0",23.8,0.5,0,394
15,6,"0","1",34.4,3.8,0,435
15,11.6,"2","0",50.6,10.7,0,441
15,0.8,"1","0",57.9,9.5,0,467
15,10.7,"1","1",65.4,13.1,0,499
15,13.8,"1","0",59.9,9.4,1,508
15,19.5,"1","0",35,5.3,0,532
15,3,"1","1",46.2,7.8,0,550
15,6.4,"0","1",43.1,6.1,0,566
15,6.9,"1","1",40,7.9,1,602
15,15.1,"2","0",25.3,4.3,0,617
15,7.7,"1","1",29.9,4.7,0,635
15,16.3,"0","0",55.7,10.1,0,662
15,3.5,"1","0",24,4.4,0,685
15,5.5,"1","0",56.4,11.5,0,710
15,3.3,"1","1",24,1.5,0,741
15,2.7,"1","1",69.9,14,0,762
15,15.3,"0","0",42.9,6.2,0,791
15,14.1,"1","0",41.6,7.4,1,858
15,1.4,"2","0",33.3,3.1,0,865
15,6,"0","1",34.4,3.8,0,890
15,8.2,"2","0",34.1,2.8,0,914
15,15.7,"1","1",51.1,7.7,0,922
15,6.9,"2","0",66.3,13.7,0,938
15,2.7,"1","1",69.9,14,0,950
15,12.4,"0","0",29.5,4.9,0,951
15,0.7,"0","0",59.2,5.6,0,952
15,14.1,"0","1",69.3,17,0,1002
15,1.8,"1","1",56.6,8,0,1003
15,4.6,"1","1",36,5.1,1,1012
15,5.9,"2","0",68.9,16,0,1018
15,3.8,"0","1",55.8,9.7,0,1020
15,5.6,"1","0",23.8,0.5,0,1056
15,15,"1","1",56.1,5.5,0,1058
15,1.2,"0","0",31.8,0.6,0,1136
15,3.8,"0","1",55.8,9.7,0,1179
15,19.5,"1","0",35,5.3,0,1206
15,19.5,"1","0",35,5.3,0,1236
15,0.7,"1","0",32.8,0,0,1250
15,15.1,"2","0",25.3,4.3,0,1253
15,14.5,"0","0",44.6,10.3,0,1258
15,7.1,"0","0",47.9,10.8,0,1326
15,1.4,"2","0",33.3,3.1,0,1342
15,10.7,"1","1",65.4,13.1,0,1413
15,6.4,"0","1",43.1,6.1,0,1453
15,2.8,"1","0",39.4,6.4,0,1454
15,11.6,"2","0",50.6,10.7,0,1464
15,2.7,"1","1",69.9,14,0,1489
15,15.3,"0","0",42.9,6.2,0,1523
15,19,"1","1",38,3.4,1,1525
15,9.7,"1","1",67.1,8.8,0,1580
15,6.6,"1","0",39.7,3.4,0,1661
15,11.6,"2","0",50.6,10.7,0,1678
15,7.2,"1","1",32.8,7.8,0,1681
16,18.6,"0","1",38.2,6.9,1,21
16,10.6,"1","0",63.9,19.7,1,23
16,18,"0","0",29.4,8.6,1,55
16,1.6,"1","0",44.1,16.3,0,72
16,8.8,"0","1",61.5,19.9,1,92
16,9.9,"1","0",69.4,22.5,1,131
16,4.2,"0","1",46.6,18.1,1,164
16,3.1,"2","1",32.3,21.1,1,233
16,10.8,"2","0",27.5,8.7,1,240
16,0.7,"2","1",44,22.6,1,256
16,4.1,"0","1",58.6,20.9,1,284
16,16.7,"0","0",44.2,11.8,1,333
16,17.3,"0","0",53.6,13.8,1,335
16,4.2,"0","1",46.6,18.1,1,336
16,2.1,"2","0",26,21.6,1,348
16,7.1,"0","1",61.3,18.7,0,350
16,17.4,"0","0",27.4,4.3,1,368
16,14.6,"2","1",28.4,6.7,1,376
16,12.7,"1","0",58.6,16.2,1,383
16,4.1,"2","1",60,26.6,1,390
16,7.1,"0","1",61.3,18.7,0,399
16,10,"1","1",20.2,3.5,1,401
16,14.6,"2","1",28.4,6.7,1,408
16,18.6,"0","1",38.2,6.9,1,413
16,18.5,"1","1",55.6,8.9,1,415
16,17.4,"0","0",27.4,4.3,1,429
16,15.9,"1","0",66.8,14.3,1,453
16,7.8,"2","1",26.2,12.8,1,486
16,8.3,"0","1",67.4,22.4,1,490
16,20,"0","0",29.3,5.8,1,542
16,12.7,"1","0",58.6,16.2,1,555
16,18,"0","1",40.7,8,1,574
16,8.8,"0","1",61.5,19.9,1,598
16,9.8,"1","1",43.7,12.7,1,654
16,18,"0","1",40.7,8,1,782
16,7.1,"0","1",61.3,18.7,0,785
16,3.1,"2","1",32.3,21.1,1,809
16,1.4,"0","1",28.4,11.6,1,825
16,1.4,"0","1",28.4,11.6,1,856
16,20,"0","0",29.3,5.8,1,898
16,3.6,"2","1",68.8,27.7,0,906
16,9.6,"0","1",37.5,13.5,1,1024
16,12.3,"2","1",36.8,9.3,1,1030
16,10,"1","1",20.2,3.5,1,1037
16,18,"0","1",40.7,8,1,1040
16,17.5,"1","0",22,0.7,1,1109
16,4.1,"0","1",58.6,20.9,1,1149
16,6.3,"2","0",28,10.2,1,1159
16,19.4,"2","1",50.8,2.9,1,1205
16,0.9,"1","0",68.9,26.4,1,1269
16,1.5,"1","1",26.7,16.3,1,1279
16,7.5,"1","1",61.4,19.4,1,1302
16,20,"0","0",29.3,5.8,1,1309
16,1.1,"0","1",25.6,13.5,1,1315
16,12.1,"1","1",64.5,18.6,1,1322
16,1.9,"2","1",36.2,21,1,1325
16,10,"1","1",20.2,3.5,1,1355
16,18.5,"1","1",55.6,8.9,1,1386
16,2.1,"2","0",26,21.6,1,1387
16,18.5,"1","1",55.6,8.9,1,1416
16,8.5,"2","1",28.9,10.7,1,1424
16,15.3,"1","1",42.5,10.3,1,1438
16,20,"1","1",69.3,14.3,1,1445
16,1.4,"0","1",28.4,11.6,1,1459
16,1.4,"0","1",28.4,11.6,1,1461
16,12.4,"2","0",33.3,10.3,1,1475
16,9.6,"0","1",37.5,13.5,1,1493
16,8.3,"0","1",67.4,22.4,1,1510
16,20,"0","0",29.3,5.8,1,1573
16,8.7,"2","0",22.3,6,1,1612
16,4.5,"2","1",50.9,20.7,1,1617
16,13.9,"2","1",32.9,7.3,1,1622
16,1.9,"2","1",36.2,21,1,1648
16,10.8,"2","0",27.5,8.7,1,1671
16,20,"1","1",69.3,14.3,1,1685
16,9,"1","0",44.8,16,1,1687
17,11.7,"1","1",45.4,13.3,0,35
17,7.7,"1","0",60.3,18.1,0,140
17,2.1,"1","0",28.3,18.7,0,180
17,19.2,"1","1",48.9,9.5,0,185
17,2.3,"2","1",23.1,20.2,0,224
17,18.4,"1","1",40.8,10.1,0,235
17,0.7,"1","0",29.8,19.6,0,246
17,19.5,"0","1",24.2,6.5,1,288
17,8.9,"1","0",45.2,16.3,0,300
17,11.8,"2","0",49.3,13.3,0,306
17,4.7,"1","0",46.4,22.6,0,308
17,2.1,"1","0",28.3,18.7,0,317
17,5.9,"2","0",30.4,18.6,0,341
17,7.7,"1","0",29.8,10.4,0,346
17,11.3,"0","1",54.5,16.5,0,356
17,3.4,"0","0",42.2,16.4,0,406
17,5.9,"0","0",22.7,14.4,0,488
17,14.3,"0","1",67.7,13.9,0,503
17,3.4,"0","0",42.2,16.4,0,509
17,13,"1","0",23.4,8.8,0,517
17,11.7,"1","1",45.4,13.3,0,539
17,11.8,"2","1",38.6,10.4,0,543
17,3.9,"0","1",24,12.1,0,544
17,10.4,"0","1",35.2,13.8,0,563
17,1.7,"1","0",28.7,20.4,0,579
17,17.7,"0","1",52.5,12.8,0,620
17,18,"1","0",46.4,12.8,0,646
17,6.9,"1","0",66.6,23.6,0,786
17,8.9,"2","0",33.7,16.6,0,795
17,0.5,"1","1",63.6,30.8,0,871
17,4.1,"2","0",25.8,17.7,0,897
17,8.9,"2","0",33.7,16.6,0,917
17,10.3,"0","0",63.9,18.5,0,965
17,5.9,"0","0",22.7,14.4,0,968
17,5.9,"0","0",22.7,14.4,0,1032
17,18.8,"1","1",20,4.7,0,1063
17,3.8,"1","0",61.3,24.6,0,1069
17,17.7,"0","1",52.5,12.8,0,1107
17,10,"0","0",47.2,16.1,0,1113
17,13,"1","0",23.4,8.8,0,1145
17,18.9,"2","0",53.7,12.2,0,1155
17,10.4,"0","1",35.2,13.8,0,1158
17,13,"1","0",23.4,8.8,0,1177
17,5.9,"1","0",42.9,14.3,0,1223
17,7.7,"1","0",60.3,18.1,0,1229
17,5.9,"1","0",42.9,14.3,0,1241
17,10,"0","0",47.2,16.1,0,1272
17,14.9,"1","1",49.8,15.8,0,1278
17,9.4,"1","0",51.8,16.2,0,1303
17,17.3,"1","0",51.9,16.5,0,1304
17,5.9,"2","0",30.4,18.6,0,1306
17,12.5,"1","1",49.6,13.5,0,1348
17,18,"1","0",46.4,12.8,0,1371
17,5.5,"1","0",69.6,22.7,0,1402
17,7.7,"1","0",60.3,18.1,0,1403
17,9.2,"1","1",53.4,17,0,1468
17,4,"0","1",44,21.3,0,1473
17,11.7,"2","0",42.4,12.9,0,1561
17,5.9,"2","0",30.4,18.6,0,1563
17,8.5,"0","0",54.2,17.8,0,1575
17,7.5,"1","1",37.6,16.2,0,1590
17,11.7,"1","1",45.4,13.3,0,1599
17,9.2,"1","1",53.4,17,0,1637
17,4,"0","1",44,21.3,0,1672
17,16.3,"1","0",57.8,13,0,1700
18,9.5,"0","0",26.8,10.1,0,2
18,3.5,"0","0",27.8,12.1,0,10
18,12.6,"0","1",49.3,14.2,0,19
18,12.5,"0","0",63.3,17.7,0,59
18,9.8,"1","1",49.9,11.3,0,68
18,9.3,"2","0",63.9,19.4,0,74
18,15.5,"1","1",48.2,7,0,103
18,8.3,"1","0",62.9,17.6,0,127
18,10.1,"1","0",68,16.9,0,141
18,9,"1","0",67.2,16.3,0,148
18,15.5,"1","1",48.2,7,0,152
18,9,"1","0",67.2,16.3,0,160
18,9.3,"2","0",63.9,19.4,0,229
18,7.3,"2","0",44.1,17.5,0,253
18,8.7,"0","0",33.5,10,0,272
18,8.3,"1","0",62.9,17.6,0,291
18,10.6,"1","0",21.9,10.1,0,304
18,19,"1","1",38.4,2,0,310
18,3.9,"1","0",60.2,21.7,0,321
18,7.5,"0","0",26.4,4.8,0,343
18,9.5,"0","0",26.8,10.1,0,344
18,15.6,"1","1",42.2,5.9,0,364
18,0.4,"1","1",54,25.3,0,379
18,9,"2","0",61.8,18.3,0,439
18,9,"2","0",61.8,18.3,0,463
18,11.2,"0","1",64,16.6,0,469
18,3.5,"0","0",27.8,12.1,0,489
18,12.5,"0","0",63.3,17.7,0,491
18,3.6,"2","1",33.3,16.6,0,515
18,15.5,"1","1",48.2,7,0,525
18,10.6,"1","0",21.9,10.1,0,527
18,16.8,"1","1",52.6,6.6,0,562
18,10.2,"1","0",23.6,7.8,0,599
18,10,"0","0",38.6,7.7,0,608
18,10.1,"1","0",68,16.9,0,609
18,3.9,"1","0",60.2,21.7,0,639
18,5.7,"0","0",28.4,13.2,0,643
18,9,"2","0",61.8,18.3,0,661
18,5.7,"0","0",28.4,13.2,0,687
18,4.4,"1","0",62.3,20.7,0,706
18,17.7,"2","1",41.7,3,0,758
18,15.5,"1","1",43.5,5.2,0,765
18,5.9,"0","0",66.9,21.5,0,767
18,0.3,"1","0",42.3,19.8,0,768
18,0.9,"2","0",67.2,29.8,0,772
18,11.4,"1","0",51.1,14.8,0,801
18,4.4,"1","0",62.3,20.7,0,831
18,19,"1","1",38.4,2,0,839
18,8.5,"0","0",48.6,15.4,0,844
18,16.7,"0","1",32.6,2.4,0,859
18,16.8,"1","1",52.6,6.6,0,870
18,12.5,"0","0",63.3,17.7,0,921
18,9,"2","0",61.8,18.3,0,924
18,3.7,"2","1",53.1,21.8,0,992
18,3.9,"1","0",60.2,21.7,0,994
18,12.3,"1","0",49.9,9.5,0,1017
18,5.9,"0","0",66.9,21.5,0,1036
18,15.6,"1","1",42.2,5.9,0,1044
18,11.2,"0","1",64,16.6,0,1049
18,14.3,"2","0",69.8,12.9,0,1051
18,19,"1","1",38.4,2,0,1075
18,14.3,"1","1",41.3,8.8,0,1097
18,12.4,"0","1",65.8,13.4,0,1116
18,9,"1","0",67.2,16.3,0,1128
18,0.9,"1","0",42.6,17.8,0,1161
18,0.3,"1","0",42.3,19.8,0,1191
18,3.9,"1","0",60.2,21.7,0,1193
18,16,"2","1",47.3,5.6,0,1209
18,3.9,"1","0",60.2,21.7,0,1293
18,3.5,"0","0",62.1,24.8,0,1314
18,0.5,"1","0",36.4,18.5,0,1341
18,12.6,"0","1",49.3,14.2,0,1357
18,14.3,"1","1",41.3,8.8,0,1364
18,0.9,"2","0",67.2,29.8,0,1407
18,7.3,"2","0",44.1,17.5,0,1422
18,16.7,"0","1",32.6,2.4,0,1465
18,18.5,"0","0",54.6,5.7,0,1487
18,7.5,"0","0",26.4,4.8,0,1549
18,7.5,"0","0",26.4,4.8,0,1550
18,3,"0","1",53.7,20.5,0,1559
18,19,"1","1",38.4,2,0,1564
18,0.9,"1","0",42.6,17.8,0,1581
18,16,"2","1",47.3,5.6,0,1618
18,0.4,"1","1",54,25.3,0,1632
19,6.9,"2","1",23.7,12.4,1,79
19,6.4,"2","1",59.6,22.1,0,93
19,12.2,"1","0",43.5,9,0,217
19,19.6,"0","1",41.7,7.6,0,232
19,16.8,"2","1",60.8,9.4,0,241
19,3.7,"1","0",68,26.4,0,250
19,16.8,"2","1",60.8,9.4,0,326
19,11.5,"0","0",67.7,19.2,0,328
19,12.2,"2","0",47,11.3,0,339
19,10.7,"2","0",33.1,10.3,0,378
19,15.8,"2","1",29.1,0.7,1,381
19,12.6,"2","0",29.3,6.7,0,400
19,19.5,"1","0",26.8,-0.3,1,466
19,16,"1","0",32.9,6.7,0,607
19,1.6,"2","1",30.1,17.3,0,614
19,0.8,"1","0",65.4,27.2,0,673
19,11.3,"1","1",52.9,15.4,0,675
19,6.3,"1","0",29.9,13.8,0,689
19,0.8,"1","0",65.4,27.2,0,697
19,3.7,"1","0",68,26.4,0,754
19,7.4,"0","1",65.3,17.9,0,760
19,12.4,"1","0",50.5,13.3,0,788
19,12.2,"2","0",47,11.3,0,830
19,10.9,"1","0",31.8,11.1,0,833
19,1,"2","1",23.5,18.2,0,834
19,19.5,"1","0",26.8,-0.3,1,845
19,6.4,"2","1",59.6,22.1,0,846
19,17.9,"0","1",39.8,6.7,1,861
19,5.6,"0","1",50.1,16.3,0,957
19,16.8,"2","1",60.8,9.4,0,986
19,6.4,"2","1",59.6,22.1,0,996
19,10.9,"1","0",31.8,11.1,0,1006
19,13.2,"1","1",20.6,3.2,0,1010
19,16.8,"2","1",60.8,9.4,0,1014
19,15.7,"0","1",46.4,5,0,1081
19,5.6,"0","1",50.1,16.3,0,1210
19,19.3,"2","0",38.5,2.8,1,1211
19,0.8,"1","0",65.4,27.2,0,1235
19,10.9,"1","0",31.8,11.1,0,1268
19,15.3,"1","0",56.7,10.5,1,1273
19,14.5,"2","1",22.9,6.2,0,1288
19,11.5,"0","0",67.7,19.2,0,1323
19,12.4,"1","0",50.5,13.3,0,1331
19,5.5,"0","0",35.4,15.8,0,1368
19,12.6,"2","0",29.3,6.7,0,1397
19,19.7,"2","1",43.4,3.1,0,1404
19,13.4,"2","0",36.5,12.4,0,1408
19,13,"2","0",52.2,11.5,0,1412
19,12.2,"2","0",47,11.3,0,1444
19,1.7,"2","1",57.1,28,0,1483
19,0.8,"1","0",65.4,27.2,0,1638
19,17.9,"0","1",39.8,6.7,1,1668
19,16,"1","0",32.9,6.7,0,1670
19,19.7,"2","1",43.4,3.1,0,1673
19,3.7,"1","0",68,26.4,0,1698
20,6.7,"2","0",61.9,22.2,0,54
20,5.7,"2","0",50.9,23.9,0,118
20,9.4,"1","0",37.4,15.1,0,147
20,10.4,"1","0",52.4,17.3,0,200
20,9.9,"1","0",36.8,16.5,0,205
20,5.7,"1","0",24.4,16.9,0,237
20,19.1,"0","0",61.6,20.2,0,254
20,1.1,"2","1",66.7,32.9,0,354
20,8.4,"1","1",51.3,21.7,0,365
20,7.1,"2","1",40.5,20.4,0,373
20,15.6,"1","1",43,11.6,0,430
20,14.1,"2","0",68.2,15.2,0,455
20,14.1,"2","0",68.2,15.2,0,456
20,0.4,"1","1",44.9,21.5,0,487
20,13.5,"1","0",26.3,9.3,0,500
20,9.4,"1","0",37.4,15.1,0,545
20,4.7,"1","0",21.1,18.8,0,551
20,5.3,"1","1",38.5,18.7,0,624
20,6.7,"2","0",61.9,22.2,0,736
20,18,"1","1",23.5,4.7,0,748
20,11.7,"1","1",51.8,16.7,0,752
20,4.2,"0","0",32.6,13.2,0,766
20,9.9,"1","0",36.8,16.5,0,789
20,16.9,"2","0",41,7.6,0,873
20,12.2,"0","0",59.2,17.5,0,912
20,18,"1","1",23.5,4.7,0,971
20,4.7,"1","0",21.1,18.8,0,980
20,2,"1","1",42,23.6,0,991
20,7.4,"1","0",44.7,19.8,0,1046
20,7.7,"1","0",69.5,22,0,1047
20,3,"2","0",39.6,28.4,0,1082
20,14.2,"1","1",23.7,11.1,0,1085
20,11.6,"0","1",33.7,11.7,0,1147
20,1.5,"1","1",45,23,0,1153
20,18.5,"1","1",41.3,9.4,0,1162
20,16.6,"2","1",24.4,6,1,1208
20,16.9,"2","0",41,7.6,0,1252
20,12.2,"0","0",59.2,17.5,0,1270
20,1.5,"1","1",45,23,0,1290
20,14.2,"1","1",23.7,11.1,0,1298
20,19.1,"0","0",61.6,20.2,0,1308
20,16,"0","1",49.9,14.7,0,1351
20,7.4,"2","0",55.9,25.2,0,1401
20,5.6,"1","1",65.2,21.2,0,1406
20,4.7,"1","1",60,25,0,1447
20,16.9,"0","0",32.5,9.2,0,1480
20,16.6,"2","1",24.4,6,1,1488
20,6.5,"1","0",69.5,24,0,1528
20,12,"0","1",38.6,13.8,0,1530
20,6.7,"0","1",27.3,10.4,0,1566
20,15,"1","0",39.7,10.7,0,1567
20,7.4,"1","0",44.7,19.8,0,1596
20,3.6,"2","1",42.1,24.2,0,1602
20,15.7,"1","1",47.4,14.6,0,1615
21,7.2,"2","1",44.5,15.9,1,16
21,0.9,"1","1",57.4,18,0,25
21,3.9,"2","1",32.6,11.8,1,30
21,18.3,"2","0",49.6,1.6,1,33
21,18.3,"2","0",49.6,1.6,1,48
21,17.4,"0","1",51,12.8,1,88
21,9.1,"1","1",38.9,11.1,1,99
21,10.3,"2","0",42.5,10.1,1,125
21,2.5,"0","0",69,17,1,149
21,3.9,"2","1",32.6,11.8,1,159
21,3.6,"2","0",66,25.6,1,187
21,1.8,"1","0",53.9,11.8,0,249
21,3.9,"2","1",32.6,11.8,1,293
21,6.3,"1","0",55.9,17.2,1,392
21,0.9,"0","1",69.6,17.9,1,397
21,0.9,"0","1",69.6,17.9,1,410
21,1.8,"1","0",53.9,11.8,0,426
21,8.4,"1","0",64.1,19.4,1,444
21,7.7,"1","1",68.9,19.1,0,446
21,1.8,"2","0",34.4,19.8,1,447
21,0.9,"0","1",69.6,17.9,1,502
21,1.8,"2","0",34.4,19.8,1,524
21,4.4,"1","1",37.7,12.1,1,546
21,10,"1","0",56.6,15.5,1,549
21,14.4,"1","0",38.6,5.2,1,552
21,7.2,"1","1",46.7,14.7,1,560
21,15.2,"0","0",56,15.2,0,627
21,9.7,"2","0",39.5,9.7,1,660
21,15.7,"1","1",55.1,10.2,1,761
21,4.9,"1","1",61.8,15.3,1,821
21,1.2,"0","1",45.6,10.2,1,851
21,16,"0","1",60.6,19.1,1,880
21,3.6,"2","0",66,25.6,1,907
21,4.4,"1","1",37.7,12.1,1,908
21,0.7,"1","0",68.6,20.3,1,930
21,14.1,"2","1",37.8,3.6,1,985
21,9.8,"1","0",67.7,15.6,0,1053
21,5.3,"2","0",68.9,19.1,1,1095
21,16.1,"1","1",64.6,17.2,1,1139
21,4.5,"0","1",49.8,12.3,1,1172
21,16.7,"1","0",65.4,15.1,1,1178
21,11.3,"2","1",31.9,7.3,1,1192
21,1.8,"2","0",34.4,19.8,1,1194
21,14.4,"1","0",22.5,2,1,1198
21,6.4,"0","1",44,11.7,1,1204
21,0.9,"1","1",57.4,18,0,1221
21,18.2,"1","0",69,13.1,1,1246
21,13.6,"1","1",64.5,15.3,1,1260
21,5.5,"1","0",70,18.5,1,1328
21,11.3,"2","1",31.9,7.3,1,1330
21,14.4,"1","0",22.5,2,1,1332
21,16.7,"1","0",65.4,15.1,1,1366
21,14.1,"2","1",37.8,3.6,1,1420
21,16,"0","1",60.6,19.1,1,1428
21,15,"0","0",21.2,4.7,1,1431
21,7.2,"2","1",44.5,15.9,1,1443
21,10,"1","0",56.6,15.5,1,1452
21,16,"1","1",41.7,9.9,1,1462
21,3.2,"1","0",29.1,10.5,1,1479
21,4.4,"1","1",37.7,12.1,1,1481
21,12.1,"1","1",59.8,14.7,1,1516
21,8.5,"0","0",40.3,11.3,1,1527
21,4.9,"1","1",61.8,15.3,1,1529
21,10.3,"2","0",42.5,10.1,1,1539
21,17.4,"0","1",51.9,15.5,1,1556
21,6.6,"1","0",46.5,10.8,1,1562
21,5.3,"1","0",34.1,8.9,1,1586
21,6.6,"1","0",46.5,10.8,1,1592
21,3.9,"2","1",32.6,11.8,1,1613
21,9.1,"1","1",38.9,11.1,1,1621
21,9.8,"1","0",67.7,15.6,0,1628
21,11.3,"2","1",31.9,7.3,1,1652
22,12,"0","0",51.1,7.8,1,7
22,4.4,"2","1",41.9,14.3,1,40
22,11.4,"0","1",39.7,5.4,1,45
22,12,"0","0",51.1,7.8,1,67
22,19.6,"1","0",50.6,-1.6,1,73
22,2.7,"0","0",68,14.4,1,123
22,10.4,"1","1",48.5,8.5,1,128
22,14.1,"2","0",62.1,2.3,1,135
22,1.7,"1","0",53.2,18.4,1,139
22,14.1,"2","0",62.1,2.3,1,167
22,3.4,"1","0",54.8,14.9,1,181
22,9.6,"0","1",40.1,7,1,225
22,7.2,"1","0",62.8,12.7,1,227
22,19.3,"2","1",31.6,-21.5,1,248
22,0.1,"2","0",61.5,31.2,0,267
22,4.8,"1","1",48.9,15.2,0,329
22,2.3,"2","0",32.7,17.2,1,402
22,7.8,"0","0",28.8,3.3,1,411
22,14.6,"1","0",69.2,8.2,1,438
22,5.9,"0","0",63.8,10.9,0,459
22,7.6,"1","1",62.8,12.9,1,465
22,5.8,"1","1",69.4,18.6,0,474
22,9.2,"2","0",67,13.6,1,477
22,9.2,"1","0",52.2,8.8,1,485
22,7.5,"0","0",51.3,6.7,1,492
22,11.1,"1","0",21.8,2.4,1,494
22,7.1,"0","1",54.3,10.2,1,518
22,14.6,"1","0",69.2,8.2,1,531
22,4.2,"1","1",55.6,15.3,1,587
22,12.9,"1","1",44.8,-0.3,1,588
22,4.2,"1","1",55.6,15.3,1,622
22,2.1,"2","0",38.5,20.8,1,636
22,3.4,"1","0",54.8,14.9,1,653
22,17.6,"1","1",38.9,-4.6,1,681
22,11.4,"0","1",39.7,5.4,1,876
22,7.8,"0","0",28.8,3.3,1,881
22,3.2,"2","1",45.1,18,1,886
22,4.4,"2","1",41.9,14.3,1,894
22,2.1,"2","0",38.5,20.8,1,923
22,16.7,"2","1",38,-11,1,925
22,17.6,"1","1",38.9,-4.6,1,932
22,19.4,"2","1",52.8,-12.1,1,1045
22,13.3,"1","0",34.5,-0.6,1,1122
22,7.1,"0","1",54.3,10.2,1,1202
22,19.6,"1","0",50.6,-1.6,1,1216
22,16.3,"0","1",22.2,-1.5,1,1243
22,11.4,"0","1",39.7,5.4,1,1249
22,2.9,"1","0",68.6,19.4,0,1292
22,16.7,"2","1",55.2,-6.5,1,1305
22,6.3,"1","1",55.2,10.5,0,1327
22,12.9,"1","1",44.8,-0.3,1,1358
22,16.3,"0","1",22.2,-1.5,1,1378
22,7.8,"0","0",28.8,3.3,1,1425
22,2.7,"0","0",68,14.4,1,1542
22,14.6,"1","0",69.2,8.2,1,1544
22,7.2,"1","0",62.8,12.7,1,1585
22,7.1,"2","0",62.2,19.4,1,1598
22,2.7,"0","0",68,14.4,1,1610
22,8.7,"0","0",60.9,10.3,1,1649
22,19.3,"2","1",31.6,-21.5,1,1674
22,6.3,"0","0",41.9,3.7,1,1689
22,6.3,"0","0",41.9,3.7,1,1691
23,12.6,"1","1",20.7,10.3,1,31
23,14.3,"1","0",35.9,13.8,1,117
23,7,"2","1",23.7,14.5,1,126
23,14.3,"1","0",35.9,13.8,1,129
23,16,"2","1",26.5,8.5,1,170
23,4.4,"1","1",60,22.3,0,182
23,18.7,"1","0",39.5,8.7,0,294
23,2.4,"1","0",36.2,17.5,0,338
23,13.2,"2","0",45.3,14.7,1,369
23,2.5,"0","0",63.3,23.2,1,434
23,16.1,"1","1",35,11.9,1,464
23,16,"1","0",22.6,9.7,1,472
23,20,"2","1",30.4,4.6,1,519
23,16,"2","1",26.5,8.5,1,594
23,2.5,"0","0",63.3,23.2,1,604
23,4.3,"2","1",59.8,24.3,0,641
23,12,"1","0",58.1,18.6,0,683
23,10,"1","1",28.4,13,1,700
23,18.8,"1","0",65.8,16.9,1,731
23,0.1,"0","1",28.4,14.6,1,745
23,12.6,"1","1",35,13.6,1,751
23,12.6,"1","1",20.7,10.3,1,787
23,4.5,"2","1",31.4,18.3,0,806
23,16.7,"1","0",31.4,10.3,1,822
23,2.4,"1","0",36.2,17.5,0,824
23,7,"2","1",23.7,14.5,1,828
23,16.1,"1","1",35,11.9,1,869
23,12.6,"1","1",35,13.6,1,874
23,7.3,"0","1",24.6,16,1,884
23,11.1,"1","1",21.2,12.3,1,893
23,15.8,"2","0",62.5,12.6,1,926
23,12,"1","0",58.1,18.6,0,929
23,12.6,"1","1",20.7,10.3,1,942
23,4.3,"2","1",42.2,17.6,1,1088
23,16,"1","0",22.6,9.7,1,1126
23,16,"2","1",26.5,8.5,1,1160
23,12.9,"1","0",35.9,12.9,1,1166
23,16,"2","1",26.5,8.5,1,1200
23,5.4,"0","1",53,21.2,0,1215
23,11.1,"2","1",54.3,18.9,0,1217
23,9.9,"0","0",40,16.8,1,1218
23,12.5,"0","1",51.3,16.8,1,1219
23,20,"2","1",30.4,4.6,1,1222
23,15.4,"2","0",43.3,12.3,0,1254
23,18.7,"1","0",39.5,8.7,0,1263
23,16.7,"1","0",31.4,10.3,1,1266
23,14.8,"1","0",37.8,13.1,1,1297
23,15.6,"1","0",69.3,21.8,1,1299
23,15.6,"1","0",69.3,21.8,1,1313
23,16.1,"1","1",35,11.9,1,1324
23,4.3,"2","1",59.8,24.3,0,1329
23,15.8,"2","0",62.5,12.6,1,1345
23,2.3,"1","1",66.3,27.3,0,1361
23,0.7,"1","0",48.1,23.3,0,1376
23,16,"1","0",22.6,9.7,1,1389
23,12.3,"0","0",68.1,19.9,0,1393
23,2.5,"0","0",63.3,23.2,1,1477
23,8.2,"0","1",35,16.7,1,1495
23,2.3,"2","1",27.7,16.9,1,1506
23,8.5,"1","0",54,21.6,0,1507
23,6,"2","1",29.8,14.6,0,1514
23,5.9,"1","1",24,14.4,1,1572
23,6.1,"1","0",56,24,0,1591
23,16.1,"1","1",35,11.9,1,1600
23,16.7,"1","0",31.4,10.3,1,1607
24,0.7,"1","1",59,35.2,0,47
24,6.9,"2","0",27.6,23.1,1,52
24,9.9,"1","0",21.6,12.5,1,64
24,3.1,"1","0",57.9,31.1,1,70
24,4.8,"2","0",57.4,29.3,1,91
24,13.5,"1","1",26.6,10.6,1,134
24,15.2,"1","1",30.3,10.2,1,145
24,18.1,"1","1",26.3,-0.1,1,158
24,6.6,"1","0",60.8,26,0,174
24,9.1,"0","0",31.3,17.8,1,218
24,5,"0","1",45.7,19.3,1,239
24,15.1,"2","1",22.4,4.3,1,259
24,14.5,"0","0",64.2,21.6,1,261
24,2.5,"1","0",48.6,31.4,1,299
24,10.8,"1","0",51.4,16.9,1,305
24,3.5,"1","0",67.4,29.1,0,309
24,10.7,"0","0",68.4,21.6,1,367
24,2.6,"1","1",49.7,26,1,393
24,6.8,"1","0",36.9,24.6,1,428
24,16.8,"2","0",31.5,1.9,1,433
24,5,"0","1",45.7,19.3,1,445
24,15.1,"2","1",22.4,4.3,1,448
24,7.4,"1","0",48.8,20.4,1,483
24,18,"0","1",64,20.7,1,507
24,18.7,"1","0",27.6,4.3,1,512
24,6.8,"1","0",36.9,24.6,1,514
24,11,"1","1",66.2,21,1,529
24,15.2,"1","1",30.3,10.2,1,669
24,6.9,"2","0",27.6,23.1,1,723
24,4.3,"0","1",60.7,21.1,1,724
24,10.8,"1","0",51.4,16.9,1,735
24,16.7,"1","0",36.9,7.9,1,740
24,0.3,"1","0",38.5,28,1,764
24,0.6,"2","0",23.8,35.7,1,790
24,18.7,"1","0",27.6,4.3,1,812
24,2.3,"1","0",41.3,28,1,820
24,11,"1","1",66.2,21,1,832
24,2.6,"1","1",49.7,26,1,895
24,4.9,"1","0",65.9,34.4,1,953
24,11,"1","1",66.2,21,1,970
24,15.1,"2","1",22.4,4.3,1,1016
24,1.2,"1","0",24,25.2,1,1050
24,0.3,"1","0",38.5,28,1,1076
24,9.7,"0","1",57.1,22.2,1,1089
24,0.4,"1","1",41.2,30.2,1,1157
24,18.7,"1","0",27.6,4.3,1,1196
24,6.9,"2","0",27.6,23.1,1,1201
24,5.9,"0","1",33.1,18,1,1212
24,1.2,"1","0",24,25.2,1,1237
24,18,"0","1",64,20.7,1,1256
24,0.7,"1","1",59,35.2,0,1280
24,0,"2","0",33.5,36.9,0,1289
24,7.9,"0","1",41.4,18.1,1,1296
24,2.5,"1","0",48.6,31.4,1,1343
24,14.3,"1","0",20.4,8.4,1,1394
24,15.1,"2","1",22.4,4.3,1,1415
24,5.9,"0","1",33.1,18,1,1418
24,0.7,"1","1",59,35.2,0,1432
24,17.5,"1","1",56.4,7.1,1,1496
24,11.2,"1","0",28.5,12.8,1,1570
24,6.8,"1","1",38.5,21.9,1,1611
24,6.1,"0","0",51.2,23.1,1,1629
24,6.8,"0","1",62.9,22,1,1633
24,19.9,"1","1",45.2,5.3,1,1636
24,5.5,"2","1",66.2,30.1,0,1644
24,0.6,"2","0",23.8,35.7,1,1655
24,6.8,"1","0",36.9,24.6,1,1667
24,4.8,"2","0",57.4,29.3,1,1669
24,7,"1","0",67.5,29.7,1,1680
24,18.1,"1","1",26.3,-0.1,1,1683
24,11.9,"2","0",31.6,12.6,1,1695
25,6.2,"1","1",33.2,10,0,1
25,11.4,"1","1",31.8,2.5,1,9
25,12.9,"1","0",20.6,-0.8,0,15
25,18,"2","1",29.7,-8.9,0,37
25,17.8,"1","1",40.2,-3.1,0,49
25,1.4,"1","0",55.9,26.2,0,104
25,6.4,"1","0",44.4,14.1,0,106
25,1.4,"1","1",46.9,25.5,0,108
25,7.3,"1","1",43.8,14.1,1,146
25,8.6,"2","0",48,12.3,0,168
25,10.2,"1","0",56.7,13.9,0,175
25,12.2,"1","1",53.9,7.8,0,176
25,1.4,"1","0",55.9,26.2,0,201
25,8,"2","0",59.9,16.9,0,275
25,12.2,"1","1",53.9,7.8,0,276
25,6.7,"1","0",33.5,11.1,1,287
25,2.1,"2","0",52.2,27.9,0,322
25,13.2,"2","0",29.2,0.2,0,334
25,8.7,"1","1",32.8,6.2,0,357
25,13.6,"2","1",59,3.8,0,409
25,1.4,"1","1",46.9,25.5,0,495
25,12.5,"2","0",48.7,5.7,1,523
25,10.8,"2","1",48.2,10.6,1,534
25,17.8,"1","1",40.2,-3.1,0,568
25,8.6,"1","1",43.3,13.6,0,583
25,10.2,"1","0",56.7,13.9,0,593
25,8.6,"2","0",48,12.3,0,610
25,7.3,"1","1",43.8,14.1,1,613
25,13.9,"1","0",52.8,4.6,0,633
25,10.8,"2","1",48.2,10.6,1,638
25,18,"2","1",29.7,-8.9,0,655
25,4.6,"0","1",24.5,12.5,0,666
25,0.1,"1","0",56.6,33.3,0,694
25,1.3,"1","1",54.9,28.6,0,701
25,17.3,"1","1",54.2,-1.6,0,757
25,15.1,"1","1",30,0.6,0,775
25,11,"0","1",49.2,10.4,0,783
25,12.9,"1","0",20.6,-0.8,0,796
25,10,"1","1",64,15.2,0,802
25,1,"1","0",57.9,26.1,0,835
25,6.5,"1","0",68.2,18.8,0,847
25,3.3,"2","1",58.6,24.4,1,863
25,4.6,"0","1",24.5,12.5,0,885
25,11.4,"1","1",31.8,2.5,1,941
25,2.8,"2","0",59.9,27.7,0,945
25,9.4,"1","0",37.3,10.8,1,949
25,10.4,"1","1",60.7,14.3,0,961
25,8.9,"2","0",20.9,8.1,1,982
25,9.6,"1","0",48.5,13,0,1015
25,6.5,"1","0",68.2,18.8,0,1080
25,12.4,"1","0",50.4,4.4,0,1105
25,1.4,"1","0",55.9,26.2,0,1125
25,6.3,"2","1",29.4,12.3,0,1175
25,17.2,"1","1",56.9,-0.6,1,1301
25,11.9,"0","0",31.1,5.3,0,1316
25,8.6,"1","1",43.3,13.6,0,1382
25,4.6,"0","1",24.5,12.5,0,1426
25,8.9,"2","0",20.9,8.1,1,1469
25,10.8,"2","1",48.2,10.6,1,1485
25,8.1,"1","1",54.2,16.9,0,1520
25,10.4,"1","1",60.7,14.3,0,1541
25,11.4,"1","1",31.8,2.5,1,1545
25,8.1,"1","1",54.2,16.9,0,1557
25,10.2,"1","0",56.7,13.9,0,1558
25,8,"2","0",59.9,16.9,0,1584
25,2.8,"2","0",59.9,27.7,0,1623
25,6.2,"1","1",33.2,10,0,1626
