"obs","ybin","ypoi","yord","ycont","x","w","z","cluster"
1,0,2,4,4.0306361520844,41.9,-1,0.175874515522206,1
2,1,1,2,-6.46959801384581,36.6,-1,-0.00107018980507641,1
3,0,2,5,8.91413268930089,38,-1,-0.169594496834027,1
4,1,1,1,-8.31129330130646,30.9,-1,-0.46290352329597,1
5,1,1,1,-9.70259736749975,28.7,-1,0.982466882753114,1
6,0,3,4,2.68552916311843,31.4,-1,-0.0994399651770782,1
7,0,0,4,2.41753931155311,34.2,-1,0.065372208750914,1
8,1,1,2,-3.2947521956585,38.5,-1,3.13358655720289,1
9,1,0,2,-4.66581818531022,28.3,-1,-1.78027490962525,1
10,1,0,3,-1.3341726685935,31.1,-1,-0.614422474105345,1
11,0,1,3,1.80021480799423,33.6,-1,1.28184580157905,1
12,1,2,3,-2.18303805011397,30.4,-1,0.810630776651292,1
13,0,2,4,4.2791371249531,31.7,-1,1.26987143587088,1
14,0,1,3,1.42236815566363,36,-1,0.620894035615697,1
15,0,2,4,6.20264137918664,40.1,-1,0.147885166380224,1
16,1,1,2,-7.31135456497768,26.9,-1,-0.273363740298898,1
17,1,1,2,-5.44220107588868,37.8,-1,-0.267004918901597,1
18,0,0,4,4.29553924134977,39.3,-1,-2.76531478414539,1
19,1,1,2,-3.0383803655079,36.3,-1,0.326202843521292,1
20,0,1,4,4.05732445181999,36.4,-1,-0.250994984789636,1
21,1,0,2,-3.49185160065019,33.4,-1,-0.0644755806256846,1
22,1,1,3,-0.767580144048677,35.9,-1,-1.23181699122973,1
23,1,1,3,-1.41906034409324,40.1,-1,-0.873831632315437,1
24,1,1,2,-5.43435143397001,28.6,-1,1.47994468812748,1
25,1,1,2,-6.27695126418773,27.4,1,-0.470534276018519,1
26,0,2,4,6.1821539266838,37.9,1,0.609888309344386,1
27,0,2,5,11.9408298827677,39.1,1,-1.66393655058834,1
28,0,1,5,8.997691452968,36.3,1,-0.0229149015289382,1
29,1,0,1,-12.225318637993,22.5,1,0.354116571376258,1
30,1,0,2,-4.34118871947373,28.7,1,-0.272296909402293,1
31,0,1,4,4.01146300046807,33.9,1,1.49254416575378,1
32,0,4,5,10.8613756803677,39.5,1,-0.00597731348078818,1
33,1,0,2,-6.38258419352749,31.1,1,0.403021539396426,1
34,1,0,2,-3.561583062389,32.5,1,0.534492615016595,1
35,0,0,4,7.19717240899196,38.7,1,1.07695077109973,1
36,0,3,5,9.49588839640453,43.1,1,-1.3914077789479,1
37,0,2,3,1.93079819496688,31.7,1,0.302269110181894,1
38,1,1,2,-5.8675343337353,29.1,1,-0.83404782490678,1
39,0,1,5,8.2792646336003,34.6,1,-0.824290292161458,1
40,0,3,5,12.1025280031766,45.9,1,0.329855825459509,1
41,1,0,2,-3.33212137940564,31.6,1,0.973964785393376,1
42,0,0,4,6.7874854268369,42.2,1,-0.709056785891698,1
43,0,4,4,6.8103022311353,40.5,1,0.670063143919547,1
44,0,3,5,8.4706731728247,38.4,1,-1.11896818865616,1
45,1,0,2,-3.66424346140666,34.3,1,0.494748968952484,1
46,1,1,3,-0.587589873849666,33.7,1,-1.30335457857985,1
47,1,0,2,-5.10696117288932,25.9,1,0.873409727617592,1
48,0,2,4,2.48679098841418,33.7,1,-0.424981181742242,1
1,1,0,4,-3.2101106698466,42.9,-1,-0.669756368468991,2
2,1,3,3,-4.1699069675877,30.8,-1,-0.607867412864888,2
3,1,0,3,-8.61845451462118,26.3,-1,-0.461493184174506,2
4,1,0,4,-1.12575664053482,37.4,-1,1.19356072881024,2
5,1,0,1,-15.0151143273781,21.2,-1,-0.634703869212881,2
6,1,1,4,-0.536455253658909,36.6,-1,0.337113438181974,2
7,0,0,5,6.15081966990999,32.1,-1,0.52192329857355,2
8,1,2,4,-1.19490676781502,42.8,-1,0.272282998379417,2
9,1,1,4,-1.79094661457735,39.8,-1,1.80408919764005,2
10,1,1,3,-5.12339493800105,41.4,-1,-0.469297089459885,2
11,1,1,2,-11.0454173636356,34.8,-1,1.10803785292493,2
12,1,0,3,-3.38828054349424,39.4,-1,1.92594286517296,2
13,1,0,4,-0.734316008956376,41.9,-1,-0.194374068538218,2
14,0,0,5,2.89513758946351,31.1,-1,1.56892834482792,2
15,0,1,4,0.366123182061144,35.6,-1,-0.970549295747733,2
16,1,1,4,-1.09838655194901,35.2,-1,0.924779859914711,2
17,1,0,4,-2.38794527853565,36,-1,-1.14118931874982,2
18,1,1,3,-6.31530157702737,31.9,-1,1.34202417512686,2
19,1,0,4,-0.821385647517078,34.2,-1,-1.19515315719239,2
20,0,3,4,2.39020341059676,32.9,-1,0.0499340831781839,2
21,1,0,4,-2.0477340391112,29.5,-1,0.397387266174365,2
22,1,0,4,-1.12958053799373,33.2,-1,1.33114083655199,2
23,1,1,3,-6.20911350246357,27.2,-1,-0.916318510494723,2
24,0,4,4,0.540647240172586,39.8,-1,-0.453808985261985,2
25,1,2,4,-1.87683777093662,31.8,-1,-0.268312687739507,2
26,1,0,3,-4.68895023317177,39.3,-1,-0.66225038657365,2
27,1,1,4,-2.7965493112603,28.8,-1,1.19816929745751,2
28,1,1,3,-3.3950331824881,36.5,-1,0.8869982897678,2
29,0,1,5,2.50617255272868,40.3,1,-2.02300919700624,2
30,1,0,3,-4.29362026034488,36.1,1,-0.68761941154468,2
31,1,1,3,-6.79537247245522,32.8,1,-1.64538106859207,2
32,1,0,2,-11.1915989787444,30.3,1,1.59353845176233,2
33,0,0,4,2.359125719257,37.9,1,-0.0294753529080534,2
34,1,0,3,-4.42641308908819,37,1,-0.954110573480284,2
35,1,0,4,-3.14729832954526,36.6,1,1.77676867579229,2
36,0,1,4,1.63385519483964,32.7,1,0.994052682696223,2
37,0,1,4,2.16040534193254,39.6,1,-0.090360310379421,2
38,0,0,5,3.30293564943139,42.8,1,1.10845413692557,2
39,1,0,2,-11.198870275555,27.7,1,0.753828000355848,2
40,1,0,4,-1.98840809356292,32.7,1,-0.99848920593332,2
41,1,1,3,-6.30632251375389,39.2,1,-0.224557508916725,2
42,0,1,5,8.13988190855178,40.8,1,1.2231206217504,2
43,1,1,3,-3.29942210367856,33.9,1,1.77643048610734,2
44,1,1,2,-9.82009001131828,30,1,0.387282936361562,2
45,1,1,4,-0.0304139723068313,39.7,1,0.0640678029587626,2
46,1,1,3,-3.54990521596517,36.4,1,0.212862685277019,2
47,1,1,3,-8.28473264824498,33.8,1,0.0456442071799271,2
48,0,2,5,2.43708550377426,37.5,1,-0.945685806197033,2
49,1,0,1,-20.4567550459205,25.2,1,-0.14375243274193,2
50,1,1,4,-1.76347027420089,38.7,1,-2.33875631140384,2
51,0,0,5,2.73633325951744,35.6,1,0.252400498453577,2
52,1,1,1,-19.8481697676038,23.2,1,1.2704609434124,2
53,1,1,4,-0.918732137264822,37.7,1,0.324962767768816,2
54,1,0,3,-3.92427684396556,30.5,1,0.503010676310755,2
55,1,1,4,-0.855988608539672,35.9,1,0.4599887868385,2
56,1,1,4,-0.666515290762388,35.5,1,-0.204175947264464,2
1,1,3,3,-4.26136071481252,31.4,-1,-0.748979186355613,3
2,1,1,2,-6.12495757355444,35.7,-1,1.6649732505539,3
3,1,1,3,-3.57419331115824,34.7,-1,-0.313045082843395,3
4,1,2,3,-0.519446955772871,29.5,-1,0.138324112150026,3
5,1,0,2,-7.72925000412472,28.9,-1,-0.362045087526454,3
6,1,0,2,-7.60542509044798,42.2,-1,-0.228116052321999,3
7,1,0,2,-5.16717527093088,41.8,-1,-0.671968591776908,3
8,1,0,1,-13.6420917252689,34.8,-1,0.445005711697024,3
9,1,0,2,-10.0761465339626,33.5,-1,1.56196427387834,3
10,1,0,2,-6.11339701034454,35.4,-1,0.985031593397138,3
11,1,0,2,-5.17869597864718,27.5,-1,-0.0518342379019333,3
12,1,0,2,-5.55368768989454,33.9,-1,-1.07052304200081,3
13,1,0,2,-6.32856064659719,38.2,-1,-1.25000614057694,3
14,1,1,3,-3.09313914833162,32.7,-1,-1.43589421915796,3
15,1,0,1,-17.3415872783391,30.4,-1,0.560588193725503,3
16,0,0,3,0.629363949155412,28.4,-1,-0.914707047993818,3
17,0,1,3,0.820516062528373,42,-1,-0.117433510569399,3
18,1,1,3,-1.74839282202799,38.6,-1,0.1615477644018,3
19,0,2,3,0.422058000770453,40.8,-1,-0.986764631853937,3
20,0,0,3,0.459490747753274,47.2,-1,-0.00856893381329364,3
21,0,0,3,0.970869534424856,33.6,-1,-0.61609781818447,3
22,1,1,1,-12.4874058779127,39.3,-1,-1.54942961671612,3
23,1,1,3,-0.598474081041347,37.3,-1,1.17665729904911,3
24,1,0,3,-4.27694296354642,32.8,-1,0.0680993201430767,3
25,1,0,2,-9.86142148803963,31,1,0.0878252729864828,3
26,0,1,5,8.12031325339933,39.6,1,-0.438053516029382,3
27,1,2,2,-6.03238565915967,34.1,1,-1.06213123497294,3
28,1,1,2,-9.45804213478955,30.9,1,-0.152047683815988,3
29,1,0,2,-6.31682698629253,32.2,1,0.086613496074968,3
30,1,0,3,-0.241275925495756,34.4,1,-0.528587731221165,3
31,0,1,4,4.6863329183542,34.7,1,-1.25310014303519,3
32,0,4,5,13.1113272712999,39.1,1,0.136844042127007,3
33,1,3,3,-0.789006536079233,31.5,1,-0.153877359493986,3
34,1,0,3,-3.40372144298023,32.7,1,0.14658370614433,3
35,0,1,3,0.429721005584605,39.6,1,-0.278357773806943,3
36,1,1,3,-3.31714748082552,29.5,1,1.09349787604902,3
37,0,1,3,0.881060519436398,33,1,0.0705875850310356,3
38,0,2,4,6.81739176988755,45.6,1,0.980632595823783,3
39,1,0,3,-4.61605470786377,34.9,1,0.715325107780189,3
40,1,0,2,-10.4050352168905,25.1,1,-0.550968042279451,3
41,1,0,3,-3.54283277653428,33.7,1,-0.0741180729318542,3
42,0,3,3,1.50036614353644,36.2,1,0.924199699039517,3
43,1,0,2,-10.322458996671,31.9,1,-0.0155825595724,3
44,0,0,4,3.03800964205471,35.4,1,0.327848065747768,3
45,1,0,1,-14.078203310161,29.1,1,0.65812778694652,3
46,1,0,2,-8.92018119527583,26.8,1,-0.481625216494078,3
47,0,3,5,14.3874891798203,45.2,1,-1.05459315197096,3
48,0,3,3,0.963824625124569,36.6,1,1.75989235848797,3
1,1,1,2,-7.75676742378129,45.6,-1,0.229629116992096,4
2,1,1,3,-3.01421937464447,36.6,-1,0.293568777134591,4
3,0,2,4,2.12652451276593,35.6,-1,-0.781504464079834,4
4,1,1,3,-5.0875918169387,33.7,-1,-0.752504200195775,4
5,1,0,2,-8.32634910127471,34.7,-1,0.143784858382115,4
6,1,1,2,-6.69765290202469,33.7,-1,0.443491697069449,4
7,1,2,2,-5.71843896404256,34.7,-1,1.82507009639087,4
8,1,2,2,-5.27370144979236,32.9,-1,0.424849824841567,4
9,1,0,2,-6.41312789012724,33.6,-1,-0.427265273696069,4
10,1,0,2,-7.93943131264974,38,-1,-0.00900894201389434,4
11,1,1,2,-7.85439977728445,33,-1,1.71048103511393,4
12,1,0,3,-1.21862092080407,39.1,-1,-0.520327723357472,4
13,0,1,4,1.43793642647194,36.9,-1,1.77009100435862,4
14,0,2,4,1.4062435862039,39.5,-1,-1.00818255109552,4
15,1,1,1,-11.9404830491818,35.1,-1,0.133403518025056,4
16,0,1,4,3.44860391353669,41.2,-1,1.97921391883519,4
17,1,0,3,-2.60448329784657,35.2,-1,0.0815160832920805,4
18,1,0,1,-15.5083025138826,20.6,-1,0.241230156107119,4
19,1,1,2,-8.67195300368693,34,-1,-0.940673392763627,4
20,1,1,2,-6.24750331388148,42.2,-1,0.420088619454856,4
21,0,1,4,3.72167181139332,37.3,1,0.251476488937102,4
22,1,1,1,-13.565112855016,31.6,1,1.1311643978636,4
23,1,0,2,-7.03863713539001,33.2,1,-0.399535291641045,4
24,1,0,3,-3.80356872805021,32.9,1,0.496456745404909,4
25,1,0,3,-3.67280177294275,32.7,1,-0.378681755374343,4
26,1,0,2,-7.29513946925793,31.3,1,-1.18229251778532,4
27,1,1,3,-0.0904490367444146,38.5,1,0.598914567446487,4
28,1,0,2,-8.74088509171571,25.9,1,2.75197451417235,4
29,1,0,2,-6.30625388965373,30.1,1,0.45691776886856,4
30,1,0,2,-5.7258975636495,27.1,1,-1.94453500012858,4
31,0,0,4,0.432327849065063,39.6,1,-0.0341319880991584,4
32,0,0,4,2.90670632237584,36.9,1,0.447589238418978,4
33,1,0,1,-11.3922493685251,27.4,1,0.473103285094182,4
34,0,6,5,10.2157906759814,37.9,1,-0.671859559565785,4
35,1,0,1,-11.4021244014652,29.7,1,0.331554192649779,4
36,1,1,1,-12.1960481383492,25.8,1,0.899979142684779,4
37,0,4,5,6.94445447405143,42,1,-0.0971712803516026,4
38,1,1,3,-3.1777157853591,37.6,1,-0.0718098853151073,4
39,1,1,2,-8.77463946165124,30.8,1,-1.04147683583444,4
40,1,1,3,-1.36375407358605,37.3,1,0.75796809522118,4
1,1,1,2,-10.8100244843639,33.4,-1,1.10769438350962,5
2,1,0,3,-7.34180011828924,25.2,-1,-0.52075416724813,5
3,1,0,4,-1.52161563700667,40.6,-1,-0.483462508928114,5
4,1,0,3,-7.99304822133273,35.7,-1,-0.617941625025918,5
5,1,0,2,-8.73626182154202,31.1,-1,-0.663081566952809,5
6,1,0,3,-6.21569672091501,41,-1,-0.525700737828365,5
7,1,0,3,-2.7229382948545,41.4,-1,2.08704687836157,5
8,0,0,4,0.290968260050498,37.8,-1,0.736638269503924,5
9,1,0,3,-3.74015520062467,41.2,-1,1.2039916213563,5
10,1,1,3,-4.69886361387816,37.4,-1,1.04949295931531,5
11,1,0,3,-2.76951412444861,38.8,-1,-0.241741598826656,5
12,1,0,2,-8.74170487817582,33.6,-1,1.68321244301237,5
13,0,2,5,11.0702359321259,38.4,-1,0.426948391457218,5
14,0,1,4,0.656852696178445,29,-1,-0.719780478349571,5
15,1,0,2,-9.7513024306882,38.3,-1,-1.70432329198063,5
16,1,1,3,-2.06019664978616,39.5,-1,-1.0583070337961,5
17,1,0,3,-7.3283341019298,31.3,-1,1.12601423073035,5
18,0,1,4,1.58331820811267,29.9,-1,0.172807730599718,5
19,1,0,2,-13.7201361577695,26.2,-1,-0.340537650047319,5
20,1,2,3,-5.97071162498188,33.5,-1,-0.942069558165302,5
21,1,0,3,-4.72435584240555,32.4,-1,-1.50315455127577,5
22,1,0,3,-8.07708175872993,23.4,-1,0.437766083454047,5
23,1,1,3,-6.77135777822227,32.3,-1,0.339923446099651,5
24,1,0,2,-10.7733813042025,26.9,-1,-1.0505261002465,5
25,1,1,3,-7.79560293655267,30,1,-0.254882924049293,5
26,1,0,3,-5.49850914884244,38.1,1,1.13020099776794,5
27,1,1,3,-6.51358323278274,29.4,1,-1.15474451880828,5
28,1,0,3,-8.13161336706708,30.9,1,0.589582887364711,5
29,1,1,3,-6.76444456453897,36.8,1,0.130330290837369,5
30,1,1,3,-5.19690073050285,39.3,1,-0.213359622937341,5
31,1,0,1,-15.0673342966127,30.4,1,-1.45101680387015,5
32,1,0,2,-9.80854461652445,31.3,1,0.313882156096548,5
33,1,0,2,-10.3990922655722,36.6,1,-1.54015628792011,5
34,1,1,3,-5.59373143727402,41.3,1,0.864500098190041,5
35,1,2,2,-10.3339309381893,35,1,0.578767939789572,5
36,1,1,2,-14.191509908855,34.8,1,-0.976984306214476,5
37,1,0,3,-3.88858907693098,37,1,-0.07357888453707,5
38,0,2,4,1.63881924084592,39.9,1,1.16834412287813,5
39,0,2,4,1.55196354919204,39.1,1,-0.275443926992575,5
40,0,0,5,8.49711989147913,43.9,1,0.39063588118464,5
41,1,0,3,-7.61391665322423,34.2,1,-0.427555697036785,5
42,1,0,3,-4.44419291903124,35.5,1,0.0117255436598972,5
43,1,0,2,-8.60071875771387,29,1,0.513167701724863,5
44,0,2,4,2.04836286130643,41.2,1,-0.389347560368757,5
45,1,0,2,-10.0666750719221,31.4,1,-0.890717655178646,5
46,1,0,1,-15.3812509877774,28.1,1,-1.36196175409727,5
47,1,0,1,-21.3220420921151,28.4,1,-0.219579990111846,5
48,1,0,3,-5.24350028470309,33.1,1,0.0389347485406816,5
1,0,1,4,2.1077123585228,38.1,-1,0.577882178481995,6
2,1,0,3,-0.786717664574081,41.3,-1,0.435764101939059,6
3,0,1,4,5.11044008053546,32.1,-1,0.519672404636702,6
4,1,1,2,-5.45189797291503,28.3,-1,-0.00743674009683086,6
5,0,2,4,4.87122075965585,37,-1,-0.385281483147783,6
6,0,1,4,2.02020417175107,35.3,-1,-1.02183231785457,6
7,1,2,3,-0.812245068683618,28.5,-1,-1.44487129049482,6
8,0,2,4,2.26082811986527,35.5,-1,-0.330071040070595,6
9,0,2,4,4.2938444050945,37.1,-1,0.0969915494830531,6
10,0,1,4,1.94078214295292,42.3,-1,-0.561681819901266,6
11,1,0,3,-0.0848612240050626,41.4,-1,-0.226069510096245,6
12,1,2,2,-5.60231933942808,31.2,-1,2.90029961107706,6
13,0,1,3,1.72576081813356,35.6,-1,0.171925022913877,6
14,1,1,3,-3.04954908669745,31.2,-1,-0.384871671435175,6
15,1,1,3,-2.97004468440328,38.5,-1,0.583376823016391,6
16,1,0,3,-2.55072579785112,35.3,-1,1.03543313387188,6
17,1,0,3,-3.18445215493646,41.2,-1,-0.879410268622811,6
18,1,1,2,-6.19950237647476,32.1,-1,-1.53738710457066,6
19,0,4,4,2.58119591656372,39,-1,-0.157711093217621,6
20,1,1,2,-7.71869880830014,23.8,-1,-1.72237836546967,6
21,1,1,2,-5.49399877112334,33.2,-1,0.536818835446286,6
22,0,1,4,2.27461514933577,33.4,-1,-1.78063366663038,6
23,0,4,4,5.56031206508191,41,-1,1.67291743086076,6
24,1,1,2,-4.19244635384012,29.5,-1,-0.637574010934265,6
25,1,0,2,-5.06223152054434,31.8,-1,0.507331794513475,6
26,0,2,4,2.60250395160271,32.3,-1,-0.423779766251619,6
27,1,0,2,-5.42156261958521,28.1,1,1.72415497403583,6
28,0,1,3,1.25780166569434,41.4,1,0.00210677812759505,6
29,1,2,2,-6.04133420986503,31,1,-0.990382620289247,6
30,1,0,1,-13.5048968825407,29.1,1,-0.70302748387528,6
31,1,4,3,-1.8941127417878,31.9,1,-0.377746366261654,6
32,0,0,4,2.1452454011498,34.2,1,-1.09745545833788,6
33,1,0,3,-2.88637055988581,37.7,1,-0.034802369827091,6
34,1,0,2,-5.84870041061969,32.2,1,0.524350555930938,6
35,1,3,3,-3.02783613873683,32.2,1,1.73465475218998,6
36,1,2,3,-1.61074638697123,35.2,1,0.394242079554762,6
37,1,0,2,-5.84485679500196,33.8,1,-0.0953394412645145,6
38,1,1,2,-6.44768462027672,38,1,1.49976382622167,6
39,1,0,3,-2.07448633932655,40.2,1,-1.50968234993411,6
40,1,2,2,-5.11223694719083,28,1,-1.39750519066802,6
41,1,0,2,-5.30303229459738,38,1,-0.0550456548764156,6
42,0,3,5,11.8855644288108,47.1,1,0.189276620457028,6
43,1,2,2,-8.02509172212962,35,1,-1.7397437769907,6
44,1,0,1,-8.47551675296752,36.1,1,0.897184135872038,6
45,0,2,4,3.02600409379108,40.3,1,1.29835196771736,6
46,1,0,2,-5.33756181250697,28,1,-0.503892996409865,6
47,1,1,3,-1.28960692243102,37.2,1,-0.0101896738947703,6
48,1,0,2,-4.58056358864776,32.7,1,-3.95985774846741,6
49,1,1,3,-3.10545767508418,36.1,1,1.18576765576309,6
50,0,0,5,8.60291656723868,42.5,1,-1.22243278710073,6
51,1,0,1,-13.1090084171663,23.9,1,0.78938149688211,6
52,0,3,4,5.3692047854985,40.2,1,0.649975671083908,6
1,1,0,1,-17.5857068048153,32,-1,0.344658035922424,7
2,1,2,2,-5.49201374727083,30.6,-1,-0.736023888011422,7
3,1,0,2,-8.94195761397238,38.9,-1,0.604367996554714,7
4,1,0,2,-7.07686603368105,37,-1,-0.430630282281688,7
5,1,0,2,-7.14998152169711,45.8,-1,-0.9284473528323,7
6,1,1,1,-14.6926201458989,36.8,-1,-0.614822326014912,7
7,1,1,1,-11.3914621443927,27,-1,-1.40641710770849,7
8,1,2,2,-3.55199035625445,41.5,-1,0.810453465890227,7
9,1,1,1,-10.8292943760375,39.2,-1,0.299329144153301,7
10,1,1,1,-14.8650631165648,37.4,-1,-1.49243485331448,7
11,1,1,1,-10.6992496836334,33.6,-1,0.762140569175034,7
12,1,1,1,-15.101446599971,34.9,-1,0.073545485848252,7
13,1,0,2,-7.15402649477013,39.6,-1,-1.3817506897005,7
14,1,0,1,-12.6429309727238,30.6,-1,-1.67005864908126,7
15,1,2,2,-6.11968826794722,35.9,-1,-2.35559947571853,7
16,1,0,1,-15.441737969352,34.9,-1,1.38986400769296,7
17,1,0,2,-3.96897395188901,34.5,-1,0.53358264755716,7
18,1,0,1,-17.0909272021355,30.4,-1,-0.514351010878836,7
19,1,0,2,-4.62583466252801,46.2,-1,1.49785521673009,7
20,1,0,1,-12.77316799364,41.2,-1,1.21800072240069,7
21,1,0,1,-12.694195053589,34.8,-1,-0.306884595847855,7
22,1,0,1,-13.60091790424,37.1,-1,0.33831372463604,7
23,1,0,1,-13.7020649252402,36.5,-1,1.66205803162389,7
24,1,0,2,-8.03494668165609,32.6,-1,-0.0165554310913146,7
25,1,1,2,-7.09244522361948,30.2,-1,1.08425100939203,7
26,1,0,2,-9.34854880998592,38.1,-1,-0.285370857475915,7
27,1,0,2,-8.74099084517955,33.5,-1,-1.13153550601116,7
28,0,1,3,0.432979234665431,30.3,1,-0.915581079807448,7
29,1,0,2,-5.5816600983525,24.5,1,1.19867176946544,7
30,0,9,5,20.1050484245162,42.9,1,0.681338330991156,7
31,0,3,4,9.61510009371441,31.3,1,-0.123937071689705,7
32,0,4,5,16.6074061536504,38.5,1,0.431970870767863,7
33,0,1,3,4.01963956021871,34.6,1,0.530189815937679,7
34,0,1,4,5.69741562137165,33.4,1,2.62533105633947,7
35,0,3,5,14.7376641360449,38.3,1,0.789114401299402,7
36,0,2,3,3.87373957337544,37.2,1,-1.38136661118507,7
37,0,2,4,7.30547758922257,33.2,1,0.14451334756916,7
38,0,6,5,16.1563506581706,44,1,-0.0200867311218208,7
39,0,5,5,14.2088944948197,37.4,1,0.416783581788671,7
40,0,0,3,0.758703070615068,26.9,1,-0.255094204878775,7
41,0,5,4,11.2982909993927,41.7,1,1.13372550596227,7
42,0,3,5,14.136240656888,36.4,1,-0.474414848027511,7
43,0,1,3,3.05284639189871,35.5,1,-1.0967709512927,7
44,0,0,4,5.48801648972452,35,1,0.859914839945572,7
45,0,4,5,16.2901585013467,45.8,1,0.8321093426739,7
46,0,4,5,14.650892423126,44,1,1.22850015236443,7
47,0,3,4,7.14796125419614,36.8,1,-0.919213275378461,7
48,0,3,5,12.7944793404614,40.9,1,0.19007066780698,7
49,0,1,3,1.87039214936795,30.6,1,1.07298634322284,7
50,0,0,3,4.67124587066501,36,1,-0.8548360028151,7
51,0,2,3,2.2199786645499,26.8,1,-0.160250271533955,7
52,0,2,4,9.01376201972863,37,1,-1.01039201888455,7
53,0,1,4,7.00229635695698,40,1,0.13106734121201,7
54,0,8,5,15.6585489099989,39.8,1,0.457997478669459,7
1,1,1,2,-0.0657614274895115,32.4,-1,0.337097056081278,8
2,1,0,2,-2.8694779622274,30.7,-1,-0.321588499741917,8
3,1,0,1,-10.8046148889555,27.9,-1,-0.189588859509595,8
4,1,0,2,-0.517665563772845,35.9,-1,-0.00467887366121702,8
5,1,2,2,-1.37990464081738,36.3,-1,0.467234042267964,8
6,1,1,1,-11.4797990558138,34.9,-1,-0.439569361243427,8
7,1,1,1,-8.64643531895925,28.9,-1,1.59672333192605,8
8,1,0,1,-12.9095871060064,29,-1,0.567372595049786,8
9,1,0,2,-0.91316398523295,44,-1,0.584072236847004,8
10,1,1,2,-4.09900675573591,39.7,-1,-0.852966261623107,8
11,1,0,1,-9.66085747834238,33,-1,-0.669862503539123,8
12,0,1,3,2.1556812053464,36.2,-1,-0.0605604641915967,8
13,1,1,1,-6.77730005917222,32.2,-1,1.55902557187034,8
14,1,0,2,-4.25833481416965,35.5,-1,0.378990625125608,8
15,1,1,1,-12.1478770317412,31.8,-1,0.0603429748851874,8
16,1,2,2,-3.69610681722345,39.3,-1,0.0474938249736156,8
17,1,1,2,-4.98411547094001,29.4,-1,0.717228248238675,8
18,1,0,1,-10.5445573109421,34.7,-1,1.25551566297802,8
19,0,1,3,3.9741477798843,41.8,-1,1.27765691937509,8
20,1,0,2,-0.930977112803178,36.5,-1,-0.774701430714516,8
21,1,0,2,-3.06765767063991,33.7,-1,0.147367489728039,8
22,1,0,2,-5.57582911343402,43.3,-1,0.0165973643156811,8
23,1,0,2,-3.36667738679002,31,-1,-1.32593605211363,8
24,0,4,4,9.36718254030196,41.7,1,0.0463074270038083,8
25,1,2,1,-6.96235415951204,35.2,1,0.609527837235413,8
26,1,2,2,-2.2053732732112,32.7,1,1.23771795760957,8
27,1,0,1,-7.95948211672316,35.8,1,0.136052539918719,8
28,1,1,2,-1.43184653099367,32.5,1,1.26584185899498,8
29,1,0,2,-5.06232322862973,31,1,1.22524921625408,8
30,0,3,3,5.61293785783536,37.5,1,0.0776747937769491,8
31,1,0,2,-2.44291655071124,33.7,1,0.985069774214671,8
32,1,0,1,-7.48575638646029,28.3,1,1.51962890212957,8
33,0,4,4,10.5125793447216,40.1,1,0.275802551984123,8
34,0,0,3,2.04567239658906,34.1,1,-2.03249453422901,8
35,1,2,1,-8.06155431186998,29.2,1,0.773072698048613,8
36,0,0,3,1.12542575530705,32.3,1,0.588287324114654,8
37,0,5,4,10.2388092018428,40.9,1,-0.0924146797322678,8
38,1,0,2,-4.17101440885946,30.1,1,0.873553002170391,8
39,0,1,2,0.322728803779077,38.6,1,-0.416661389240917,8
40,1,0,2,-0.482266937499418,30.5,1,0.220844168404255,8
41,0,1,3,3.26077640782661,38.1,1,-0.301012607718753,8
42,0,2,4,8.05588543367134,45.3,1,-1.02844236690246,8
43,0,1,3,3.31666049989281,35.1,1,0.5709607381828,8
44,1,0,2,-1.57377936356774,31.1,1,-1.63100861290592,8
45,0,5,4,9.74590112893447,49.2,1,0.067591512925008,8
46,0,10,5,21.3380692715357,41.9,1,-0.190574704485929,8
1,0,2,4,6.45328791700077,36.5,-1,-1.37140566236516,9
2,1,0,2,-9.52386679111679,24.7,-1,1.88968955056528,9
3,0,1,3,0.836870054065981,43,-1,0.221416683743904,9
4,1,0,2,-8.98640906084538,30.4,-1,-0.74085623063633,9
5,1,0,1,-10.7983424986679,29.2,-1,1.01375480977337,9
6,1,0,3,-2.83513635077385,35,-1,0.700730283777237,9
7,1,0,2,-7.22682595015604,39.2,-1,0.76049556942376,9
8,1,0,2,-4.63666302620373,27.1,-1,-0.223545829263086,9
9,1,3,2,-5.07425684986002,36,-1,-0.254232852691645,9
10,1,1,2,-6.77029568176427,37.2,-1,-0.0798735307505381,9
11,0,0,4,4.07386811038635,41.4,-1,0.522803280234027,9
12,1,0,3,-1.65044329544212,31.3,-1,0.0236973260227936,9
13,1,1,3,-0.472817857386528,33.8,-1,1.86841721007879,9
14,1,1,2,-4.77119324477831,33.8,-1,1.05022195699227,9
15,0,0,4,2.74661005359403,28.5,-1,-0.442745308973866,9
16,1,0,2,-9.83819567836845,32.1,-1,-0.76863858440409,9
17,0,0,3,0.915194458711866,37.9,-1,0.850360702229599,9
18,0,0,4,7.04225131995971,38.4,-1,0.374580497491471,9
19,0,3,4,2.27777658870311,38.1,-1,-0.381110536960015,9
20,0,1,3,0.951236675529526,36.9,-1,-1.64737283924661,9
21,0,0,4,3.03580566999292,25.9,-1,-0.35538123892076,9
22,1,2,2,-7.72828344071583,34.9,-1,0.7761279250206,9
23,0,4,4,4.08248488143565,31.6,-1,-0.111379287905801,9
24,1,0,2,-5.41850637187896,35.9,-1,-0.77761777308089,9
25,0,1,5,13.2207368669628,42.7,1,-0.711841297655894,9
26,1,0,3,-2.16958239297459,33.6,1,0.586545152332569,9
27,1,0,2,-9.45239022634071,31.3,1,0.370727883244344,9
28,1,0,2,-6.70502813389217,30.8,1,-0.989061077614319,9
29,1,0,1,-12.9019175837763,31.8,1,-0.891690441046079,9
30,1,0,1,-11.4513938434647,31.7,1,0.845162930334686,9
31,1,2,2,-4.24214875454009,27.7,1,-0.198468506636964,9
32,1,2,3,-2.3712297098321,36.7,1,-0.846599409023174,9
33,1,0,2,-9.61372005977981,29.7,1,0.893015913054304,9
34,1,0,1,-14.2959766858963,26.4,1,0.842561215535868,9
35,1,1,2,-7.38583536147383,33.9,1,-1.11089066747348,9
36,1,0,1,-16.5437047829292,20.7,1,-0.311002765171548,9
37,1,1,3,-3.32714267033345,32.2,1,-0.329354256765264,9
38,1,1,3,-1.68237602057867,34.9,1,1.72116464123982,9
39,1,2,2,-7.29836769774174,32,1,0.83682049215197,9
40,0,1,3,1.64110514969931,34.6,1,-1.2890729495952,9
41,0,2,4,7.15272313616516,36.8,1,0.906820731156998,9
42,0,2,5,14.2665951238526,40,1,0.955276042020731,9
43,0,1,3,1.07109495112902,41.9,1,0.405982715435933,9
44,1,0,3,-4.11403873128833,32.6,1,-0.905362868183817,9
45,1,0,3,-2.29603373798343,35.4,1,-0.813071395784431,9
46,0,0,3,1.17373712573847,36,1,0.931309091892799,9
47,0,5,5,12.4442233652891,42.9,1,-0.890641761853999,9
48,1,2,2,-7.55673061014982,27.5,1,-1.06352341942764,9
1,0,1,5,9.60494360400776,44.9,-1,-1.8744412587856,10
2,1,0,2,-5.71450465837079,34.5,-1,-0.257749951046462,10
3,0,3,4,7.32128830923556,39.3,-1,-0.483456573964093,10
4,0,1,4,4.34837335197642,32.5,-1,-0.643167627874478,10
5,0,0,4,3.82111838558341,36.9,-1,2.76401717355665,10
6,0,1,3,0.168952433685414,29.4,-1,-2.35881274841982,10
7,0,0,3,1.44317042799182,27.9,-1,1.98353959075405,10
8,1,0,3,-0.79649932318449,30.4,-1,-0.67182061962685,10
9,0,0,3,1.72065799825805,36.9,-1,-0.330779600325516,10
10,1,1,3,-1.28218971996639,26.3,-1,-0.769725744721426,10
11,0,0,3,0.0554031208893537,44.6,-1,1.21892340516052,10
12,0,4,4,6.8992462369112,35.3,-1,-0.0869764708001115,10
13,0,1,3,1.64370434980808,34.1,-1,0.603622251534429,10
14,0,2,3,1.17891982142637,32.6,-1,0.559951398290463,10
15,0,2,3,2.3873606807556,43.1,-1,0.953861500908059,10
16,1,0,2,-2.83500310963793,35.8,-1,-1.33621302787456,10
17,1,0,2,-4.37611485368602,38.5,-1,-0.371116679314809,10
18,1,0,2,-3.25382339803811,28.6,-1,-1.9436653280806,10
19,0,0,4,4.61714612611607,35.6,-1,0.229319534105456,10
20,0,1,5,9.26212960223152,38.7,-1,-1.13700896855305,10
21,0,4,4,2.70005632312884,33.7,-1,-0.65413904708542,10
22,0,2,3,2.56270567937329,37.3,-1,0.836561826762007,10
23,1,1,2,-3.83502834959512,37.4,-1,0.501305102538747,10
24,1,1,3,-1.24264462177928,39.6,-1,0.770546580041035,10
25,0,2,4,6.13428332905433,37.7,-1,0.808451475168179,10
26,1,0,2,-6.37361525845479,31.7,1,-1.02615515832937,10
27,1,0,3,-0.897882604813412,36,1,0.173596333447214,10
28,1,0,3,-0.132358361498662,33.3,1,-0.275731663155806,10
29,0,0,3,0.593531398906773,38.6,1,2.43694779560572,10
30,1,1,2,-6.31854600841381,32,1,2.01158300223109,10
31,0,5,5,9.1814539527192,38.1,1,-1.47745208747261,10
32,0,3,5,9.57955349439387,42,1,-1.35523326094858,10
33,1,0,2,-3.10708875473315,36.3,1,1.72094680774676,10
34,1,0,2,-6.73509186906075,27.5,1,1.16175135986189,10
35,1,0,1,-8.38506562133356,28.3,1,-0.988975492829339,10
36,0,3,4,6.20055923811658,39.6,1,-0.0607036612967043,10
37,1,0,2,-3.63683428379248,35,1,0.800532490459261,10
38,1,0,2,-6.21101725199645,33.1,1,-0.700633433591709,10
39,1,0,1,-9.5685620236808,30,1,0.00440216705521409,10
40,0,3,3,2.44771376153219,39.1,1,0.128141247207626,10
41,1,1,2,-5.18569534362158,27.8,1,1.17663735342171,10
42,0,3,4,5.26436125282916,41.3,1,0.0756873576553799,10
43,1,0,1,-12.3275424888608,24.7,1,-0.296143863915786,10
44,0,1,4,5.70529175562122,41.7,1,-1.19912576253223,10
45,0,1,4,5.93477354676026,39.3,1,0.00549290778693291,10
46,0,2,5,8.00422339650241,37.6,1,-1.83725684139599,10
47,0,2,3,1.36580521046185,36.6,1,-0.0169796466746602,10
48,1,0,1,-8.59072207509881,27.8,1,0.0354671787025611,10
49,0,5,5,12.6051384338095,43,1,-0.271791096714701,10
50,1,0,3,-1.39712800643717,35.3,1,0.52938729603368,10
1,1,3,2,-8.10898435857868,48.1,-1,0.806041717382898,11
2,0,3,4,1.76124265072001,36.9,-1,-0.210605951751386,11
3,1,0,1,-11.2280795485531,34.4,-1,-0.430412435565311,11
4,1,0,1,-14.3916930943252,38,-1,1.59260837494975,11
5,1,1,2,-8.20458431175805,41,-1,-0.153657574981908,11
6,0,0,3,0.43428604867084,35.6,-1,0.430637264976208,11
7,1,0,3,-5.20624633825899,46.3,-1,1.01769337248958,11
8,1,0,1,-11.9799148437231,38.6,-1,-0.56525352041861,11
9,1,1,2,-6.72035328645985,32,-1,-0.586776244252742,11
10,1,0,3,-3.04938044081113,39.7,-1,-0.656071188167548,11
11,1,2,2,-8.48201674661856,27.9,-1,0.236709356768785,11
12,1,0,1,-16.963484791262,32.7,-1,0.977854730542587,11
13,1,2,3,-0.140557691488061,43.8,-1,-1.74664157045203,11
14,1,0,2,-7.31907494123665,35.6,-1,0.177451653582163,11
15,1,2,2,-9.41484255040634,28.6,-1,-0.0946780106722679,11
16,1,1,2,-5.74394643843874,43.2,-1,0.463371639544028,11
17,1,1,3,-1.11825655993212,44.2,-1,0.334903061335082,11
18,1,1,3,-4.53626071640091,39.5,-1,-0.520889498668576,11
19,1,1,3,-3.1646933983059,47.3,-1,1.71808004985156,11
20,1,1,2,-5.28906595100456,31.1,-1,0.205390221823383,11
21,1,0,3,-4.43874263623423,32.8,-1,-0.235377477566551,11
22,1,3,2,-9.24046854051017,35.2,-1,1.42980776579822,11
23,1,4,3,-0.066496465737492,35.8,-1,-1.02165013388238,11
24,1,2,3,-1.97779597693829,37.9,-1,-0.862619699932864,11
25,1,0,2,-6.09527715281792,34.1,-1,-0.0292745875989666,11
26,0,0,4,2.66016203686646,39.2,1,-0.63771506602126,11
27,0,0,5,10.9861854394706,45.2,1,-1.69697537241471,11
28,1,0,2,-8.17837049800785,30.2,1,1.67903250626288,11
29,0,2,3,0.458417016720413,40.4,1,-0.261066977208864,11
30,0,0,4,2.00457303087526,37.4,1,0.276665209222465,11
31,1,0,3,-0.333913474845262,35,1,0.693105102205164,11
32,1,0,2,-6.50423099465385,35.9,1,-0.342818418243344,11
33,1,1,3,-0.555649990163931,34.1,1,0.985088017026584,11
34,0,2,5,12.3691913603425,43.8,1,0.0471733390818182,11
35,1,1,1,-13.8456422708094,25,1,2.0948532356957,11
36,1,0,3,-0.180033650157364,34.4,1,-0.567602503421977,11
37,1,2,2,-7.31037552690679,32.5,1,-0.711020201451863,11
38,0,0,4,1.35014287505573,37.2,1,0.160332751028479,11
39,1,4,3,-2.64174278521775,31.9,1,-0.314089704594198,11
40,0,1,5,7.89832578275566,42.4,1,-0.378051354821594,11
41,0,1,4,0.693473993644934,38.1,1,1.10905152618937,11
42,1,1,3,-0.570456737383781,35.3,1,-0.253323715041779,11
43,1,1,3,-4.49654145811052,33.4,1,-0.124595309251185,11
44,1,1,2,-6.15840926477662,35.3,1,-1.90442528979449,11
45,0,3,4,3.99172690342409,34.6,1,2.64560288910118,11
46,1,0,2,-8.03157768201771,32.3,1,0.110591292378488,11
47,0,0,3,0.219129479345169,38.6,1,2.78184571759415,11
48,1,2,3,-0.778771420848383,35.9,1,-0.852125250515756,11
49,0,2,4,3.61171142720258,35.7,1,-0.784702389452634,11
50,0,2,4,1.29262271760408,36.9,1,-0.233305127419381,11
1,0,2,5,4.03642215574356,32,-1,-0.761118996689859,12
2,0,1,4,1.62359341809718,34.7,-1,1.28305563678931,12
3,0,0,4,2.16646337102282,36.8,-1,-0.372912564727809,12
4,1,2,3,-1.46957967520818,25.6,-1,-0.0208060208312629,12
5,1,0,3,-2.12197460631459,28.1,-1,0.0375939175452594,12
6,0,3,4,0.281088492609487,29.6,-1,1.277104437869,12
7,0,2,5,7.37485994090853,38.2,-1,0.347450334251869,12
8,0,1,4,3.27234297089066,39.1,-1,0.31648412275017,12
9,0,0,4,2.28188036559262,40.9,-1,-0.145135608016229,12
10,1,0,3,-0.7598711318116,36.1,-1,0.667839577423332,12
11,1,1,2,-5.82055990943358,36.5,-1,0.449945639596949,12
12,1,1,3,-1.24220278320397,46.6,-1,-0.664612951582384,12
13,1,0,3,-2.62121380354483,43.9,-1,-0.537071690922471,12
14,0,1,4,3.38192867955402,34.2,-1,-0.978146010436485,12
15,1,1,4,-0.0825476772165719,40.8,-1,0.797952070787911,12
16,1,1,3,-1.28234020168671,33.1,-1,0.239317082165339,12
17,1,1,2,-6.05152729520204,31.5,-1,-1.01149714390403,12
18,1,1,3,-3.2429113187654,35.8,-1,0.888178228307849,12
19,1,0,1,-8.16948884025231,39.6,-1,-0.347927949288236,12
20,1,2,3,-0.399761822887399,26.9,-1,-0.88868033883359,12
21,1,2,3,-0.81638748090942,48.2,-1,0.994636141153132,12
22,0,2,4,2.80761068268056,41.2,-1,0.608615336896238,12
23,1,0,2,-4.9740520523301,30.8,1,0.281735190798194,12
24,0,1,5,3.77032584786141,39.7,1,-0.731231668155122,12
25,0,1,4,1.12060050311041,32.2,1,-0.928591818843842,12
26,1,2,1,-12.0196240597653,31.7,1,1.62964785882091,12
27,1,0,3,-3.21706576496574,34.7,1,-0.823734314924302,12
28,0,3,4,0.754538005776197,35.6,1,0.375445785232046,12
29,1,0,3,-3.56624703140134,35.8,1,0.83856339166245,12
30,0,0,4,1.70700950957494,31.6,1,0.307891315231438,12
31,0,1,5,6.74696336365461,37.1,1,1.40400717430996,12
32,0,2,4,0.668627919135785,38.9,1,0.350517613877033,12
33,0,2,5,5.22159362052585,43.2,1,-0.659383570581215,12
34,1,0,2,-5.44983222624369,29.7,1,-1.61736075402737,12
35,1,2,3,-4.1073084735678,30.6,1,1.7157124106397,12
36,1,1,3,-2.14802908856769,39.3,1,-1.9601776889615,12
37,1,2,3,-1.25476104045252,34.4,1,-1.1840784596358,12
38,1,0,1,-8.49612738837989,30.9,1,-0.106545811983331,12
39,0,1,5,6.63915711187157,38.2,1,1.38541963362188,12
40,1,0,3,-3.36774671863365,37.2,1,-0.0881549406941691,12
41,0,1,4,0.587341722843412,39.4,1,-1.18945614512411,12
42,1,1,2,-4.73965762842451,38.6,1,1.74960010717314,12
43,1,1,3,-4.15744183709278,36.1,1,-0.124579176464097,12
44,0,0,4,3.01136917054316,39.7,1,0.788983597168803,12
1,1,0,3,-1.50090616402146,38,-1,-1.24496046534221,13
2,1,0,3,-4.34176668152409,27.9,-1,1.68677686913686,13
3,1,2,3,-4.63083974996876,33.5,-1,1.78008895119205,13
4,0,1,4,5.04586960838076,40.9,-1,0.934647151072752,13
5,0,3,4,2.82988249512306,33.2,-1,-0.621982006844568,13
6,0,2,4,2.3540137423867,35.5,-1,-0.941563775074535,13
7,0,2,4,2.39957088722969,38.9,-1,0.295140804172583,13
8,1,2,3,-4.88834051271968,30.8,-1,1.31524219726823,13
9,1,1,3,-0.906509045663676,40.1,-1,-0.409106417203499,13
10,1,1,3,-2.10162331771278,32,-1,0.480470814995343,13
11,1,1,3,-4.35528213312361,35.1,-1,0.212799715481605,13
12,0,4,4,5.34592542689651,32.9,-1,-0.00210679847604528,13
13,1,1,3,-4.24338434693478,26.9,-1,1.08520537339849,13
14,1,1,3,-3.50075049380639,36.4,-1,-2.10536661734169,13
15,1,1,2,-9.10216983134137,38.4,-1,0.680697641780123,13
16,1,1,2,-9.25983749666578,27.8,-1,0.521602205747185,13
17,1,0,3,-1.02140725605636,32.4,-1,-0.101092535928645,13
18,1,0,3,-6.37562175879513,33.2,-1,0.834310813094015,13
19,0,5,4,6.45467117106486,36.3,-1,0.156253851638998,13
20,1,1,3,-1.60672535074536,25.9,-1,-0.951684567580625,13
21,0,1,4,2.85883480238354,30.5,-1,-0.623844188881731,13
22,0,1,4,5.72134870580407,38,-1,0.102240614623577,13
23,1,1,3,-4.12032774047003,33.9,-1,-0.486508209248425,13
24,0,0,4,1.3625496175532,35.7,-1,0.878294521696103,13
25,0,1,4,1.68053903126339,40.6,-1,-1.15220030949051,13
26,1,0,3,-2.91954622685368,26.9,-1,-0.507161953724488,13
27,0,0,4,1.53592528383797,38,-1,0.427749903709316,13
28,1,0,1,-17.8990727894564,27.2,1,1.37325356299119,13
29,1,0,1,-18.1707198602448,29,1,-1.94019784574476,13
30,1,1,3,-5.15686796776134,36.3,1,0.158137934439273,13
31,1,0,2,-12.8492842056104,31.3,1,-1.35057842547531,13
32,1,0,3,-3.08042627877784,42.1,1,0.530872193247009,13
33,1,1,3,-4.66864821562393,36.3,1,0.593643362106537,13
34,1,1,3,-1.61117995274472,38.2,1,-0.185924403563348,13
35,1,0,3,-2.3039165927243,41.3,1,0.531627351883282,13
36,1,0,2,-11.0697033022065,31.1,1,1.1347472033076,13
37,1,1,2,-7.50827049210314,39,1,-1.73382622225812,13
38,1,0,2,-10.4093392864351,33.3,1,-0.159828554343931,13
39,1,0,1,-19.8317159992234,30.9,1,0.312173822885623,13
40,1,0,1,-18.3071546533321,25.7,1,1.39514952894264,13
41,1,2,3,-0.951144538581095,37.9,1,-0.44664485384107,13
42,1,1,2,-11.9104782332131,33.2,1,-1.02915556614021,13
43,1,1,2,-11.1844682221938,32.1,1,0.828480845366668,13
44,1,1,2,-7.76986542519184,33.5,1,0.059874022399043,13
45,1,2,3,-6.74466704866842,35.4,1,-1.62807233579382,13
46,1,0,2,-9.53958051598099,38.3,1,1.20239732447401,13
47,1,0,3,-5.45109874917248,34.1,1,-1.84717773773774,13
48,1,0,1,-21.3924224906066,26.9,1,-1.34152224477108,13
49,1,0,1,-17.9307375803602,30.7,1,-0.355996286616583,13
50,1,0,3,-4.53595457670023,35.3,1,0.19409899922078,13
51,0,5,5,14.1531638191799,49.2,1,-0.345615645105529,13
52,1,0,2,-9.31159600666854,36.9,1,0.947941484447659,13
53,1,1,2,-7.89518904038831,32.4,1,-0.830883661298148,13
54,1,0,1,-21.2251914109801,22.7,1,0.669911804539549,13
1,0,1,3,2.43781344992054,40.8,-1,-0.892868471388703,14
2,1,0,2,-6.27720959463056,33.7,-1,-1.13354830691567,14
3,1,4,2,-3.73245316527293,32.3,-1,-0.164284022842388,14
4,1,0,2,-4.96504481302898,31.9,-1,-0.045613409564646,14
5,0,2,4,3.40360356463962,40.4,-1,1.300960999927,14
6,0,0,3,1.62849734395049,39,-1,-0.380036582192548,14
7,1,1,2,-2.00984345662,38,-1,-1.14542812249303,14
8,0,1,3,1.23310333826839,37.2,-1,-0.16827227734316,14
9,1,0,2,-3.99388438939763,31.6,-1,0.498979731845488,14
10,0,3,4,4.9016871635859,38.9,-1,0.401342403684296,14
11,1,2,2,-2.37791284468905,32.5,-1,-1.6957201923915,14
12,1,0,3,-1.25673527115374,34.5,-1,-0.400962027109318,14
13,0,3,3,2.23697984634339,30.4,-1,-1.68017411768498,14
14,0,1,4,5.05526736848435,37.8,-1,-1.88743787262562,14
15,0,0,4,4.43750231779347,35.8,-1,1.85882781216636,14
16,0,1,4,6.29272105003709,41.5,-1,1.8621824598746,14
17,0,2,3,1.7316085122343,45.2,-1,0.788963690827698,14
18,1,1,2,-2.48578855301432,27.3,-1,-1.11890251644518,14
19,1,0,2,-2.03892007211912,31.4,-1,0.234412089797673,14
20,0,3,3,2.81539604046652,29.9,-1,1.44956328530626,14
21,0,1,3,0.484923018605898,36.3,-1,-0.537804883753115,14
22,1,1,2,-5.24951056777074,33.1,-1,-1.30419237759562,14
23,1,0,2,-3.55652065440905,38.2,-1,-0.0255193485973722,14
24,1,0,1,-9.35235469635652,30.3,1,0.412295764862563,14
25,1,0,2,-5.52757186573277,30.8,1,-0.523174262223756,14
26,1,0,1,-10.6968881254953,28,1,-0.459304244114356,14
27,1,1,3,-0.88446761232236,38.2,1,1.32315088968471,14
28,0,3,5,12.521479376987,48.9,1,-0.199527364250164,14
29,1,0,1,-11.491488650646,27.8,1,0.537190810178243,14
30,1,2,2,-6.44846327429696,32,1,0.0238708866920246,14
31,1,0,2,-5.53091714139885,41.4,1,-0.51450943365407,14
32,0,2,3,2.25681777602703,38.9,1,1.88628612255765,14
33,1,0,1,-8.1742566761772,35.1,1,0.54015834913103,14
34,0,8,5,9.54496033646743,43.7,1,0.20811248491329,14
35,1,1,1,-8.60403207288794,33.9,1,0.600079508402442,14
36,1,0,2,-2.2022656958657,36.1,1,0.778985620375027,14
37,0,4,4,6.03139258566016,39.1,1,-0.407301917853912,14
38,1,0,2,-4.83508073079645,40.3,1,-0.956826954430511,14
39,1,1,1,-7.22747877981021,31.4,1,-1.47084050589876,14
40,1,1,3,-1.80516566277521,40.3,1,-0.681763610460383,14
41,1,0,2,-3.26648017395275,31.4,1,1.19906364029681,14
42,1,1,1,-11.2033841832379,28.3,1,-0.572779155614733,14
43,0,3,3,0.284556162817387,40.6,1,0.392624790366439,14
44,1,0,1,-8.94732631237696,34.1,1,-0.551457822951391,14
45,1,0,1,-11.5267587119592,30.2,1,-0.144482284789999,14
46,1,0,2,-5.63755282079665,31.9,1,-0.279559076743081,14
1,1,0,2,-7.88932988353945,35.2,-1,-2.22844010890207,15
2,1,0,3,-2.35918119942302,43.2,-1,0.653527842902631,15
3,1,1,1,-12.6671042621381,31.7,-1,0.106815574356831,15
4,1,1,2,-8.22013654790258,32.6,-1,-0.414268279784904,15
5,1,1,2,-10.4385526588661,32.7,-1,-1.9702720655485,15
6,1,0,2,-8.35050064358478,28.7,-1,0.0969082655128407,15
7,1,1,2,-7.62388486400536,34.8,-1,-0.480886390725951,15
8,1,0,1,-12.505529197945,18.6,-1,1.70778945981206,15
9,1,0,2,-9.45458501519079,28.9,-1,-1.49678929744177,15
10,1,0,1,-13.3946600645838,38.9,-1,-0.392095598108213,15
11,1,0,1,-10.9054575301304,30.8,-1,0.252709007960921,15
12,1,0,1,-12.4473734434281,32.4,-1,-0.870082221894246,15
13,1,0,1,-13.3512874816769,31.9,-1,-0.263805140487071,15
14,1,0,2,-8.30734407654664,40.6,-1,-1.22102130176108,15
15,1,1,1,-17.0786523228214,30.8,-1,-1.20818593944233,15
16,1,0,2,-7.38582839955227,32.4,-1,0.619214017177177,15
17,1,1,2,-7.19758686183119,38.9,-1,-1.02520792834408,15
18,1,0,1,-12.1576528922425,32.1,-1,-0.219804260793652,15
19,1,0,3,-3.45668480976707,41.5,-1,1.77513379814463,15
20,1,2,2,-8.07961812594889,38.9,-1,0.794493704394563,15
21,1,1,1,-11.3980306222193,35.4,-1,1.4698353952299,15
22,1,0,2,-5.67663523292868,30.6,-1,-1.18628053009779,15
23,1,1,1,-17.3097824299957,32.2,-1,-0.45230211187151,15
24,1,0,1,-11.5759693081046,34.1,-1,2.28315720275434,15
25,1,0,2,-6.55165874165755,31,-1,0.0264616487785231,15
26,0,3,4,5.79109134087312,35.3,1,0.536763589060645,15
27,0,3,4,6.27454801503372,31.7,1,1.16492902886638,15
28,0,4,5,11.431013308407,40.7,1,0.558274804732589,15
29,0,3,3,1.62416172868531,31.1,1,0.815395230150025,15
30,0,3,4,6.59854590237722,36.8,1,-0.23645908312967,15
31,0,2,5,12.5936257791686,39.6,1,0.595006305848005,15
32,0,2,4,6.66203796258785,32.6,1,0.097108068839091,15
33,1,1,3,-2.25301783686734,27.7,1,-0.544664366372427,15
34,0,6,5,14.7387524440166,41.5,1,-0.758531958376792,15
35,0,0,4,5.17484175047746,40,1,0.307879762570427,15
36,0,4,5,10.9224696242663,44.9,1,-0.451617542576664,15
37,0,0,4,4.93116375370057,33.8,1,1.10317351313193,15
38,0,1,4,8.19528545986424,39.7,1,-0.768887326339038,15
39,0,0,3,0.984482410016355,35.9,1,0.638151288188362,15
40,0,4,4,4.83381591209495,34.1,1,-0.0731382202419633,15
41,0,3,4,5.18425277731838,37.7,1,1.08653704044749,15
42,0,3,4,2.80031822338832,32.4,1,-1.05543326634294,15
43,0,0,4,3.92482336532426,31.6,1,2.97169630799596,15
44,1,0,3,-1.12557540275324,33.3,1,-0.151886033119353,15
45,1,3,3,-2.86111813595838,24.9,1,0.554842170392708,15
46,0,2,5,9.49243420698614,41.1,1,-1.27554863600594,15
47,0,3,5,13.2709836432163,39.4,1,-0.309480427463597,15
48,1,2,3,-2.24365116128298,28.9,1,-0.225254095011752,15
49,0,2,4,5.71865640859541,32.5,1,-1.23082195134434,15
50,1,0,2,-4.74253651965492,31,1,3.06902216223713,15
1,1,2,3,-2.87714272786558,31,-1,2.2136657118957,16
2,1,0,2,-8.01012989568082,30.1,-1,-0.936698254229444,16
3,1,1,3,-2.82146326572249,31.4,-1,0.354615415250264,16
4,1,0,2,-6.19163350714897,34.4,-1,1.25399452076905,16
5,1,0,3,-3.09905151073913,43.4,-1,1.26491549649923,16
6,1,1,1,-10.1871089834658,33.1,-1,0.322006366934598,16
7,1,2,3,-1.27361886116438,41.2,-1,-0.0953818208280755,16
8,1,0,2,-4.19735263545895,32.6,-1,-0.368821274342559,16
9,1,1,2,-8.18230003704469,36.2,-1,-0.528728953807316,16
10,1,0,3,-2.15836050365975,43.7,-1,0.689905666698227,16
11,1,0,1,-12.1629736117262,29.2,-1,0.168800219232339,16
12,1,2,2,-6.2737977248477,30,-1,-0.0255683168610832,16
13,1,0,2,-7.88840742623348,38.6,-1,1.02880782625503,16
14,1,0,2,-6.79522316819472,33.9,-1,-0.186684483014891,16
15,1,0,2,-6.32392809113494,36.7,-1,0.589710133313305,16
16,1,0,3,-2.35508468135,41.4,-1,0.429718851644669,16
17,1,0,2,-5.00310568310429,33.6,-1,-0.332552247970367,16
18,1,2,2,-9.69551707625531,23,-1,-2.13398950816359,16
19,1,0,1,-16.3001217405515,27.7,-1,-0.162416237173102,16
20,1,0,1,-12.9178368677543,34.1,-1,-0.0864541688069154,16
21,1,2,2,-5.01113263656114,38.6,-1,-0.0172405090897847,16
22,1,0,1,-11.7518904588651,26.2,-1,0.35232735449278,16
23,1,0,1,-12.4719451302834,31.1,1,-0.0129013365302408,16
24,1,1,2,-5.78814345777682,38.2,1,0.596349146335427,16
25,0,1,4,6.37327519860177,41.5,1,2.12588316598976,16
26,0,3,5,13.8774273674399,41.2,1,-3.03211482122903,16
27,1,0,3,-1.33760889294203,33.4,1,0.330227704812089,16
28,1,0,1,-12.617011380355,35.2,1,0.670062705363384,16
29,0,0,4,3.68088139161104,38.5,1,0.282236986927108,16
30,0,0,4,4.12817551353016,36.3,1,0.43916868281345,16
31,1,0,2,-8.16290226216787,33.1,1,1.20178648786464,16
32,0,2,5,16.1840539292083,46,1,0.455734267947053,16
33,0,1,4,3.44608383146796,33,1,-0.0100557149817904,16
34,0,3,5,13.8116766350654,45.5,1,-0.507396795902151,16
35,0,1,5,10.8632441760242,37.6,1,0.551541310643245,16
36,1,0,2,-9.05881044913514,30.5,1,-0.643106674332036,16
37,1,0,3,-2.09786771375801,35.7,1,2.57514568195466,16
38,0,1,3,0.434745230822406,33.6,1,-1.1076695319451,16
39,0,0,3,0.940535199413786,35.8,1,2.00171176338058,16
40,0,4,3,2.27629859462818,36.4,1,-0.693871093288553,16
41,1,1,2,-3.32555558038971,35.8,1,1.34558855832904,16
42,1,0,2,-8.87442518409337,30.1,1,-0.504447193706503,16
43,0,0,3,3.16799546531414,36.5,1,-1.06683873017477,16
44,1,1,2,-3.97608669767716,33.4,1,-0.0809524456012352,16
1,0,0,5,6.56505246543406,38.8,-1,-1.16884660449761,17
2,1,0,4,-1.18650572488137,30.5,-1,1.39596924037764,17
3,0,1,4,1.1052331155617,33.3,-1,0.733877895748644,17
4,0,1,4,1.28242916630903,34.3,-1,-0.877361434677847,17
5,0,1,5,5.47976774561723,41.1,-1,-0.59440104986649,17
6,1,0,2,-10.3129555485409,27.4,-1,0.580857119080074,17
7,1,1,3,-5.52593917194227,31.1,-1,0.159141090676487,17
8,1,0,4,-1.34180631780836,38.2,-1,0.231959300789632,17
9,1,0,2,-8.53241407735038,36.1,-1,1.28418789801889,17
10,1,2,4,-0.594310945543304,37.5,-1,0.291247611458239,17
11,1,0,2,-6.81080936156873,30.9,-1,0.308991200367211,17
12,0,0,4,1.28751539571873,32.1,-1,0.215123119635393,17
13,0,3,5,5.06739747427271,40.6,-1,1.87960963577455,17
14,1,1,3,-1.61988850939014,31.6,-1,-0.605405307074945,17
15,1,0,3,-2.48174766654083,29.9,-1,0.925662961574163,17
16,1,1,4,-0.609775919928355,34.8,-1,-0.31646689081511,17
17,1,0,3,-2.66877088751891,25.8,-1,0.952508707181067,17
18,1,1,4,-1.3433555663086,36.8,-1,-0.728576373664732,17
19,1,0,3,-4.03610131121798,21.4,-1,-0.396420391818831,17
20,1,0,3,-4.84235601208961,31.7,-1,0.360773629835612,17
21,0,0,5,8.03480005813314,36.4,-1,-0.2693982968003,17
22,1,1,4,-5.76077450642476e-05,43.9,-1,0.0109031339490655,17
23,1,0,4,-1.40350994530051,38.6,-1,2.27309932612009,17
24,1,0,3,-3.53110647129138,37.7,-1,3.27605933104961,17
25,0,1,4,2.96040643185134,41.8,-1,-1.01091872200233,17
26,0,3,4,1.07541197801419,35.6,-1,-2.74601064541541,17
27,1,0,2,-6.99628251389739,32.2,1,-0.422565146976985,17
28,1,1,2,-10.4081390183791,26.9,1,-0.492702511701554,17
29,1,0,1,-12.7004593759809,28.8,1,0.566011096892711,17
30,0,0,4,2.9030773669598,39.6,1,0.0849904626985414,17
31,1,2,4,-0.0421664406749596,32.9,1,-1.18783662438501,17
32,0,1,4,0.318670298898114,36.7,1,-1.01852767654411,17
33,1,0,3,-4.82050872724144,37.6,1,-0.457936031751541,17
34,0,1,5,3.33744260341165,39.1,1,0.403091179818804,17
35,1,1,3,-2.44905535131416,35.2,1,0.715230083511845,17
36,1,0,1,-13.4049620814413,28.9,1,-0.904351659783481,17
37,1,1,3,-2.37168236109575,38,1,-0.993407625085621,17
38,1,0,2,-6.43192032209575,35.4,1,0.839576029683311,17
39,0,3,5,5.47271839965858,40.1,1,-1.35810635722068,17
40,0,2,5,4.82465522518716,40.4,1,0.290880157050737,17
41,1,1,4,-0.735506134084686,35.6,1,-1.05206765913631,17
42,1,2,2,-7.43859089072651,30.4,1,1.02284526781957,17
43,1,0,1,-15.8795728209285,26.8,1,-1.048661256326,17
44,1,1,3,-5.29673539753674,36,1,-0.0490384178282142,17
45,1,0,3,-5.57913103559719,33.4,1,-1.31867230258945,17
46,1,1,2,-8.21373616393906,30.6,1,0.575465815855505,17
47,0,0,4,1.67358429549493,40.8,1,1.10070047965295,17
48,1,2,2,-7.60086816401852,27.5,1,2.76804748971598,17
49,1,1,2,-9.06305242759591,33.7,1,-0.278399358762834,17
50,0,1,4,0.791444741110546,42.3,1,0.739364282918199,17
51,1,0,2,-10.3619241864138,35.7,1,-0.772961648711585,17
52,0,0,4,1.07056439775292,43,1,1.7984163393653,17
1,0,0,3,2.31052269389174,35.3,-1,0.633554390653671,18
2,1,1,1,-10.3188787866424,28.6,-1,-2.44149350230203,18
3,0,0,3,0.0488044061337174,32.9,-1,-0.102791720056332,18
4,0,2,4,6.2547924533232,38.5,-1,0.029151014497547,18
5,0,1,4,2.90072861040559,29.8,-1,-0.323240566880412,18
6,1,1,2,-3.90755100971969,42.2,-1,-2.15007111553896,18
7,0,4,4,5.43979757420211,43.9,-1,0.021250215157311,18
8,0,1,4,4.07197923922613,32.1,-1,0.764424743362392,18
9,0,2,4,4.60195316342056,36.7,-1,-0.199389594498762,18
10,0,2,4,3.27618642401033,34.9,-1,-0.331658326830283,18
11,1,1,3,-0.380537225011204,42.3,-1,-1.66774263571032,18
12,0,0,4,3.39644561730848,31,-1,0.435768703051568,18
13,0,1,4,4.21304972188506,33.9,-1,1.92763133609558,18
14,1,1,3,-0.0888685445865587,35.7,-1,-1.09408486945238,18
15,1,0,3,-1.59115186439876,37.3,-1,0.53462343755883,18
16,0,1,3,2.03301966485208,28.9,-1,-0.431466161787253,18
17,0,2,4,5.75333760067792,37.2,-1,-0.0694816104502969,18
18,0,2,3,1.71652091578243,37.3,-1,0.601325594799787,18
19,0,3,4,3.22569048119128,30.6,-1,2.501883061692,18
20,0,3,5,9.41919076128961,33.8,-1,-0.306537442535129,18
21,0,1,4,4.14709342929759,30.5,-1,-0.815927658038553,18
22,0,0,4,6.22569428009409,40.3,-1,0.727223846356408,18
23,0,2,4,5.55142529284696,40.9,-1,-0.99576829887954,18
24,0,1,3,0.524311786149372,33.5,-1,-0.659498396289002,18
25,1,0,2,-7.13733778189536,27,-1,-1.62865412232169,18
26,0,1,5,11.8000574858275,36.7,-1,-1.66455811430789,18
27,0,3,5,8.60868622102175,39.1,-1,-0.730782638145247,18
28,0,1,3,0.535672397124474,31.1,-1,-2.08020337781336,18
29,0,2,5,10.4688469663984,44,1,-0.463503402808617,18
30,1,1,1,-9.52869259899432,24.8,1,0.64573516361595,18
31,0,2,5,8.94929151970738,40,1,-1.16344697221136,18
32,1,0,1,-10.3999142682698,24.5,1,-0.603508129135727,18
33,0,1,3,1.17793045973168,34.4,1,1.70236935322073,18
34,1,0,3,-1.65033351698385,39.3,1,1.7854759138992,18
35,0,4,5,10.7109996377125,41.8,1,0.627105855749029,18
36,1,3,3,-1.46143092527348,40.4,1,0.95570343921707,18
37,1,0,1,-12.7476165824585,21,1,1.08341838243412,18
38,0,2,4,3.73768474190145,33.2,1,0.729308402305019,18
39,1,1,2,-6.64426386631589,34,1,0.884611633669573,18
40,1,1,2,-6.0620737264193,32.9,1,0.125135716241004,18
41,1,0,3,-2.19203824115774,34.6,1,0.257785037338461,18
42,0,2,5,11.1228293688821,41,1,-0.132427898497778,18
43,0,2,4,3.3941892260709,36.4,1,1.54320403495858,18
44,1,0,1,-9.92236177476846,30.5,1,-0.383074459724504,18
45,1,0,1,-7.93515859333038,31.3,1,0.0103611084443081,18
46,0,2,5,8.87086677000529,41.7,1,2.00778694320701,18
47,0,1,4,5.10093921168265,38,1,0.308840336263286,18
48,0,3,5,12.8506431697597,40.6,1,-0.129659671619935,18
49,1,1,3,-1.96483432990932,34.1,1,0.0240409487333571,18
50,1,0,3,-0.0786447315464434,34.2,1,-0.00777988432312556,18
51,1,0,2,-3.90513219223426,36.5,1,0.763368932210223,18
52,0,1,4,5.03627466841355,36.9,1,-0.147959280382176,18
53,0,2,4,4.67329142565661,40.1,1,-0.300074094203005,18
54,0,3,4,3.56404960174836,38.4,1,-0.869691836020786,18
55,1,0,3,-1.36127436734611,33.9,1,0.674629066279051,18
56,0,1,3,0.42047808896415,35.2,1,1.06656854710459,18
1,1,0,1,-12.0229297346271,34.5,-1,0.969639498449614,19
2,1,0,3,-0.933540693207094,28.3,-1,-1.290590841289,19
3,1,1,2,-6.14745729113002,36,-1,0.0744797602701133,19
4,1,0,2,-8.17664408544786,29.6,-1,-0.737672208695022,19
5,1,0,2,-5.54995172488764,34.7,-1,-0.980753237400155,19
6,1,0,2,-4.93503462934295,27.1,-1,-1.15190672628565,19
7,1,0,2,-5.83286163455215,33.3,-1,1.70827364463356,19
8,1,0,2,-6.99404708469488,41,-1,0.152979068937596,19
9,1,1,2,-7.31262351229983,26.9,-1,1.08840475449872,19
10,1,1,1,-10.7645791877615,26.9,-1,-2.00825348305948,19
11,1,0,3,-0.980258855392315,38.8,-1,-0.743232965325269,19
12,1,0,2,-4.79427384165241,33.2,-1,0.330270772782903,19
13,1,0,2,-6.70276936482151,29.9,-1,1.36647969360047,19
14,1,0,1,-11.4330845195002,35.8,-1,0.158521120798962,19
15,1,1,2,-6.20372724924664,38,-1,0.300095207211148,19
16,1,1,2,-5.56386360276394,31.3,-1,1.3937695964806,19
17,1,1,2,-7.22603762636527,33.1,-1,0.0223543423404009,19
18,1,0,2,-5.91659583397837,29.6,-1,-1.0311741020792,19
19,1,0,1,-10.2347498239726,28.7,-1,-0.972069880853,19
20,1,0,2,-9.49688281782112,26.6,-1,0.168587482345165,19
21,1,0,1,-10.217081625658,35.2,-1,-0.0622949779090204,19
22,1,1,2,-4.22688062155403,41.7,-1,1.08196687902946,19
23,1,1,1,-11.3716653609186,38.6,-1,-0.867768464472196,19
24,1,0,2,-7.98292389246713,34.8,-1,1.40608489994673,19
25,1,0,1,-11.4272528450936,32.5,-1,-1.26988647463995,19
26,1,0,1,-18.1786168138128,28.8,-1,-0.86062116665867,19
27,1,0,1,-16.4398345153379,29.5,-1,-0.00337101771514043,19
28,0,3,3,4.8068061564094,40.5,1,-3.16001871604043,19
29,1,1,2,-5.6237582827679,30.1,1,1.44157949242474,19
30,0,0,3,2.05685635290019,36.7,1,-0.22315060605303,19
31,0,1,4,8.7900840386176,39,1,2.14668703899895,19
32,1,1,2,-3.45759270615012,30.7,1,-1.63089491147607,19
33,1,3,2,-5.17455313186,32,1,-0.0956712366031202,19
34,0,7,4,11.0565638412232,40.6,1,-1.10506324523812,19
35,1,0,3,-0.295608465252171,28.3,1,1.77249250785497,19
36,1,0,2,-2.84169500772818,33.1,1,0.858896204970588,19
37,0,1,3,3.53117529396345,32.6,1,0.321767822218273,19
38,0,4,4,12.4118483756377,44,1,1.03858345912767,19
39,0,6,4,13.3724288618923,38.1,1,-1.81471327728571,19
40,0,4,3,2.25548157801357,35.2,1,0.203128533445269,19
41,1,0,2,-2.07071937586995,29.6,1,-2.32246971155787,19
42,0,4,4,6.98490725162063,32.5,1,1.20168347699497,19
43,0,0,3,2.7405398820415,37.1,1,0.364987880047276,19
44,0,2,4,11.2039357251029,38.8,1,0.770270746241093,19
45,1,0,2,-5.15277015802262,31,1,-0.231771040831017,19
46,0,6,5,22.3687946639257,47.5,1,0.539903520424217,19
47,0,1,3,4.2927532012249,41.2,1,0.0611465385028341,19
48,0,3,4,7.53908719460947,41.1,1,-0.252375041505094,19
49,1,0,2,-3.14891554202826,29.7,1,-0.50555944737357,19
50,1,1,3,-1.76208825331525,29.5,1,0.922406071065089,19
51,0,0,3,1.85500862323611,36.4,1,-0.384884477652041,19
52,0,0,3,1.54489612723044,30.4,1,0.648171546262033,19
53,1,0,1,-10.8140546160909,26.6,1,1.79079037052732,19
54,0,1,3,5.716206783187,31.9,1,-0.0387589730186948,19
1,1,1,3,-4.74246217731055,31.4,-1,0.77209171156393,20
2,1,1,3,-1.98708566338197,36,-1,-2.03197187212961,20
3,0,6,5,6.84391971851945,39.5,-1,-0.790282195161792,20
4,0,0,4,0.917545275266146,42.6,-1,-0.319825394935175,20
5,1,1,4,-1.44062896329047,42.3,-1,0.335175841967083,20
6,1,0,3,-2.7932259227414,40.6,-1,0.201908339196882,20
7,1,2,3,-1.47386772713618,38.1,-1,1.0630632100426,20
8,1,0,3,-4.03718316537319,34.8,-1,0.369396819041928,20
9,1,1,3,-3.63216362079604,34.8,-1,0.0669354476475373,20
10,0,2,4,1.85181274890479,40.6,-1,-2.06449698384355,20
11,1,1,3,-4.78587150532145,35,-1,1.05894619661595,20
12,1,2,4,-0.515022261854627,33.6,-1,0.386824624909287,20
13,1,1,3,-2.77064103840771,33.6,-1,0.264164304538103,20
14,1,0,3,-1.96005789868413,30,-1,-0.281392513897971,20
15,1,0,3,-2.27626919762917,32.2,-1,1.72442643298545,20
16,1,0,2,-7.70895573974804,19.6,-1,-0.11163854097472,20
17,1,0,2,-7.25249398201693,32.4,-1,0.400748376811482,20
18,1,2,3,-2.20583069685252,38.8,-1,-1.51215201390553,20
19,0,2,5,6.47824885720574,37.5,-1,-0.86386041400354,20
20,0,0,5,5.71419670141639,43.1,-1,-0.577979839237009,20
21,1,0,3,-6.59398687410249,30.2,-1,-1.04928476023289,20
22,1,0,4,-1.15615954260533,35.7,-1,0.462653382712779,20
23,1,2,3,-6.39571236178589,27.4,-1,-0.656183489175847,20
24,1,2,3,-2.35991585081901,24.1,-1,-1.71135265796455,20
25,1,0,3,-2.10287820640732,35.7,1,1.23278263658983,20
26,1,1,3,-2.46964893121285,38.2,1,0.762966829596863,20
27,0,4,5,9.34343707426624,46.1,1,-0.414665425003252,20
28,1,0,3,-1.71869982516667,35.7,1,1.05237816338208,20
29,1,0,2,-7.81011193393084,34,1,-1.30914064952671,20
30,1,1,2,-8.41539365428169,40.4,1,-1.19983238541452,20
31,0,3,4,0.571780285158708,36.6,1,0.742585184229248,20
32,1,1,3,-6.71884135153762,28.5,1,1.92446119702669,20
33,1,1,3,-6.81505613575994,33.5,1,0.417724120588849,20
34,1,0,3,-4.14070256912506,34.1,1,0.183883914486548,20
35,0,1,5,8.06357367550075,36.2,1,-0.217785581489766,20
36,1,0,2,-11.9832270508666,30.8,1,-0.0924089773681259,20
37,1,0,1,-17.6289523673852,31.5,1,-0.540366584682562,20
38,1,0,1,-15.7390254166319,28.5,1,-0.266349816881583,20
39,1,0,2,-12.0915873635326,31.8,1,-1.03017045094774,20
40,1,1,3,-3.8967725221535,38.7,1,-2.04851801657611,20
41,0,1,4,0.54463749613012,35.9,1,0.0414244146501363,20
42,1,1,3,-5.41512343697296,37,1,0.162710754179961,20
43,1,0,2,-7.80962005398405,33.3,1,-1.05496771785318,20
44,1,0,3,-4.76961524992724,36.4,1,0.752877127729189,20
45,1,0,2,-9.92228630476089,28.1,1,1.05965410184126,20
46,0,0,4,0.165509177207612,33.9,1,1.03599502863935,20
47,1,0,1,-14.3067506907548,30.2,1,0.0352587353012143,20
48,1,1,3,-3.06237526691587,36.9,1,-0.899723980402153,20
1,1,1,1,-13.0030193160388,33.3,-1,1.43229264794012,21
2,1,1,1,-16.9391096276973,35.2,-1,-1.30401401732503,21
3,1,0,2,-4.29746892754757,50.8,-1,-0.073333736156177,21
4,1,0,2,-9.38466078100303,38.7,-1,-0.641700891689001,21
5,1,1,1,-10.4391831784421,41.6,-1,-1.40413643118588,21
6,1,0,2,-7.19384122642095,39.5,-1,1.12498024440013,21
7,1,0,2,-7.70226097759055,34.6,-1,1.07683737880171,21
8,1,0,2,-6.41260849029461,36.2,-1,1.57989547549951,21
9,1,0,1,-10.6088744517801,42.6,-1,-2.63817524960178,21
10,1,0,1,-15.1395110706022,33.9,-1,-0.903469534309298,21
11,1,0,1,-9.6395500509699,34,-1,1.02768462724798,21
12,1,0,2,-8.9505963390008,30.3,-1,-0.380173568158235,21
13,1,0,1,-14.6687071191684,33.3,-1,0.60003265420582,21
14,1,0,1,-12.5675341329042,33.5,-1,0.919528238001708,21
15,1,0,2,-6.31274883444448,42.6,-1,2.12378084793074,21
16,1,0,1,-14.1299034484648,31.6,-1,1.29934679547752,21
17,1,1,2,-6.2946450628521,36.9,-1,-1.9209338124354,21
18,1,0,1,-17.6560125430636,34.8,-1,0.717849924032692,21
19,1,2,2,-8.85455302052301,25.7,-1,-0.955085394850195,21
20,1,0,1,-10.9478697204666,38.4,-1,-1.92130270397926,21
21,1,0,2,-3.93481707129964,46.6,-1,0.302838608316809,21
22,1,0,1,-11.3913852396217,36.9,-1,-0.0799301802428426,21
23,1,0,1,-18.782845915071,34.1,-1,0.255036902937426,21
24,1,0,1,-14.0854886557571,32,-1,0.42215472818409,21
25,1,0,1,-11.2579995840716,36.3,-1,-0.316419825726084,21
26,1,0,1,-10.3248296585764,31.2,-1,1.56470598814804,21
27,1,0,1,-17.0284640509546,34.1,-1,0.435234554652145,21
28,0,4,3,7.16240154076123,37.8,1,-0.33718685195518,21
29,1,1,2,-1.19163926410043,36.4,1,0.513784568662861,21
30,0,1,4,9.51466996060926,36.5,1,-0.656827672988557,21
31,0,3,4,12.5126178510549,40.9,1,-0.0134792880335913,21
32,0,1,3,3.21851585718165,38,1,-0.968994458237782,21
33,1,1,2,-1.87005228163479,31.6,1,-0.919533627995544,21
34,0,4,3,3.33392057906066,36.3,1,-0.605101355642346,21
35,0,7,4,12.9279335223124,41.2,1,1.96538778781504,21
36,0,5,3,5.14509611392217,35.1,1,-1.20602973985223,21
37,0,4,3,7.79990577117824,42.3,1,0.654583841563974,21
38,0,0,4,10.0254277203672,41.2,1,0.172907056938304,21
39,0,6,4,11.6847654734752,38.8,1,0.9008409219273,21
40,0,0,3,2.6851142473051,31.6,1,0.742858568101338,21
41,0,0,3,0.0204065894724299,36.3,1,-0.104338682017757,21
42,0,2,3,3.99580574248161,39.4,1,-0.796895615941572,21
43,1,0,2,-1.70409942069569,32.2,1,0.161727252075324,21
44,0,4,4,9.38663920961981,33.9,1,1.12885825363976,21
45,0,1,3,5.99231362347235,34.9,1,-1.31559922060055,21
46,0,15,5,27.252421863548,50,1,1.46518865632329,21
47,1,0,1,-13.761472855787,25.7,1,-1.33586922420197,21
48,0,1,3,4.6524179721654,37.1,1,-0.686262931966032,21
49,1,1,2,-1.98651962533491,34.9,1,0.555742728105378,21
50,1,1,2,-1.17039872737071,37.1,1,-1.4675023706401,21
51,1,0,1,-9.63773485318988,26.3,1,-0.892540373058586,21
52,0,0,3,0.723966701228773,33,1,-0.545116954354643,21
53,0,3,4,9.54094796908731,37.1,1,-1.38272683574242,21
54,1,0,2,-0.499827617888922,35.6,1,0.256581371207212,21
1,1,0,1,-14.2608620215829,29.2,-1,0.159829262921566,22
2,1,0,1,-10.7474694422467,23.9,-1,-1.48590242607226,22
3,1,0,2,-9.13095327189569,37.9,-1,-0.853245221403922,22
4,1,0,1,-10.3517586798048,39.5,-1,-0.24122760314302,22
5,1,0,2,-9.11105710624441,37.5,-1,1.43975835600499,22
6,1,1,2,-6.85664398721769,40.6,-1,0.396763184223479,22
7,1,1,3,-1.763010708854,38.9,-1,1.18186042062862,22
8,1,1,2,-7.64114500620796,33.4,-1,1.07596049609105,22
9,1,1,2,-7.7261831949989,40.8,-1,-0.118801204977622,22
10,1,1,2,-7.13823093230379,34,-1,-1.14378902540989,22
11,0,1,4,0.367250435598462,36.3,-1,0.543403823899231,22
12,1,1,2,-4.8375742181002,41.4,-1,-1.0874262194043,22
13,1,0,2,-5.57665784469231,36.3,-1,0.0288269840808432,22
14,1,0,2,-6.93541786946222,41,-1,-0.168131383846965,22
15,1,0,1,-9.74277269351984,38.8,-1,-1.23530990131691,22
16,1,0,2,-5.0326709205834,31.5,-1,0.865723264018775,22
17,1,0,1,-9.92436153890496,34.1,-1,0.341372132841802,22
18,1,1,1,-13.8814256722478,42.6,-1,-0.889981624223431,22
19,0,0,4,1.7944612696365,35.8,-1,0.854703576638754,22
20,1,0,1,-9.46902307120739,32.6,-1,-0.182517457936465,22
21,1,0,1,-9.63278980694095,33.1,-1,-0.0580360959813882,22
22,1,0,2,-7.01143934746561,38.5,-1,-0.463734718774243,22
23,1,0,1,-10.3234479040043,25.4,-1,-2.09330383563285,22
24,1,0,1,-10.5613208676317,35.8,-1,1.26130718067939,22
25,1,1,2,-7.78951590215751,27.5,-1,1.7369289447961,22
26,1,0,2,-7.24159762817872,41.1,-1,2.06297762435354,22
27,0,1,4,2.59809421013696,39.4,1,0.157208150483627,22
28,0,2,4,3.10383032183578,38.5,1,0.827162658430186,22
29,1,0,3,-4.36593104366314,35.6,1,-0.843866077208116,22
30,1,0,2,-8.72489508511419,30.8,1,-0.179678923714299,22
31,1,0,2,-7.14823494680657,32.2,1,0.848709195913885,22
32,1,2,3,-3.98870418983403,41.4,1,0.171472509607797,22
33,1,1,3,-3.38724566191729,31.3,1,0.991654835758623,22
34,1,1,3,-1.49832107550078,39.8,1,0.199778789922227,22
35,0,2,5,9.87748800482733,45,1,-0.294550859734565,22
36,1,1,2,-5.31611041178205,34.5,1,-2.41734479882218,22
37,0,0,4,4.30223195809442,40,1,-1.37061383235558,22
38,0,2,4,1.57929417608322,38.5,1,1.11371000195905,22
39,1,0,3,-3.34128704106959,37.8,1,-1.81002836029183,22
40,0,2,5,6.55676373188236,42.3,1,0.476038817705802,22
41,0,1,4,4.97258893970636,39.5,1,0.506998423606783,22
42,1,0,3,-0.906796755240823,26,1,-0.152389895342336,22
43,1,0,1,-10.5460804043231,24.9,1,1.09412010884137,22
44,1,2,3,-0.228923504482302,32.3,1,-0.0596346966251124,22
45,1,0,3,-3.87706746679576,36,1,-0.51495172709972,22
46,0,1,4,4.57299137752323,38.5,1,-0.448691411007644,22
47,1,0,2,-7.76060983261798,32.5,1,0.512253836236567,22
48,1,0,2,-5.08928937380053,36.7,1,0.860735468341918,22
49,1,0,3,-2.89061861803805,29.1,1,0.117282913311218,22
50,1,1,3,-0.158400485707358,41.2,1,0.782596766075276,22
51,1,0,3,-2.27908294276608,35.2,1,-0.904448736769803,22
52,0,2,4,4.67062453703815,40.5,1,1.58940913033512,22
1,0,0,4,3.32378514405243,45.5,-1,-1.55974680076316,23
2,1,2,2,-8.6941679462096,30.2,-1,0.183079143288533,23
3,0,1,4,5.70796197483298,37.5,-1,-0.0461421721437795,23
4,1,0,2,-3.81175147027131,27.4,-1,-0.30977830546816,23
5,1,0,2,-5.96244089145356,29.3,-1,0.427124315254944,23
6,0,4,5,11.9190205444926,36.8,-1,-2.16343081073641,23
7,1,1,2,-5.15917846573024,40,-1,0.0874438501102094,23
8,0,1,4,1.52670136400776,33,-1,0.633458266213081,23
9,1,1,3,-1.53193226911309,29.9,-1,0.41645790328881,23
10,0,2,3,0.669766042977065,36.6,-1,0.191195052997357,23
11,1,0,2,-4.74062663996176,31.6,-1,2.0343513938279,23
12,1,1,2,-4.43300041512768,28.1,-1,2.0044601568596,23
13,0,0,3,1.34317436027748,38.1,-1,-1.00192443250811,23
14,0,4,4,6.40199621296471,45.3,-1,-0.139104880728225,23
15,0,1,4,2.83581016643269,35.8,-1,2.00958414973181,23
16,1,1,3,-1.06046907674052,41.5,-1,0.261859237356669,23
17,0,0,4,3.85744516485049,26,-1,0.766729167475082,23
18,0,0,3,0.451542569859087,30.2,-1,-1.94273746813741,23
19,1,1,2,-6.06698576150999,32.8,-1,-0.481660198300637,23
20,1,2,3,-1.91676010211227,34.8,-1,-0.363933572403178,23
21,1,0,2,-6.24637732349616,33.8,1,0.414033976702294,23
22,0,3,5,8.86155922464515,40.9,1,-1.21125814235872,23
23,1,1,1,-9.19793455367056,29.8,1,-1.07476922991318,23
24,0,2,4,1.65720242753869,32.1,1,1.72154648792839,23
25,0,0,4,4.94926841068981,36.8,1,0.00823701816046266,23
26,1,0,1,-14.2034854172078,27.8,1,-0.887348726073145,23
27,0,4,5,8.46914179055457,35.2,1,0.224200887666491,23
28,0,1,5,9.25560448143496,40.6,1,1.33703909510937,23
29,0,2,4,3.37302180834083,38.2,1,-0.104569105889285,23
30,0,4,4,5.65936405580572,40.7,1,1.39888276161829,23
31,0,0,4,4.17237649185093,36.9,1,2.08428872325459,23
32,0,2,5,10.6468126320011,38.1,1,0.364689683312782,23
33,0,4,5,6.82839612340865,38.3,1,-0.935500299167499,23
34,1,1,3,-2.48546037693513,30.7,1,-0.676126769750799,23
35,0,3,4,5.50236624355818,38.2,1,-0.578672418473123,23
36,0,1,3,1.02745362839583,38.7,1,0.233769006394587,23
37,1,0,2,-4.60852846594779,30.1,1,-1.62870439172612,23
38,0,3,5,8.65641932685736,38,1,0.493298667402253,23
39,1,0,2,-5.80046460666598,32.8,1,-0.249778945977913,23
40,1,0,1,-10.1446355874154,27.7,1,-0.286435837513232,23
1,1,0,1,-10.8791512747265,33.2,-1,0.202783624947505,24
2,1,2,2,-4.31475422501631,35.5,-1,0.341002324898051,24
3,1,0,2,-5.8486260131577,32,-1,0.663104614823319,24
4,1,1,2,-6.52675669488518,32,-1,0.776748638635986,24
5,1,0,1,-8.89223018525255,40.2,-1,-2.42888745562753,24
6,1,0,2,-7.13821402084266,26.1,-1,0.163382031074283,24
7,1,1,2,-6.01747417985469,39.6,-1,-0.2990987164908,24
8,1,1,2,-2.01022604607412,38.5,-1,0.279994497546074,24
9,1,1,2,-6.19980128446556,29.6,-1,0.935722507778476,24
10,1,0,2,-6.34002224270183,39.1,-1,0.844313040620862,24
11,1,1,1,-12.4493419236358,27.1,-1,-1.21702164651003,24
12,1,0,2,-5.9598018972244,32.9,-1,-1.27358041579138,24
13,1,1,2,-4.2295465479337,41.2,-1,-1.00926310335119,24
14,1,0,1,-14.3221372568906,34.2,-1,-0.458381347798145,24
15,1,0,2,-5.16470324777764,30.9,-1,-0.273808543405457,24
16,1,0,2,-3.65017435371391,36.9,-1,1.30457768834766,24
17,1,0,1,-9.66810491434702,35.8,-1,0.955091019279105,24
18,1,0,1,-9.68654043244021,35.2,-1,-1.48287500560825,24
19,1,0,1,-11.3178039563893,27.5,-1,1.29151771325788,24
20,1,0,2,-5.01020441251696,44.3,-1,1.87594833938495,24
21,1,1,2,-4.149939789961,38.9,-1,-0.684646162084411,24
22,1,1,1,-7.9781725868462,35.7,-1,1.2991056552388,24
23,1,0,1,-11.8334634398524,45.9,-1,-0.830800625984951,24
24,1,0,1,-10.5603146104035,33.4,-1,1.04571370672848,24
25,1,0,1,-8.31873922328795,31.1,-1,-1.15620885881743,24
26,1,0,2,-6.25987113354793,28.5,-1,1.1833782526718,24
27,1,0,1,-9.49630678720799,28.9,-1,0.016230234024757,24
28,1,0,1,-14.2834273202304,36.9,-1,0.590403428586934,24
29,0,1,3,3.39548503385168,39.5,1,-1.08543486452378,24
30,1,1,2,-1.54003050926629,35.8,1,0.376783718677875,24
31,1,0,2,-3.97696890576875,38,1,0.442719587672226,24
32,0,8,5,19.3713348443559,49.4,1,0.923656418380831,24
33,1,2,2,-1.60708682802382,35,1,1.68470046601541,24
34,1,0,1,-8.40611021825849,28.8,1,-0.99415947520065,24
35,0,1,3,0.792492555374877,37.3,1,0.15725054046847,24
36,1,1,2,-1.52861004828212,34.5,1,0.0480536651402612,24
37,1,1,2,-6.34778842722998,34.7,1,0.750522141100105,24
38,0,0,3,1.54339406678166,37.5,1,0.819761578157655,24
39,1,0,1,-12.8200733338231,22.3,1,1.79046828273399,24
40,1,0,2,-2.1018956732527,28.8,1,-1.89660758942656,24
41,0,0,3,0.341156126037538,34.2,1,1.08479972017441,24
42,1,0,1,-10.3172642712192,31,1,0.69593326510812,24
43,1,0,1,-7.71006589972387,29.7,1,0.468001587718472,24
44,1,1,2,-1.25403107550547,37.1,1,0.00832573667208105,24
45,1,0,2,-4.26586396141178,33.2,1,0.726008780651634,24
46,1,1,1,-11.6055249933398,31,1,-1.96359394968721,24
47,1,0,2,-5.98426739160027,28.1,1,0.590602503607505,24
48,1,0,2,-2.81136481353657,36.9,1,0.495454377810485,24
49,0,0,3,1.86512996875694,40,1,-0.15834629621425,24
50,0,0,3,3.77819196847814,38.5,1,-1.54148918346116,24
51,0,0,3,2.63619404816209,34.1,1,-1.31101781326128,24
52,1,1,2,-3.89015995298211,35.8,1,0.29674300492282,24
53,1,0,2,-6.6947690893844,32.8,1,-1.39294554923724,24
54,0,6,3,3.27157585332216,36.7,1,2.05228600070766,24
55,1,0,2,-6.56077440562733,34.3,1,0.951192874340197,24
56,1,2,2,-1.92905414608889,38.9,1,1.0567122931308,24
1,1,1,2,-8.73058448291813,27,-1,-1.40429447406392,25
2,1,0,3,-0.936737779906377,38.4,-1,1.0001399503734,25
3,1,0,2,-6.42959280990553,28.9,-1,0.943448946245097,25
4,1,0,2,-4.62301447947534,35.2,-1,1.06987747341574,25
5,0,1,3,3.47318810662983,46,-1,0.141383731722825,25
6,1,0,2,-7.13355195199046,38.1,-1,0.20667333622734,25
7,1,1,2,-5.73549396409764,32.5,-1,1.10658631961432,25
8,1,0,3,-0.199814639391473,27.2,-1,-0.322997394684656,25
9,1,0,1,-14.9924993102473,34.2,-1,-0.984092071003184,25
10,1,1,3,-0.577337502033004,39.5,-1,1.57587997201097,25
11,1,1,2,-6.83250069637486,39.6,-1,-0.0194607065191109,25
12,1,0,1,-11.4576808501385,22.5,-1,0.351604561764037,25
13,1,1,2,-10.3421230351747,36.8,-1,0.461613374453899,25
14,1,0,2,-7.97775440858922,39.6,-1,-0.544263920526062,25
15,1,0,2,-6.53420271620261,35.6,-1,0.683600776071178,25
16,1,0,3,-1.32118995446403,37.5,-1,0.67188995118874,25
17,1,0,2,-9.20697446689525,37.3,-1,-0.200102630177793,25
18,1,0,3,-3.03888204199717,38.6,-1,-1.87573688371231,25
19,1,0,2,-4.43544115339195,30.3,-1,1.13942820753341,25
20,1,0,2,-4.45519251889966,31,-1,-2.46565919303375,25
21,1,0,1,-13.3221426098128,36.1,-1,0.171381183403703,25
22,1,0,1,-14.8983841330436,28.8,-1,-1.02130921031616,25
23,1,0,2,-5.43665815042974,37.6,-1,1.72604917057196,25
24,1,1,1,-17.8594843915949,23.8,-1,1.09781339092762,25
25,0,4,4,10.6827048600446,36.9,1,-1.23580338158421,25
26,0,4,5,11.724770859015,37.6,1,-0.475279085972213,25
27,0,1,4,5.24250520091929,36.4,1,2.12031334593708,25
28,0,1,3,2.32284880326367,27.9,1,1.2942555559884,25
29,0,3,5,11.1085116411199,38.5,1,0.541976885146811,25
30,0,7,5,18.2913047008796,41.3,1,-0.667025798445824,25
31,0,1,3,2.01630947967866,39.1,1,1.170615186583,25
32,0,1,3,3.2617345858087,35.9,1,2.29686403006441,25
33,1,1,3,-3.05794476862821,34.7,1,-1.58398971579427,25
34,0,9,5,16.2906398469441,39.6,1,-2.74071806341786,25
35,0,1,3,0.337716435340243,30.6,1,-0.969275529049637,25
36,0,2,4,5.98974419015768,34.1,1,0.850521272919128,25
37,1,0,2,-7.57190745688004,30.5,1,0.966223625766776,25
38,0,1,4,5.74110286483868,36.9,1,0.486826681549722,25
39,0,4,5,14.5173465798138,41.9,1,-0.205340730685498,25
40,1,0,3,-1.30036509251172,27.8,1,-0.0554449023846599,25
41,1,1,2,-6.40871934287522,29.2,1,0.294038402698826,25
42,1,1,3,-0.333920611454631,31.8,1,0.194364435371891,25
43,0,0,3,0.472445563903094,33.4,1,0.681576314429685,25
44,0,2,3,2.97336203728728,35.5,1,0.87703593657192,25
45,0,1,3,1.35705214390756,31.5,1,-0.148380554765593,25
46,0,1,5,12.9344892830264,37.9,1,0.165918091162689,25
47,0,3,5,11.4928767449725,41.2,1,0.252042133954774,25
48,0,5,5,14.1341749302265,37.5,1,-1.22229668281941,25
1,1,1,3,-3.57038767205535,36.1,-1,0.999128526346668,26
2,0,1,4,0.145176606909603,37.4,-1,0.209918221269299,26
3,1,0,3,-5.44629044215424,34.2,-1,-1.59741211574101,26
4,1,0,3,-2.77238003267931,23.6,-1,-0.278674557381094,26
5,1,0,3,-3.98750807835236,33.2,-1,-0.988776073034135,26
6,1,0,3,-4.82861599930658,37.7,-1,0.337395253961312,26
7,0,2,4,1.74365184342149,33.8,-1,0.132384828624351,26
8,0,2,4,1.02401046421104,38,-1,-2.60187879745895,26
9,0,1,4,1.11217373294441,37.3,-1,0.0804148605961257,26
10,1,0,4,-1.09656093507455,26.5,-1,0.597775459413562,26
11,1,0,2,-7.78343717425701,25.9,-1,-0.910296996862208,26
12,1,0,4,-0.908858209880922,33.3,-1,1.403080277777,26
13,0,2,4,0.346936838788849,24.8,-1,-0.501244173840004,26
14,1,2,3,-4.7549212794885,33.9,-1,-1.37466256689995,26
15,1,0,3,-4.53948550527591,30.4,-1,-1.25620668792554,26
16,0,3,5,4.29087700674252,38.8,-1,0.00310697926631295,26
17,1,0,2,-9.7103775751058,36.1,-1,0.628013439667221,26
18,1,1,3,-5.14623060623315,41.4,-1,0.662085874545027,26
19,1,0,3,-5.8566121109774,40.8,-1,-0.24604016374767,26
20,1,1,2,-10.4442097759659,40.9,-1,0.313298307889823,26
21,1,0,4,-0.539052226177208,40.5,-1,0.928013826431871,26
22,1,3,3,-3.95590030759724,31.1,-1,0.258293853742339,26
23,1,1,1,-13.7541240444172,29.7,1,-0.692238381179932,26
24,0,1,4,0.262751036233482,35.3,1,-0.155426149813998,26
25,1,0,3,-3.51372284018818,36.5,1,1.22144958072451,26
26,1,1,3,-3.78157940403819,31.3,1,0.483604582680411,26
27,0,2,5,6.60545644318137,43.7,1,-0.771876983897593,26
28,1,1,2,-7.8432834231433,28.4,1,0.353956628080558,26
29,1,0,1,-11.7569774613719,30,1,0.474810266167453,26
30,0,0,5,6.17096336328126,40.6,1,-0.42880269207519,26
31,1,1,3,-5.9878736034176,28.9,1,-0.566635854366922,26
32,0,2,5,4.19765794263265,37.7,1,0.212821413067446,26
33,0,0,4,1.1311925868687,34,1,0.920113727979029,26
34,1,1,3,-4.71848595146366,32,1,-0.4763177946051,26
35,1,1,3,-4.00593146391474,33.2,1,-1.02911550805839,26
36,1,0,3,-5.44567459180341,31.8,1,-0.679076305490701,26
37,1,0,3,-5.69741255783996,36.1,1,1.37412589488925,26
38,0,2,5,4.57094445777345,41,1,0.556296233380891,26
39,1,0,1,-14.4042228360838,26.6,1,-0.804053941037364,26
40,0,2,4,1.94445016884505,37.6,1,-0.882731684013607,26
41,1,0,1,-15.5847155600872,27.8,1,-0.640960531827171,26
42,0,3,5,6.01803357111063,36.9,1,1.36398718596671,26
43,0,1,5,7.64492619284203,39.6,1,-1.84089061187786,26
44,1,1,1,-11.4562216049375,33,1,0.615214975981415,26
1,1,0,2,-6.42471123132603,26.7,-1,-0.979918221739031,27
2,1,1,3,-5.36776877899946,42.4,-1,-0.829823110051359,27
3,1,1,3,-5.62824438122179,31.8,-1,0.104564748758497,27
4,1,1,2,-7.20623909147484,27.5,-1,-0.573824377456961,27
5,1,0,3,-5.97763124580212,39.8,-1,0.0862205824351546,27
6,1,3,4,-0.440492611616464,43.8,-1,1.11150010337027,27
7,0,2,4,2.44273087219292,35.5,-1,0.922572188634981,27
8,0,2,5,3.73559557094537,38.9,-1,-0.598317515033323,27
9,1,0,4,-0.182256736895252,36.8,-1,1.25187588908808,27
10,0,0,4,0.259952263916403,42.5,-1,-1.05882160391166,27
11,1,1,3,-5.10250804514866,35.4,-1,0.767693455727515,27
12,0,3,5,3.01408192342093,41.3,-1,0.683867994175083,27
13,1,0,1,-11.3211184186527,26.5,-1,0.0720611991027443,27
14,1,0,3,-5.02750572931791,26.8,-1,-0.244613672572612,27
15,1,1,4,-0.580678829329063,35.3,-1,-0.238482268600693,27
16,0,0,4,0.201218025235804,40.8,-1,0.0531519007233864,27
17,1,0,3,-5.9256942167899,33,-1,0.881753207872596,27
18,0,0,5,3.13026332539472,34.7,-1,-0.221579171797015,27
19,0,0,4,0.409325463404127,40.6,-1,-2.11913284314806,27
20,0,1,5,6.4675167457717,35.9,-1,0.9834775829984,27
21,1,0,2,-6.85436681163206,36.8,-1,-0.65805430629933,27
22,1,0,2,-8.31008415886009,32.2,-1,0.947804337586946,27
23,1,0,4,-0.88908517924278,37.7,-1,-0.161720102591124,27
24,1,1,4,-1.23176119899935,32.6,-1,-0.160440679723397,27
25,1,0,2,-7.10542952266784,33.1,1,-0.65515708640783,27
26,0,3,5,7.17911960738883,40.7,1,0.202440154986859,27
27,1,0,1,-11.6734307283815,31.6,1,2.32799319379651,27
28,1,1,3,-6.31005532608783,28,1,1.49523788795863,27
29,1,2,3,-3.85722143795873,41.1,1,0.871499604647715,27
30,1,0,3,-5.8756924048556,34.2,1,0.379978533739127,27
31,1,1,2,-6.9118392526365,34.8,1,-0.332577634856818,27
32,1,0,4,-1.50653380767733,40,1,-0.188854780725027,27
33,1,1,4,-1.05752838402535,35.9,1,0.82784448861328,27
34,1,1,4,-0.72741564308061,35.2,1,-0.217697788652432,27
35,1,1,2,-8.62735925150271,32.3,1,-2.44962385552918,27
36,1,1,4,-1.04200025273554,32.1,1,-0.610831450319083,27
37,1,0,2,-6.89602425095987,35.2,1,-1.49749700996845,27
38,1,0,1,-11.7308719892425,30.9,1,0.816879544098284,27
39,1,0,2,-10.2395537205484,30.3,1,-0.260029734525419,27
40,0,1,5,3.25189291868806,38.6,1,-0.28870444359668,27
41,1,1,3,-4.98681153886973,35.6,1,0.131166059494393,27
42,1,0,3,-2.33245305165711,35.8,1,0.410457785167794,27
43,1,1,4,-0.56308695307447,44.2,1,1.24573253297483,27
44,1,0,1,-14.0339506820911,27.4,1,-0.186017015194812,27
45,1,2,3,-4.33800905950392,34,1,-1.77676453377645,27
46,1,0,1,-15.3515487227671,25.7,1,-1.19561163414488,27
47,1,1,1,-13.8590901810611,26.4,1,1.20688126524683,27
48,1,2,2,-8.908250377923,33.9,1,0.23590114821728,27
1,0,1,4,4.16074103186314,36.1,-1,1.5960376564118,28
2,1,1,2,-6.54189836329326,35.4,-1,0.061702376625672,28
3,1,0,2,-9.2240549446703,24.2,-1,-0.875788375542869,28
4,1,0,3,-0.370008735724913,28.6,-1,-0.41923827079322,28
5,0,3,4,4.22492590551268,32.5,-1,1.44876925882569,28
6,1,1,3,-0.316088683982022,43.2,-1,0.158025891998427,28
7,1,1,2,-6.26788720468979,31.7,-1,0.444576578923356,28
8,1,0,2,-10.973180942404,35.8,-1,1.59118152833518,28
9,1,1,3,-2.54681858394182,36.3,-1,-0.800170544196715,28
10,0,1,4,3.77733987204839,30.4,-1,-0.900637806418494,28
11,1,0,2,-8.87055641481561,30.3,-1,1.84764322853031,28
12,1,0,3,-2.25198574115192,38.2,-1,0.66067998726019,28
13,1,1,2,-5.21429041835118,31.5,-1,0.961874990017946,28
14,1,1,2,-5.44698865669712,25.5,-1,-0.814122305279458,28
15,1,0,3,-2.42875087766834,38.8,-1,-0.897538461086451,28
16,1,0,3,-3.96711839296569,31.3,-1,0.269533018253831,28
17,1,0,2,-6.9533302224759,31.1,-1,0.443097286963023,28
18,1,2,3,-3.20869096676788,31,-1,0.634290669834128,28
19,1,0,2,-8.9774060639924,34.4,-1,0.386822893341999,28
20,1,1,3,-3.43395953031134,26.8,-1,0.32372482789191,28
21,1,1,3,-2.61289320657388,42,-1,-0.071471635429594,28
22,1,1,3,-2.88493684990998,32.1,-1,-0.310060363813375,28
23,1,0,3,-2.52693650757379,26.1,-1,1.60221823093296,28
24,1,0,3,-4.28469600770491,33.6,-1,0.626548508791501,28
25,1,1,2,-8.17891605624358,27.3,-1,-1.33125200351697,28
26,1,1,2,-7.48414133513135,32.9,-1,0.0851614256199187,28
27,1,0,2,-7.89834638205685,39.5,-1,-2.00950986423278,28
28,0,2,3,1.14494190595467,30,1,-0.584509978175861,28
29,1,0,3,-3.30524010338826,32.1,1,-0.190162278584223,28
30,1,3,3,-1.37055583862089,35.4,1,0.319902121187416,28
31,0,2,5,14.9456348211641,50.4,1,0.108701530288604,28
32,0,0,4,3.11093782468439,34.6,1,1.2219178354649,28
33,0,0,4,3.71855924463238,30.3,1,0.570560185147857,28
34,1,0,1,-17.8817286574926,23.7,1,0.8239321373459,28
35,0,1,3,1.32791900066405,35,1,-0.769723309006966,28
36,0,3,4,5.0655051618788,38.7,1,-1.26015899007774,28
37,1,0,2,-5.67236077715835,32.9,1,1.47821620800445,28
38,1,1,3,-4.40456450549927,37.8,1,-0.977709180939644,28
39,0,2,4,5.63470351096705,34.8,1,-0.242817182421464,28
40,0,2,4,7.48555534524038,37.8,1,0.565478293996164,28
41,0,2,5,9.4328924393255,35.7,1,-0.458613676313244,28
42,0,1,5,11.3403440030711,39.1,1,2.43449686943348,28
43,1,1,2,-6.90369221741712,34.7,1,-0.57414848825145,28
44,0,0,4,3.86485642797031,34.5,1,-0.577751614526189,28
45,1,0,3,-3.66007830212175,33.4,1,0.492531171040445,28
46,1,0,2,-7.48610153403981,31.3,1,1.32368624270558,28
47,1,3,3,-2.4917292870622,33.6,1,0.367878496163162,28
48,0,1,4,3.23085860402734,33.3,1,0.47272342667849,28
49,0,1,4,2.13167741796944,39.6,1,1.04507325126278,28
50,1,0,3,-3.90212077794447,32.6,1,1.16502407543431,28
51,0,0,4,1.88197775215318,38.7,1,0.658901042921937,28
52,1,1,3,-2.13295579496353,33.6,1,-0.291365415273011,28
53,1,1,3,-3.42789660717001,41.8,1,-1.38009301327306,28
54,1,0,1,-14.3555605649575,27,1,-0.143054517749148,28
1,1,0,3,-4.46689304456363,37.8,-1,-0.271219734683097,29
2,0,1,4,1.2997530485064,32.1,-1,-0.073943191875993,29
3,1,4,3,-3.55112174299669,35.1,-1,0.773272068474573,29
4,1,1,3,-4.59504735068319,31.1,-1,0.485733552055182,29
5,1,1,3,-4.38592205572269,41.2,-1,0.251120013009542,29
6,1,0,2,-8.98936917168465,35.9,-1,-0.614023811700696,29
7,0,0,5,4.45151225325986,38.5,-1,-0.77650387873596,29
8,1,1,4,-0.327212945723482,34.5,-1,-0.280263499915897,29
9,1,1,2,-6.96020227813275,43.2,-1,0.000358162662652708,29
10,1,2,3,-2.80630810781095,44.5,-1,-1.22612910961265,29
11,1,0,3,-4.82438714787878,44,-1,0.190103674034645,29
12,1,0,1,-13.7429512258295,30.7,-1,-1.21721721326107,29
13,1,0,3,-5.0428579941181,30,-1,-1.4552193572866,29
14,1,1,4,-1.11103316481506,33.4,-1,0.50086296682807,29
15,1,0,4,-2.10322919632469,36.8,-1,0.00344353667346411,29
16,1,0,1,-16.1872314103652,36.6,-1,-1.23060238946067,29
17,1,0,3,-2.56259497900786,25.7,-1,0.930324946205416,29
18,1,2,3,-3.71738810416592,45,-1,1.31762016903923,29
19,1,0,3,-5.60679447760652,38.9,-1,0.28840541591158,29
20,1,1,3,-5.64803981859854,38.6,-1,-0.14909208773351,29
21,1,1,4,-1.86182957247375,39,-1,2.73414080162291,29
22,1,1,2,-8.7473081062661,35.8,-1,-1.33639077530232,29
23,1,0,4,-2.00939297715006,35,-1,-2.03018797037051,29
24,1,0,2,-8.50913935876566,29.4,-1,-0.0944735433715526,29
25,1,1,4,-0.79881945825823,34.1,1,0.60947956560251,29
26,1,1,2,-9.39654177479351,30.7,1,1.35410176427683,29
27,0,2,5,5.33189337070944,42.2,1,1.39373571996443,29
28,1,1,2,-11.3261140982293,30.9,1,-0.289053428271443,29
29,1,0,2,-8.55620959073269,29.5,1,0.63801989632191,29
30,1,0,3,-5.11908376093758,33.6,1,-0.333738010416148,29
31,1,0,2,-7.03973619711664,28.9,1,0.397432992354032,29
32,1,0,3,-5.61584764484385,28.5,1,-0.718122296604522,29
33,1,0,3,-5.80573035246324,29.2,1,-0.606657216687383,29
34,0,0,4,0.280756948585962,37.4,1,1.05593341038926,29
35,1,0,4,-0.2160970927836,32.8,1,-0.652594078135308,29
36,1,1,2,-9.12494377885761,35.7,1,0.917645273388286,29
37,0,2,5,6.04488708516021,36.4,1,-0.798260626060903,29
38,0,3,5,4.06734700381203,40.7,1,-0.0110547566220987,29
39,1,2,2,-7.76124343732829,33.8,1,-0.0405330403571934,29
40,1,0,3,-3.47981953961043,31.6,1,1.7549051492973,29
41,0,1,5,3.76718248492357,43.3,1,0.172524062804441,29
42,1,0,3,-4.49884384381643,35.8,1,0.641546488718655,29
43,1,0,2,-7.82293450743197,33.8,1,-0.890128315408063,29
44,0,0,4,0.159630125615574,38.5,1,0.191274483588613,29
45,0,2,5,6.94617293260887,44.3,1,0.448192542531106,29
46,1,0,1,-15.3978685498011,26,1,-0.194055995794541,29
47,0,0,5,4.2380800036198,37.7,1,0.859700656624983,29
48,0,1,4,1.49881893889234,35.7,1,-1.00091948037127,29
1,1,0,1,-18.0140738816584,41.4,-1,0.411005981324251,30
2,1,0,1,-28.4232610881555,28.8,-1,0.954284078265937,30
3,1,0,2,-14.7031096515442,29.7,-1,-1.25662643538712,30
4,1,0,1,-20.2325035954915,34.8,-1,1.606648829275,30
5,1,0,1,-23.0823432012601,30.1,-1,-0.139757200516988,30
6,1,1,2,-9.6917433016477,32.5,-1,-0.27520251080983,30
7,1,0,1,-18.6979739104032,33.9,-1,-0.784943426527141,30
8,1,0,1,-19.2842535652829,44.8,-1,-0.177847091872551,30
9,1,0,2,-7.28548799648831,36.7,-1,-1.15732808265069,30
10,1,0,2,-12.5950272042464,35.8,-1,-0.621252139939204,30
11,1,1,2,-10.0737009896107,33.7,-1,-0.037733899523103,30
12,1,1,2,-11.1244775739275,35.9,-1,-0.105432026219253,30
13,1,0,2,-14.7021825771561,34.3,-1,0.123964052806807,30
14,1,0,2,-16.3020514122208,25.4,-1,0.417518964839975,30
15,1,0,1,-18.157596235317,27.8,-1,1.7246353108752,30
16,1,0,2,-15.6111888517187,35.3,-1,0.0182023708453041,30
17,1,0,2,-12.4587640362667,27.7,-1,0.129820479346005,30
18,1,0,1,-17.9745243223313,37,-1,-0.678094684807286,30
19,1,0,2,-16.0164407345961,25.4,-1,-0.446632760580444,30
20,1,0,2,-15.4396533419198,30.9,-1,1.51262158599651,30
21,1,0,2,-12.0251227824012,37.6,-1,2.62955269519128,30
22,1,0,1,-18.8462544752347,37.2,-1,-0.413227951367341,30
23,1,0,1,-20.2157235308864,36.1,-1,0.779555810114096,30
24,1,0,2,-15.1058651230392,34.3,-1,-1.27359536754807,30
25,1,0,1,-22.8322993008801,30.7,-1,1.78985549755759,30
26,0,1,3,2.66580416380896,34.7,1,2.28181342170997,30
27,0,7,4,10.2625428713771,38,1,-0.149695755310011,30
28,1,1,2,-6.80118539592176,25.6,1,-1.69451482816305,30
29,0,2,3,5.48405457134178,34.3,1,-1.91424036031145,30
30,1,1,2,-10.719325492594,27.7,1,0.467426274793177,30
31,1,0,3,-4.33392189511621,28.7,1,-0.975639955860097,30
32,0,2,3,4.51450889796977,39,1,0.48059026465435,30
33,1,1,3,-3.40731475511944,28.5,1,0.779194202556807,30
34,1,0,3,-3.09516451893145,33.3,1,0.291478494107499,30
35,0,1,3,0.186843679025785,35.5,1,0.310887808454786,30
36,0,0,3,1.72549480092031,33.2,1,-0.0332170761818258,30
37,0,6,4,15.0691497011246,42.6,1,-0.801373222534608,30
38,0,0,3,0.894634705888411,33.1,1,-1.60290218938471,30
39,0,0,3,0.0551923683189263,32,1,-0.42695552344427,30
40,0,19,5,29.6178926055911,50.3,1,0.706680716752816,30
41,1,0,3,-1.44946415976492,31.9,1,0.342063191635998,30
42,0,0,3,1.00426481186914,32.5,1,-0.279963291890512,30
43,0,3,4,7.26137891016199,39.8,1,0.229962542975723,30
44,0,2,3,0.772985586359618,39.7,1,1.52645748857123,30
45,0,0,3,3.05861453829554,38.8,1,1.39410294417563,30
46,1,1,3,-0.567113392446052,36.6,1,-0.377559307787473,30
47,0,1,3,1.67927578236181,39.5,1,0.248826551880785,30
48,0,3,4,9.40266402826036,33.7,1,0.305341056754027,30
49,0,1,3,1.24739945155325,33.1,1,-0.164922496394856,30
50,0,2,4,7.78606470792659,35.9,1,0.722388321278294,30
1,1,0,4,-0.718234452856535,32.4,-1,-0.208931440846774,31
2,0,3,4,1.32517207691795,37.8,-1,0.957985045947405,31
3,0,0,5,2.93961884157537,37.1,-1,0.316973490591556,31
4,1,0,1,-11.9896827625187,27.1,-1,-0.643640934906921,31
5,1,1,3,-2.24954945509579,35,-1,0.389292278832927,31
6,0,1,4,0.149148866685617,32.3,-1,-0.665684864029977,31
7,1,0,2,-5.73086456382689,26.4,-1,-0.115879922762312,31
8,1,1,3,-4.29634037748418,41.6,-1,0.884099084653784,31
9,1,0,2,-7.70407406060981,26.8,-1,-0.640734492125937,31
10,1,2,3,-3.6568686200834,34.5,-1,0.484153522013389,31
11,1,0,1,-9.40989003263608,29.6,-1,0.118528358386768,31
12,0,3,5,2.62157140878163,36.8,-1,-0.262183032220252,31
13,1,0,3,-4.44714574884334,33.7,-1,0.192857510984036,31
14,0,0,4,0.71197190965806,37.4,-1,1.85990793728257,31
15,0,2,5,3.62775951178332,38.8,-1,1.55972697449919,31
16,0,0,5,4.50889232068628,32.4,-1,0.391470728414366,31
17,1,1,3,-1.345730300441,36.8,-1,-0.939979268063034,31
18,1,0,2,-6.88727987481788,26.7,-1,-0.524754458425254,31
19,1,0,3,-2.11243018525162,31.3,-1,-1.81370514003104,31
20,0,3,4,2.13949393094285,40.3,-1,-0.966681012540363,31
21,0,2,4,0.843673153149197,39.9,-1,-0.340264826835918,31
22,0,1,5,6.48032085097709,37.4,1,0.0685162530895963,31
23,1,0,2,-7.13336693343899,28.3,1,-0.396964439136482,31
24,1,0,1,-13.038281580223,32.8,1,1.33837173423476,31
25,1,1,3,-4.43753440954928,33.7,1,-1.16333279889078,31
26,0,3,5,5.18485904124593,44.5,1,-0.207317204542132,31
27,1,1,3,-3.26682419875733,28.9,1,-0.338940753462044,31
28,0,3,5,3.49611836200877,47,1,-0.11445378157678,31
29,1,2,4,-0.499761379189433,36.7,1,0.718837233301325,31
30,0,2,4,1.94355817613549,37.8,1,-0.856729365183997,31
31,1,1,3,-1.48301834269377,28.5,1,-0.100180028659607,31
32,1,0,3,-3.6768630039066,32.4,1,-0.78194894848826,31
33,1,0,3,-3.75259085652334,32.2,1,0.607107135088365,31
34,0,1,4,0.553726720638721,36.2,1,-0.312249620360183,31
35,1,0,1,-13.016492915167,24.4,1,-2.00630242194578,31
36,0,2,5,4.19269168198917,35.5,1,-1.937041781762,31
37,0,2,4,0.0995305298997329,35,1,-0.662474555806611,31
38,1,1,4,-0.778074333714926,35.1,1,2.02160818951791,31
39,1,0,4,-0.617739859881185,35.1,1,-0.0816183921375188,31
40,1,2,4,-0.512543368247802,38.9,1,1.31560173354657,31
41,1,0,1,-12.1879110961032,36.8,1,1.44245272083971,31
42,1,0,3,-3.05841421573067,28.3,1,-0.218300958586905,31
1,1,0,2,-10.7737065174175,29.9,-1,0.814839625625765,32
2,1,1,3,-8.63795517376894,24.7,-1,-1.07753440586845,32
3,1,0,4,-3.87879272290706,39.7,-1,-0.897536265936906,32
4,1,1,3,-7.05174402666986,32.4,-1,-0.47361543356224,32
5,1,0,3,-5.12260475409768,31.6,-1,0.98468279163474,32
6,1,1,3,-5.19306578835231,38.6,-1,-0.313311810536376,32
7,1,1,3,-6.75720656707675,30,-1,-0.87881764059,32
8,1,0,2,-9.19672350827327,37.3,-1,0.258364171298181,32
9,1,0,3,-6.05947330356167,36.7,-1,-0.671296392963402,32
10,1,0,1,-13.5803678476746,24.9,-1,-0.868948149096494,32
11,1,1,4,-0.939295651835604,49.9,-1,0.255783951961718,32
12,1,1,2,-11.7443491162448,37.9,-1,0.799864628294547,32
13,1,1,4,-2.93483026594452,36.6,-1,1.36612078434725,32
14,0,1,5,4.52792741354519,39.2,-1,0.4067849177755,32
15,1,1,2,-10.2097318537064,34,-1,-1.30137953885218,32
16,0,1,5,1.00230242243186,41.4,-1,0.550994073408968,32
17,1,0,3,-7.90272086544264,33.6,-1,1.09915888803759,32
18,1,1,4,-2.35009253155546,29.6,-1,-0.979743056834272,32
19,1,2,4,-4.05008512459418,33.9,-1,1.53470877970482,32
20,1,0,3,-7.46405212590981,33.4,-1,-0.208335986374145,32
21,1,0,2,-11.8735569123576,26.3,-1,1.07462459275544,32
22,1,0,3,-4.81938014492926,44.3,-1,-0.185384635692702,32
23,1,3,4,-0.993730198983592,42,-1,-0.527148778074945,32
24,1,2,4,-1.36617251777277,30.4,-1,-1.84958235222576,32
25,1,0,4,-3.14309632853508,36.4,1,-0.351836214083499,32
26,1,0,2,-12.0050824607771,31.5,1,0.388563405577591,32
27,1,0,3,-5.58572515445366,34,1,-0.433602497718443,32
28,1,4,4,-1.88316445782268,34,1,-0.506749267528835,32
29,1,1,4,-0.893950504277812,34.7,1,-0.192542705873673,32
30,0,2,5,0.456601516824961,41.8,1,1.51829184443505,32
31,1,0,3,-8.29671213400347,34,1,1.06948789686528,32
32,1,1,4,-3.46396429640326,38.8,1,-2.03957142472419,32
33,1,0,2,-10.1490876785149,34.2,1,-0.324631589210384,32
34,0,0,5,0.565789865859592,42.2,1,0.970274758926439,32
35,1,0,1,-17.843852738382,24.7,1,-0.325177587655526,32
36,1,0,1,-13.466341342658,33.3,1,0.0067327003095269,32
37,1,0,3,-8.4411901072903,36.9,1,-1.65810943283943,32
38,1,0,2,-11.4501429150377,33.8,1,-0.507855961207388,32
39,1,1,4,-3.45711650709856,36.9,1,-0.227369066821835,32
40,1,0,4,-3.19733679440519,35.1,1,-0.475892064977979,32
41,1,2,3,-6.26277315411328,35.2,1,1.67155530103927,32
42,1,0,2,-9.86697193313534,35.6,1,-0.233076543109158,32
43,1,0,4,-0.102258545386342,39.5,1,0.0967835125186122,32
44,1,1,4,-1.56486654751296,36.5,1,0.250334077870588,32
45,1,0,3,-6.02156962944812,32,1,-2.06479488032971,32
46,1,0,4,-0.863846996097766,38.4,1,1.55799969501856,32
47,0,2,5,0.36010366114163,33.8,1,0.00389981784156797,32
48,1,2,4,-0.255712591670791,34.7,1,0.415151246467795,32
1,1,0,2,-4.41730089093949,29.2,-1,0.517920327154668,33
2,1,1,3,-1.17528482468785,35,-1,-0.0524855857620756,33
3,0,0,4,1.36475378738153,38.5,-1,-0.24310955901305,33
4,0,0,4,4.9870095682955,39.9,-1,1.09387427702317,33
5,0,2,3,0.417073618147655,40.2,-1,1.15437287015547,33
6,1,1,3,-0.766771132412929,39.8,-1,1.41902974064155,33
7,0,0,3,1.25311982620713,34.6,-1,1.20630356340595,33
8,0,2,4,1.44393985708809,38,-1,-0.502607191200502,33
9,0,3,4,3.04521910530869,42.7,-1,-0.172779431084181,33
10,1,1,3,-0.78001465686537,30,-1,-0.201902709637272,33
11,1,0,3,-2.03036181655844,41.4,-1,-0.0811095966613407,33
12,1,0,3,-0.816837315044927,37.9,-1,-0.292796945682967,33
13,0,0,3,0.0476665018323299,29.3,-1,-0.0244842670180264,33
14,1,1,2,-6.00995810412124,26.9,-1,1.61930838272535,33
15,1,2,3,-1.66268515229156,39.7,-1,0.818073006360268,33
16,1,0,3,-3.66112544782857,30.1,-1,0.0542651705936389,33
17,0,3,5,9.75934944825622,43.1,-1,0.0575045958114532,33
18,1,1,2,-6.39080535889659,35.2,-1,0.236243081981819,33
19,0,6,4,4.50002533725391,34,-1,0.491139469995623,33
20,1,0,2,-6.3388426718476,31.8,-1,0.529229902727174,33
21,0,1,3,0.598985185802815,36.7,-1,1.15331716201423,33
22,1,3,3,-1.4646141216937,37.4,-1,0.924736532923295,33
23,0,2,4,3.60397485831349,39.5,-1,0.223400073945678,33
24,1,1,3,-1.23299418195303,34.3,-1,0.935208295552109,33
25,0,0,5,8.65079404856459,34.9,-1,0.205493903183248,33
26,0,1,4,6.31224012443124,33.6,-1,-0.281777518644275,33
27,0,2,4,2.07798429548099,44.8,-1,-0.999180780767772,33
28,0,2,5,10.091439207491,44.1,1,1.26025822025516,33
29,0,2,4,2.4784955471786,35.7,1,-0.16312772615096,33
30,0,1,5,8.95905366274787,39.3,1,-0.844463273003648,33
31,0,0,4,5.73550900167312,38.5,1,-0.0734432060602339,33
32,1,1,3,-3.57420716636498,27.9,1,0.664547222111251,33
33,0,2,3,1.25281347585796,35.3,1,-0.864407920263795,33
34,1,0,1,-12.6324017460279,30.6,1,-0.896104241614073,33
35,1,0,2,-4.14326189489031,35.6,1,-0.911792718710474,33
36,0,1,3,0.759438190542806,37.3,1,2.21997181712484,33
37,1,0,1,-14.5265698844469,22.7,1,-0.436230642314073,33
38,1,1,2,-6.13343687819191,31.9,1,-0.827111410978477,33
39,0,2,3,1.01611504697081,40.5,1,3.2674630066935,33
40,0,0,4,3.30169008885876,29.9,1,0.976227681079002,33
41,1,2,2,-7.57556673714642,27.5,1,1.02515158158535,33
42,0,0,4,3.45181581686977,38.4,1,0.55072913467492,33
43,1,0,3,-3.6182433543085,34.2,1,1.02700071050839,33
44,0,2,4,4.68750213823098,41,1,-0.192358865891919,33
45,0,4,4,6.25135475511898,36.3,1,1.13963522326531,33
46,0,0,4,2.32376193977693,36.6,1,0.414815336067981,33
47,1,0,2,-6.71053034823951,31.1,1,0.94905908058354,33
48,0,0,4,5.74872854742377,41.2,1,1.29260425778035,33
49,1,0,2,-7.43450810355254,31.9,1,-0.218366692164611,33
50,1,2,2,-4.01540613274576,31.4,1,0.566089568956928,33
51,0,1,4,2.5477264133727,38.4,1,0.508590955910108,33
52,0,5,5,11.9534049251926,39.1,1,0.217949864274935,33
53,1,0,1,-11.0322017214357,26.6,1,0.189533676402044,33
54,0,1,5,11.4675059257231,41.5,1,0.930810320812064,33
1,0,3,3,0.476612703854653,40.5,-1,0.816458926555364,34
2,0,1,4,5.48211263463882,43.4,-1,-1.10768482174339,34
3,0,1,4,1.83163272290617,25.9,-1,-1.46445719020616,34
4,0,2,4,3.53344467358983,27.6,-1,1.39829754778452,34
5,0,0,3,0.323443217134362,31.3,-1,-1.2536424522504,34
6,0,2,5,6.64140703276094,38,-1,1.84710313783964,34
7,0,4,4,2.81019580468048,34.3,-1,-0.732941625958983,34
8,0,1,4,5.64625389486953,39.4,-1,-1.27368085150665,34
9,1,0,2,-6.38986037547567,41.1,-1,0.335814298547035,34
10,0,1,4,3.82372206423014,40.8,-1,1.1168726421312,34
11,0,2,4,3.43972519359073,44.2,-1,-1.38725075860513,34
12,1,3,3,-0.907482200444199,31.6,-1,-0.190159256982389,34
13,0,1,4,2.32466782716718,36.8,-1,0.392858233148796,34
14,1,1,3,-4.09810121171625,36.4,-1,-0.121876639687684,34
15,0,3,3,0.806402533369297,30.8,-1,-0.300378914958796,34
16,0,0,4,2.3545344204204,42.1,-1,-0.205995578245014,34
17,0,2,4,2.07385281050163,27.7,-1,0.6481611765238,34
18,0,0,4,1.40780917350042,39.8,-1,-1.29211867212021,34
19,1,1,3,-2.90190741764802,40.7,-1,-0.651327706296136,34
20,0,2,3,0.165907439307265,25.9,-1,0.98052180058493,34
21,1,0,3,-3.79577994585064,37.4,-1,0.32295454825477,34
22,0,2,4,2.91530144504702,30.7,-1,-0.478589532790356,34
23,0,2,4,1.30310273964648,33.3,-1,0.210676788041891,34
24,1,1,3,-2.69038828632121,33.8,-1,0.285906679215529,34
25,1,1,3,-2.06673199182585,33.5,1,-3.34954304699209,34
26,1,0,3,-1.94119519435308,34.4,1,1.23823583594342,34
27,1,0,3,-2.94264376887909,35.3,1,0.0654851321244558,34
28,0,1,4,1.48463015927273,37.7,1,2.18698597230474,34
29,0,2,4,5.23142118527823,40,1,0.858632184365066,34
30,0,4,5,8.5459872415663,40.4,1,-0.250206138832258,34
31,0,0,3,0.95120749928881,36.7,1,-1.26973257700863,34
32,0,1,4,3.52521487600394,30.6,1,0.881276517720662,34
33,0,3,5,10.3159847972576,45.1,1,1.40470258361598,34
34,1,0,3,-2.73449170762073,36.6,1,-0.99267307948739,34
35,1,0,2,-4.93512364580861,32.4,1,-0.10496278556409,34
36,1,1,1,-10.5953431884881,31.7,1,0.13721516106766,34
37,1,0,3,-2.74585867304846,33.7,1,1.03121156171454,34
38,0,0,4,2.023260956473,37.8,1,-0.155875859364454,34
39,1,0,2,-5.2276889036793,29.3,1,0.413830762045264,34
40,1,0,2,-6.07910655000301,33.9,1,-1.13176563537829,34
41,0,1,4,2.31733175665543,37.8,1,-0.759879871996237,34
42,0,7,5,11.945964547741,42.2,1,0.573427842053308,34
43,1,1,3,-0.903884162584656,38.2,1,0.598847079050953,34
44,1,1,3,-3.08182674904722,33.4,1,0.521221675639977,34
45,0,1,5,9.10246356685544,40.9,1,0.771221994832675,34
46,1,0,1,-15.0420453726952,25.4,1,-1.87707004206803,34
47,1,1,2,-6.35498611676389,35.3,1,-1.18188815575746,34
48,0,0,4,1.71789913223165,34.6,1,1.27389524533117,34
1,0,1,3,0.325990206575604,31.6,-1,-0.176556366001984,35
2,0,0,4,3.24433234761976,32.3,-1,0.162074578347794,35
3,1,0,3,-3.40102720274349,32.2,-1,0.11000722408285,35
4,1,0,3,-3.19393882648688,28.6,-1,-0.0168313025437606,35
5,1,0,3,-3.56603064236769,25.1,-1,0.0789604859126976,35
6,0,1,4,3.4263566398975,36.1,-1,-0.910831203766981,35
7,0,6,5,10.8887135455132,41.2,-1,-0.290733918195042,35
8,1,1,3,-1.64336839443316,35.4,-1,-1.14177784034281,35
9,0,1,4,2.8614560304945,29.1,-1,1.5325591451422,35
10,1,1,3,-0.52644425124066,31.5,-1,0.643009184954242,35
11,0,0,4,0.630614603496432,36.6,-1,-0.352711147555222,35
12,0,0,4,6.63440002721011,38.5,-1,0.964896596361542,35
13,0,2,4,0.893968999086322,28.7,-1,0.730216727504583,35
14,0,2,5,8.00143486396164,35.2,-1,0.692364326062085,35
15,0,3,4,4.07803720239087,31.6,-1,0.189750207093646,35
16,1,2,2,-7.08952308861536,30.3,-1,-0.849626656996269,35
17,0,3,4,5.69637287991978,30.3,-1,-0.535543382505759,35
18,1,1,3,-0.956377247682678,35.1,-1,-0.418206939856493,35
19,0,0,3,0.434841310849614,38.5,-1,0.290832211509453,35
20,1,1,3,-4.03611881317928,27.2,-1,0.599547004687689,35
21,1,1,3,-0.373825880998758,42.4,-1,0.859603379919581,35
22,1,0,3,-1.2299795246943,24.7,-1,-0.566307786442544,35
23,1,0,3,-3.37932770561162,35.6,1,-0.93318026224523,35
24,1,0,1,-15.5679009274355,31.5,1,0.550065020888076,35
25,1,2,3,-2.11915261401749,34.2,1,0.511645717489453,35
26,1,1,3,-4.36434135671436,35.8,1,0.726891251241459,35
27,1,0,2,-10.5888859249442,33.6,1,1.83315722073108,35
28,1,1,3,-1.68044717006961,31,1,-1.06349910743267,35
29,1,1,3,-1.2729792730278,43.7,1,-0.603529479036544,35
30,1,0,1,-18.0805676467561,30.3,1,0.704498170895466,35
31,0,1,5,8.47092385328721,40.6,1,-0.679578045985104,35
32,1,1,1,-15.8680580196816,29,1,-0.805604508655454,35
33,1,1,3,-1.09610058467555,37.2,1,-0.0342495083646197,35
34,0,2,4,1.11170841594276,40.9,1,1.2394928567485,35
35,1,0,2,-5.88815541023702,38.3,1,-0.865482082338346,35
36,1,1,3,-4.22535137455636,35.5,1,-0.581171097967259,35
37,1,1,2,-10.4539256702085,28,1,-0.928540324297297,35
38,1,0,2,-8.91197157288968,34.9,1,-2.45418205816938,35
39,1,0,1,-13.6960313272604,33.4,1,0.0147929878904391,35
40,1,0,1,-13.9536122165094,32.4,1,-1.26813150565555,35
41,0,5,5,12.8178177578464,46.6,1,-0.170680553571286,35
42,0,2,4,0.499641599705736,41.1,1,1.31947472513713,35
43,1,1,3,-4.36170709803431,33.9,1,-1.12280074414815,35
44,1,0,1,-16.2731849658008,28.6,1,-0.327924529142419,35
