"pass";"math";"activity";"school"
1;46.72;3;1
1;55.54;5;1
1;77.18;6;1
1;67.98;4;1
0;36.35;5;1
1;42.86;2;1
1;55.19;3;1
1;46.99;3;1
1;61.2;2;1
1;43.89;3;1
1;51.67;3;1
1;48.88;3;1
1;63.98;4;1
1;53.17;2;1
1;43.63;4;1
1;45.64;2;1
1;46.08;5;1
1;38.6;3;1
0;42.51;5;1
1;75.52;1;1
1;59.76;3;1
1;41.59;3;1
1;52.96;3;1
1;58.32;5;1
1;58.4;3;1
1;56.25;4;1
1;35.52;2;1
1;51.78;2;1
1;47.21;3;1
1;44.12;4;1
1;53.34;3;1
1;56.35;3;1
1;36.9;2;1
1;42.05;3;1
1;35.22;3;1
1;67.61;3;1
1;64.22;3;1
1;55.08;4;1
0;53.86;5;1
1;42.83;4;1
1;50.28;3;1
1;66.22;2;1
1;43.5;4;1
1;69.85;5;1
1;64.46;3;1
1;57.11;3;1
0;45.42;6;1
1;40.94;2;1
0;33.65;6;1
1;54.61;4;1
1;28.34;2;1
1;54.55;4;1
1;38.17;4;1
1;46.89;1;1
1;40.68;3;1
1;63.8;4;1
1;42.21;4;1
1;47.81;3;1
1;57.45;1;1
1;45.53;3;1
1;44.2;1;1
1;45.4;2;1
1;47.92;3;1
1;56.19;4;1
0;43;4;1
1;41.79;4;1
1;46.63;4;1
1;54.25;2;1
1;66.06;5;1
1;42.78;4;1
1;58.69;4;1
1;46.43;3;1
1;36.28;3;1
0;46.65;2;1
1;51.05;4;1
1;48.79;3;1
1;46.77;1;1
1;52.38;4;1
1;69.16;4;1
1;29.16;4;1
1;55.42;4;1
1;55.89;5;1
1;47.9;5;1
1;49.46;4;1
1;66.68;4;1
1;60.8;3;1
1;44.04;4;1
0;23.19;5;1
0;58.43;5;1
1;52.29;4;1
1;51.51;5;1
1;45.45;3;1
1;49.55;5;1
1;53.77;3;1
1;50.86;5;1
1;55.43;1;2
1;47.11;4;2
0;63.32;5;2
0;50.51;4;2
0;36.18;4;2
1;51.83;3;2
1;42.34;2;2
0;72.3;2;2
0;52.12;4;2
0;58.18;5;2
0;62.39;4;2
1;48.96;2;2
1;56.28;3;2
1;54.77;3;2
0;56.19;3;2
0;63.53;3;2
0;50.24;4;2
1;58.91;3;2
0;45.23;3;2
1;41.57;2;2
1;38.86;1;2
0;49.47;4;2
0;47.72;5;2
0;42.38;3;2
1;48.12;3;2
0;54.18;4;2
0;40.92;4;2
1;47.03;3;2
0;49.18;2;2
0;57.75;4;2
0;46.88;3;2
1;72.05;3;2
1;58.16;2;2
0;35.71;4;2
1;62.77;3;2
1;58.47;1;2
0;37.39;3;2
0;45.68;4;2
0;48.96;4;2
0;55.1;4;2
0;46.01;3;2
0;52.68;3;2
0;60.29;4;2
1;49.11;2;2
1;43.81;2;2
1;34.06;3;2
0;61.44;4;2
0;32.85;4;2
0;51.09;5;2
1;62.63;3;2
0;46.67;4;2
1;63.57;4;2
0;42.16;4;2
0;37.24;4;2
0;56.54;5;2
0;59.13;3;2
0;29.99;3;2
0;35.77;4;2
0;48.79;4;2
1;61.2;2;2
0;49.94;4;2
0;47.66;4;2
0;51.09;4;3
0;74.15;6;3
0;36.11;3;3
0;70.06;4;3
0;50.2;2;3
0;41.17;5;3
0;45.97;3;3
0;38.63;3;3
0;41;3;3
0;48.85;3;3
1;47.74;5;3
0;19.41;4;3
1;67.29;6;3
0;32.61;3;3
0;55.62;4;3
0;41.93;4;3
0;65.14;4;3
1;57.16;3;3
0;48.4;4;3
0;59.79;2;3
0;36.57;5;3
0;33.65;5;3
0;66.29;4;3
0;51.79;2;3
0;52;5;3
0;55.08;4;3
0;40.22;3;3
0;38.37;4;3
0;53.43;3;3
0;56.12;2;3
0;56.86;4;3
0;44.38;2;3
0;56.24;3;3
0;28.8;4;3
0;41.98;3;3
0;42.34;4;3
0;54.51;3;3
0;53.43;4;3
0;50.39;6;3
0;35.02;5;3
0;55.92;2;3
0;43.95;4;3
0;52.83;3;3
0;47.66;4;3
0;46.94;3;3
0;50.06;3;3
0;53.64;4;3
0;51.03;4;3
0;49.78;5;3
1;48.22;3;3
0;48.56;2;3
0;46.08;4;3
1;59.95;5;3
0;41.73;4;3
0;58.12;3;3
0;51.04;6;3
0;40.08;5;3
0;61.8;4;3
0;55.2;3;3
0;59.3;4;3
0;48.8;4;4
0;60.22;3;4
0;62.06;2;4
0;56.95;4;4
0;67.43;3;4
0;14.71;3;4
0;44.19;2;4
0;47.49;4;4
0;35.33;5;4
0;57.78;4;4
0;52.56;3;4
1;47.69;4;4
0;39.94;4;4
0;37.3;3;4
0;48.78;3;4
0;54.44;2;4
0;63.75;6;4
0;49.82;4;4
0;57.97;3;4
0;44.4;1;4
0;47.91;3;4
0;52.02;4;4
0;41.6;5;4
0;48.16;3;4
1;52.76;3;4
0;55.16;4;4
0;57.19;3;4
0;45.96;3;4
0;52.51;4;4
0;60.35;3;4
0;61.88;2;4
0;39.15;4;4
0;46.89;4;4
0;56.37;3;4
0;44.36;3;4
0;49.32;3;4
0;51.69;4;4
0;51.81;4;4
0;53.16;4;4
0;52.59;4;4
0;63.03;4;4
0;49.26;4;4
0;42.78;4;4
0;47.88;3;4
0;36.33;5;4
0;37.89;4;4
0;54.88;3;4
0;61.67;4;4
0;32.64;4;4
1;47.75;3;4
0;46.38;5;4
0;49.15;4;4
0;42.04;3;4
0;48.65;3;4
0;51.13;2;4
0;51.55;5;4
0;47.83;3;5
1;50.39;4;5
0;42.13;2;5
1;39.5;4;5
1;32.09;2;5
0;45.93;4;5
1;57.53;3;5
0;26.15;5;5
1;54.29;2;5
0;56.47;1;5
0;62.93;3;5
1;23.76;2;5
0;61.2;4;5
1;26.89;3;5
1;66.87;5;5
1;62.19;4;5
1;55.68;4;5
1;41.26;5;5
0;53.91;3;5
0;53.16;2;5
1;39.26;2;5
1;43.88;2;5
0;54.74;4;5
1;56.54;4;5
1;48.44;4;5
1;41.89;4;5
0;38.84;3;5
1;32.81;3;5
1;45.94;3;5
1;64.76;4;5
1;64.8;4;5
0;51.55;2;5
1;59.84;3;5
1;43.38;5;5
1;49.66;5;5
1;40.04;3;5
1;45.39;4;5
1;54.66;4;5
1;57.87;4;5
1;39.38;4;5
0;63.07;3;5
1;62.71;3;5
1;39.74;2;5
1;46.66;4;5
1;69.56;4;5
0;62.63;2;5
1;54.25;2;5
0;56.88;3;5
1;51.52;3;5
1;34.91;4;5
1;49.33;6;5
1;55.23;3;5
0;46.01;1;5
1;50.1;4;5
0;42.32;2;5
0;40.08;4;5
1;51.03;3;5
1;45;4;5
1;46.29;2;5
0;52.12;3;5
0;52.01;2;5
1;48.76;4;5
1;56.07;3;5
0;49.45;2;5
1;44.91;5;5
1;43.66;4;5
1;62.32;4;5
1;45.63;2;5
1;52.55;5;5
1;51.8;5;5
1;61.54;3;5
1;58.29;4;5
1;41.26;5;5
1;49.07;3;5
1;50.61;4;5
0;53.22;2;5
0;41.02;3;5
1;58.89;2;5
0;40.28;2;5
0;50.59;3;5
1;53.39;3;5
0;43.52;3;5
1;46.26;3;5
1;61.37;5;5
0;46.63;3;5
1;47.21;5;5
1;48.32;5;5
1;53.79;4;5
1;46.24;4;5
1;62.75;2;5
0;20.28;4;6
1;39.72;3;6
1;50.26;2;6
1;36.33;3;6
1;68.14;2;6
1;52.72;3;6
1;43.64;3;6
1;51.5;2;6
1;57.4;4;6
1;45.78;2;6
0;37.04;4;6
1;52.08;3;6
0;57.06;5;6
1;61.04;3;6
1;46.75;3;6
1;62.77;3;6
0;53.74;5;6
1;42.26;3;6
0;45.78;5;6
0;56.33;5;6
1;70.72;4;6
1;46.73;4;6
1;55.81;5;6
1;53.66;2;6
1;56.03;3;6
1;40.55;1;6
0;53.04;7;6
1;49.17;2;6
1;47.37;4;6
1;39.95;3;6
1;50.79;3;6
1;56.83;2;6
1;38.97;4;6
1;41.44;3;6
1;40.69;4;6
0;45.91;4;6
1;71.65;3;6
1;40.32;5;6
1;39.17;3;6
0;61.83;4;6
1;63.74;5;6
1;58.13;4;6
1;54.5;5;6
1;34.3;3;6
1;59.44;3;6
1;47.11;4;6
1;37.44;3;6
0;46.69;4;6
1;43.5;3;6
1;59.32;4;6
0;48.89;5;6
1;60.25;4;6
1;55.69;2;6
1;60.52;4;6
1;49.11;3;6
1;44.21;3;6
1;49.24;2;6
1;57.33;2;6
1;52.07;3;6
1;67.36;3;6
1;34.92;3;6
1;58.86;3;6
1;51.02;3;6
0;47.99;4;6
1;62.91;3;6
1;49.16;4;6
1;44.08;0;6
0;51.98;5;6
1;48.12;2;6
1;60.61;4;6
1;35;3;6
0;8.32;4;6
1;28.9;0;7
1;51.92;5;7
1;55.47;3;7
1;59.42;3;7
1;60.38;4;7
1;48.21;3;7
1;66.53;4;7
0;58.45;4;7
1;52.96;4;7
1;56.66;3;7
1;42.67;3;7
0;59.23;3;7
1;48.87;3;7
0;32.23;2;7
0;41.61;3;7
0;64.99;6;7
1;38.01;3;7
1;44.08;4;7
1;62.79;3;7
0;55.71;5;7
1;61.68;5;7
1;52.26;2;7
1;43.04;4;7
1;46.16;3;7
0;52.73;5;7
1;49.93;4;7
1;69.26;4;7
1;65.62;4;7
0;44.83;3;7
0;46.16;5;7
1;54.74;2;7
1;42.91;4;7
1;52.25;5;7
0;48.67;4;7
0;52.55;4;7
1;44.99;3;7
1;37.2;2;7
1;45.26;3;7
1;64.36;3;7
0;59.41;5;7
1;49.99;3;7
0;51.14;4;7
0;43.59;5;7
1;64.59;4;7
0;41.46;3;7
1;50.19;4;7
0;44.56;4;7
1;66.62;4;7
1;52.3;4;7
0;59.84;4;7
1;45.15;3;7
1;53.67;2;7
1;51.51;4;7
1;36.68;3;7
1;49.88;3;7
1;49.6;3;7
1;51.23;3;7
1;43.26;3;7
1;35.74;4;7
1;45.37;2;7
1;51.11;2;7
1;40.81;3;7
0;42.86;6;7
1;42.13;3;7
1;38.99;3;7
0;49.32;4;7
0;47.43;3;7
1;56.25;5;7
0;42.18;4;7
1;58.64;3;7
0;41.05;5;7
1;51.84;3;7
0;47.4;4;7
0;52.9;4;7
1;51.09;4;7
0;35.91;3;7
1;45.21;2;7
1;34.92;2;7
1;51.82;2;7
1;70.81;3;7
0;49.98;5;7
1;35.73;4;7
0;46.95;3;8
1;44.63;3;8
0;55.55;2;8
0;44.22;2;8
1;64.78;3;8
1;49.59;3;8
1;62.99;6;8
0;61.6;3;8
0;50.26;3;8
1;51.21;5;8
1;63.68;4;8
1;40.97;4;8
1;50.5;4;8
1;52.54;4;8
1;63.06;4;8
1;48.61;4;8
1;55.88;4;8
1;39.54;3;8
1;25.58;4;8
0;48.45;3;8
1;39.75;3;8
1;46.68;4;8
1;54.35;5;8
1;40.32;4;8
1;50.33;5;8
0;45.61;2;8
1;52.02;3;8
0;51.98;3;8
1;39.98;5;8
0;50.23;2;8
1;41.03;4;8
0;53.42;2;8
1;43.67;4;8
1;49.32;3;8
1;49.34;3;8
1;34.15;5;8
1;34.54;4;8
0;64.39;3;8
0;51.57;2;8
0;53.1;3;8
0;60.59;3;8
1;43.23;4;8
1;46.58;4;8
1;30.85;3;8
1;63;3;8
0;48.19;3;8
1;53.42;4;8
1;48.98;3;8
1;75.67;5;8
0;50.68;2;8
0;49.94;2;8
1;52.45;4;8
1;46.84;3;8
1;43.74;4;8
1;59.49;5;8
1;63.16;3;8
1;34.39;4;8
0;55.11;3;8
1;52.39;3;8
1;46.15;5;8
0;35.67;2;8
0;35.37;5;8
1;44.81;4;8
1;63.78;3;8
0;34.53;2;8
1;31.84;3;8
1;41.56;3;8
0;63.16;1;8
1;36.36;3;8
1;51.34;4;8
1;29.09;5;8
1;49.07;3;8
0;42.81;2;8
1;52.44;4;8
0;49.71;3;8
0;58.63;2;8
1;51.22;4;8
1;60.28;4;8
1;53.07;5;8
1;60.57;3;8
1;44.94;4;8
0;64.73;3;8
0;50.53;3;8
1;51.38;4;8
1;48.17;4;8
1;57.64;4;8
1;35.82;4;8
1;45.34;4;8
1;27.74;4;8
1;33.6;4;9
1;55.64;4;9
1;60.63;2;9
1;45.45;3;9
1;34.61;3;9
1;60.01;4;9
1;68.65;4;9
1;44.27;3;9
1;39.66;3;9
1;61.59;2;9
1;51.89;1;9
0;57.46;3;9
1;47.39;3;9
1;66.03;2;9
1;43.93;6;9
1;37.42;2;9
1;54.08;3;9
1;46.03;3;9
1;48.37;4;9
1;33.83;4;9
1;44.93;4;9
0;57.53;3;9
1;41;4;9
1;57.34;3;9
1;68.83;3;9
1;60.04;4;9
1;58.2;5;9
1;58.34;3;9
0;26.87;3;9
0;37.58;3;9
0;25.22;4;9
1;43.84;5;9
0;46.31;5;9
1;45.73;2;9
1;55.16;3;9
1;39.42;3;9
1;45.56;3;9
0;48.88;5;9
1;62.69;3;9
1;53.55;3;9
1;51.17;4;9
1;43.05;5;9
1;57.69;3;9
1;51.25;2;9
1;54.58;4;9
1;47.42;3;9
1;48.63;4;9
1;45.11;3;9
1;59.22;4;9
1;37.53;3;9
1;66.44;3;9
0;43.02;3;9
1;49.79;3;9
1;45.42;2;9
1;34.4;4;9
1;48.71;4;9
1;54.94;3;9
1;34.2;3;9
0;34.32;4;9
1;55.98;3;9
1;50.69;4;9
1;63.71;4;9
1;46.58;3;9
1;62.33;3;9
1;35.67;3;9
1;57.48;3;9
0;55.25;4;9
1;63.83;4;9
1;64.36;5;9
1;47.38;4;9
1;41.61;4;9
1;51.68;4;9
1;24.91;4;9
1;57.15;3;9
1;68.71;3;9
1;60.68;4;9
1;47.19;4;9
1;39.27;3;9
1;50.16;4;9
1;47.27;4;9
1;66.33;5;9
1;49;4;9
1;47.5;4;9
1;53.75;6;9
1;44.84;4;9
1;50.11;4;9
1;51.05;3;9
1;34.41;3;9
1;62.81;4;9
1;48.54;4;9
1;32.76;4;9
1;35.99;3;9
1;59.39;4;9
1;60.96;3;9
1;48.52;3;9
1;49.99;4;9
0;42.42;5;9
1;40.01;3;9
1;49.06;2;9
0;40.4;5;9
1;67.93;4;10
0;47.75;4;10
0;62.94;3;10
1;52.12;5;10
0;44.46;2;10
0;56.69;4;10
1;53.82;4;10
0;35.49;4;10
0;34.55;2;10
0;59.86;4;10
0;57.04;3;10
1;66.94;4;10
0;59.88;3;10
0;45.7;4;10
0;54.01;3;10
1;55.02;3;10
0;60.22;4;10
0;36.21;4;10
0;36.06;4;10
0;33.63;3;10
0;43.44;3;10
0;29.93;5;10
0;45.52;3;10
0;33.18;5;10
0;52.42;3;10
0;54.58;3;10
1;52.27;4;10
0;60.37;5;10
0;34.23;2;10
0;63.49;3;10
0;45.66;2;10
0;44.13;5;10
0;57.26;4;10
1;40.68;4;10
0;61.8;3;10
0;32.02;2;10
0;46.79;3;10
0;48.87;4;10
1;50.34;5;10
0;40.42;4;10
1;52.97;3;10
1;38.99;3;10
0;52.99;4;10
0;50.17;5;10
0;53.44;2;10
0;56;3;10
0;53.56;1;10
0;40.55;3;10
0;29.07;4;10
0;44.54;2;10
0;31.62;3;10
0;57.1;3;10
0;58.13;3;10
0;45.09;2;10
0;46.86;3;10
0;41.43;3;10
0;45.66;4;10
1;45.12;5;10
0;41.59;3;10
1;58.56;4;11
0;53.03;4;11
1;60.52;3;11
1;52.51;3;11
0;45.29;4;11
1;38.44;3;11
0;38.34;7;11
1;54.79;4;11
1;39.32;4;11
1;67.16;3;11
1;64.76;2;11
1;48.43;3;11
1;63.76;4;11
0;31.79;2;11
1;64.18;3;11
0;39.55;4;11
1;51.88;2;11
1;40.76;3;11
0;41.6;3;11
0;41.81;4;11
1;56.54;3;11
1;46.67;3;11
0;49.59;4;11
1;63.45;4;11
0;44.64;3;11
0;32.36;4;11
1;58.86;4;11
0;58.99;4;11
0;34.38;3;11
1;41.59;4;11
1;51.08;4;11
0;46.61;6;11
0;33.71;4;11
1;66.29;6;11
0;43.65;3;11
1;63.4;5;11
0;39.7;5;11
0;51.11;2;11
0;28.31;4;11
1;58.07;3;11
1;49.24;2;11
1;48.7;4;11
0;46.43;4;11
0;39.29;4;11
1;74.2;3;11
1;65.92;4;11
1;41.7;2;11
0;47.55;4;11
1;72.56;5;11
1;39.47;3;11
1;38.71;5;11
0;56.67;5;11
1;58.29;3;11
0;44.66;4;11
1;39.44;3;11
1;60.54;4;11
0;55.66;3;11
0;39.47;3;11
1;47.05;2;12
1;43.81;3;12
0;54.9;3;12
0;35.25;4;12
0;43.03;4;12
1;44.43;3;12
1;46.6;0;12
1;72.82;4;12
0;48.05;4;12
1;65.38;3;12
0;68.26;3;12
0;49.78;4;12
0;58.26;3;12
1;49.21;3;12
0;39.7;4;12
1;55.63;2;12
0;58.08;5;12
1;37.86;2;12
0;43.85;4;12
0;58.53;3;12
0;32.15;4;12
0;42.01;3;12
1;57.48;4;12
1;66.28;4;12
0;52.72;4;12
0;65.99;4;12
0;39.74;3;12
1;41.71;3;12
0;36.42;4;12
1;45.09;2;12
1;30.25;2;12
0;30.58;4;12
0;64.15;4;12
1;60.24;4;12
1;41.68;1;12
1;39.11;4;12
1;63.98;4;12
0;56.49;3;12
0;58.5;4;12
1;54.99;3;12
0;32.39;5;12
0;45.39;4;12
1;46.24;1;12
0;51.48;4;12
0;66.38;5;12
1;51.45;3;12
1;51.69;2;12
0;41.09;4;12
0;48.15;5;12
0;59.6;5;12
0;39.43;4;12
1;51.03;1;12
0;37.41;3;12
0;37.72;5;12
1;59.4;2;12
0;40.92;3;12
1;49;4;12
0;50.82;3;12
0;55.1;4;12
0;38.65;5;12
1;44.1;4;12
0;46.95;3;12
1;73.77;0;12
0;60.44;5;12
0;57.35;5;12
1;39.95;2;12
0;56.87;4;12
1;46.88;3;12
1;51.01;3;12
1;57.13;3;12
0;57.39;3;12
1;62.2;2;12
1;61.31;2;12
0;48.82;3;12
0;42.95;4;12
0;50;4;12
0;24.62;4;12
0;32.73;5;13
0;40.19;4;13
1;67.06;4;13
0;44.23;3;13
0;59.36;3;13
1;53.59;5;13
1;51.22;3;13
0;47.04;3;13
0;66.92;3;13
0;44.66;3;13
1;47.55;4;13
0;54.32;2;13
0;51.18;3;13
0;64.24;4;13
0;52.18;1;13
0;61.25;3;13
0;47.79;2;13
1;65.58;4;13
1;55.62;3;13
1;59.35;4;13
0;52.12;3;13
0;48.93;4;13
0;47.74;2;13
0;52.46;3;13
0;44.91;3;13
0;34.28;3;13
0;60.99;3;13
1;36.6;4;13
0;64.47;3;13
0;46.69;2;13
0;44.01;3;13
0;43.03;3;13
0;59.15;4;13
1;47.72;5;13
0;49.44;4;13
1;62.02;4;13
1;57.43;5;13
1;48.35;5;13
0;54.96;3;13
0;45.89;1;13
0;49.92;3;13
0;62.56;4;13
0;51.96;2;13
1;61.66;4;13
1;39.51;5;13
0;56.47;3;13
0;37.74;3;13
0;37.27;2;13
0;49.86;4;13
0;57.61;3;13
0;42.89;3;13
0;65.65;3;13
0;64.82;3;13
1;46.18;5;13
0;42.6;3;13
1;44.23;5;13
1;64.21;5;13
1;41.32;6;13
0;70.28;2;13
0;63.51;3;13
0;63.5;2;13
1;54.06;7;13
0;54.21;4;13
1;53.06;4;13
1;50;4;13
0;51.41;3;13
0;45.72;2;13
0;46.76;3;13
1;45.36;4;13
0;40.34;2;13
0;53.66;2;13
0;41.93;3;13
1;41.3;4;13
1;57.88;4;13
0;51.24;3;13
0;51.69;4;13
0;61.1;2;13
1;63.88;4;13
0;62.23;4;13
0;37.07;4;13
0;36.55;3;13
1;53.94;3;13
0;51.33;3;13
0;49.03;5;14
1;76.33;4;14
0;43.8;3;14
1;51.73;2;14
0;47.24;4;14
0;50.16;5;14
0;41.36;4;14
0;47.02;4;14
0;68.99;4;14
0;54.69;5;14
0;38.78;4;14
0;39.17;4;14
0;43.77;4;14
0;58.33;4;14
1;52.73;2;14
0;52.04;3;14
0;52.61;4;14
0;39.08;3;14
1;49.5;4;14
1;52.56;2;14
0;38.92;4;14
0;61.22;3;14
0;41.35;4;14
1;49.19;3;14
0;27.3;4;14
0;47.4;6;14
1;39.78;3;14
0;38.32;5;14
1;48.77;4;14
1;55.53;4;14
1;39.45;1;14
0;71.47;4;14
0;40.65;5;14
0;39.28;4;14
0;40.36;5;14
1;38.52;3;14
0;52.68;4;14
1;44.51;2;14
1;53.35;4;14
0;54.26;5;14
1;34.82;4;14
1;51.16;4;14
0;44.01;3;14
0;47.04;3;14
1;82.28;5;14
1;52.98;3;14
0;35.81;4;14
0;71.93;2;14
1;52.77;2;14
0;41;3;14
0;38.57;4;14
0;66.7;4;14
0;42.37;5;14
1;43.79;2;14
1;49.52;2;14
1;37.59;3;14
1;71.23;3;14
0;51.68;3;14
1;54.81;3;14
1;55.74;3;15
1;67.51;5;15
1;35.12;4;15
1;58.84;4;15
1;53.04;5;15
0;58.5;2;15
1;49.39;4;15
1;44.4;3;15
1;65.62;6;15
1;31.32;3;15
0;47.43;2;15
1;49.12;4;15
1;64.59;4;15
1;61.43;3;15
1;53.24;4;15
1;41.43;4;15
1;32.55;3;15
1;52.86;5;15
1;59.7;5;15
1;60.28;4;15
1;36.98;3;15
1;50.99;4;15
1;60.94;4;15
1;55.39;3;15
1;57.39;3;15
1;51.07;4;15
1;44.94;4;15
1;56.9;3;15
0;49.36;2;15
1;54.61;5;15
1;65.52;4;15
1;56.99;4;15
1;51.88;5;15
0;44.2;2;15
1;42.95;5;15
1;60.34;4;15
1;56.33;3;15
1;33.27;4;15
0;44.44;3;15
1;30.14;3;15
1;52.71;5;15
0;38.24;2;15
1;35.63;4;15
1;51.84;5;15
1;48.13;3;15
1;48.38;5;15
1;65.22;4;15
1;65.73;3;15
1;49.08;4;15
1;61.24;4;15
1;49.97;3;15
1;68.7;3;15
1;45.16;6;15
1;69.25;6;15
1;33.9;4;15
1;52.95;4;15
1;39.29;4;15
0;53.26;3;15
0;51.32;3;15
1;61.98;4;15
1;44.32;3;15
1;41.31;4;15
1;47.98;4;15
1;44.05;3;15
1;61.55;3;15
1;65.73;3;15
1;59.96;4;15
1;46.94;4;15
0;40.4;4;15
0;43.87;3;15
1;48.97;5;15
1;42.41;5;15
1;42.94;3;15
1;49.42;3;15
1;60.92;5;15
1;50.22;5;15
1;46.43;5;15
1;48.78;4;15
1;40.98;3;15
1;43.77;4;15
1;59.96;4;15
1;42.24;4;15
1;55.33;4;15
1;47.06;3;15
1;44.67;4;16
1;36.91;4;16
1;44.98;5;16
1;44.09;3;16
1;52.09;3;16
0;54.51;4;16
1;50.2;3;16
1;57.62;4;16
1;53.92;4;16
0;41.52;4;16
1;56.29;3;16
1;60.17;3;16
1;61.7;2;16
1;48;3;16
0;19.78;5;16
1;50.84;2;16
1;32.19;3;16
1;40.24;2;16
1;43.6;5;16
1;46.64;2;16
1;52.79;3;16
0;35.56;5;16
1;44.77;4;16
1;54.87;1;16
1;40.07;3;16
1;47.71;3;16
1;24.5;4;16
1;55.31;3;16
0;44.79;5;16
1;58.55;3;16
1;67.16;3;16
1;38.32;3;16
1;54.41;3;16
1;51.97;2;16
1;61.62;3;16
1;61.84;3;16
1;56.97;2;16
0;55.24;5;16
1;46.93;3;16
0;48.39;5;16
1;34.04;1;16
0;54.52;4;16
1;58.81;4;16
0;42.74;5;16
1;43.05;4;16
1;65.49;2;16
1;42.85;3;16
1;53.32;4;16
0;45.46;5;16
0;41.59;4;16
1;49.03;2;16
1;46.03;3;16
0;51.89;5;16
0;43.53;5;16
1;38.1;4;16
1;45.52;5;16
1;70.26;3;16
1;54.65;3;16
1;50.44;6;17
1;42.55;4;17
1;63.31;5;17
1;40.44;3;17
1;59.56;3;17
1;49.03;3;17
1;52.27;1;17
1;55.55;4;17
1;47.59;4;17
0;49.64;4;17
1;57.91;3;17
1;51.38;2;17
1;62.84;4;17
1;43.28;3;17
1;34.63;3;17
1;47.33;5;17
1;57.68;3;17
1;51.24;4;17
1;40.04;4;17
1;38.93;4;17
1;33.98;4;17
1;52.65;3;17
1;39.8;4;17
1;53.2;3;17
1;51.64;2;17
1;46.11;1;17
1;59.34;3;17
1;43.96;3;17
1;61.39;3;17
1;54.63;3;17
1;53.23;4;17
1;35.18;5;17
1;64.29;4;17
1;44.67;3;17
1;58.73;3;17
0;44.5;4;17
1;51.2;4;17
1;44.27;6;17
1;59.8;2;17
1;52.32;3;17
1;45.31;4;17
1;40.73;3;17
1;38.08;3;17
1;51.86;4;17
1;50;1;17
1;48.09;4;17
1;54.25;4;17
1;58.6;4;17
1;61.74;3;17
1;47.7;3;17
1;51.62;3;17
0;50.01;6;17
1;51.27;3;17
1;48.63;4;17
1;47.22;5;17
1;52.66;3;17
0;39.33;4;17
0;26.29;3;17
1;24.48;4;17
0;42.07;4;17
0;42.03;3;17
0;31.75;5;17
1;37.44;2;17
1;54.6;4;17
1;49.18;5;17
1;42.81;4;17
1;49.21;3;17
1;49.26;5;17
1;54.18;4;18
1;58.26;2;18
0;47.99;5;18
1;60.67;3;18
1;52.22;4;18
0;32.09;4;18
1;39.08;4;18
0;46.21;5;18
0;58.04;5;18
1;55.9;3;18
0;35.45;3;18
0;48.99;3;18
1;28.58;2;18
0;47.94;4;18
0;41.01;4;18
0;61.21;5;18
1;52.65;2;18
1;41.36;3;18
0;25.67;5;18
0;47.54;3;18
0;33.51;5;18
1;67.11;3;18
1;56.8;5;18
1;44.21;4;18
1;35.5;2;18
0;47.47;5;18
1;60.02;4;18
1;74.07;4;18
0;56.6;4;18
1;55.92;4;18
0;39.47;4;18
1;72.74;4;18
0;50.87;4;18
1;43.97;4;18
1;63.84;4;18
0;46.67;5;18
1;58.12;2;18
1;51.77;2;18
1;73.57;3;18
1;52.46;5;18
1;54.22;2;18
1;38.35;3;18
1;53.96;4;18
1;50.46;2;18
1;32.13;4;18
1;60.73;4;18
1;44.63;4;18
1;41.69;3;18
0;51.2;5;18
0;33.74;3;18
0;47.91;4;18
0;54.37;4;18
1;57.84;3;18
1;49.48;4;18
0;46.36;3;18
1;39.14;3;18
0;50.66;3;18
1;50.68;5;18
0;48.01;3;19
0;59.28;5;19
0;49.54;4;19
1;56.62;3;19
0;49.77;4;19
1;47.39;3;19
0;38.5;4;19
1;53.98;3;19
0;57.97;4;19
1;42.83;3;19
0;53.69;4;19
1;42.36;2;19
1;50.45;3;19
0;46.66;4;19
1;44.93;3;19
0;65.55;3;19
1;65.07;2;19
1;67.01;2;19
0;40.46;5;19
0;49.39;5;19
1;61.08;4;19
1;45.07;3;19
1;46.38;3;19
1;39.8;2;19
1;60.88;3;19
0;47.99;3;19
1;51.23;3;19
1;39.25;2;19
0;49.51;3;19
1;36.73;2;19
0;40;4;19
0;69.19;4;19
1;55.15;4;19
0;46.37;4;19
0;59.41;3;19
1;55.64;4;19
1;49.73;3;19
1;43.58;4;19
0;47.1;4;19
0;56.99;4;19
1;62.42;4;19
1;56.89;3;19
1;59.06;3;19
0;60.67;4;19
1;46.57;3;19
0;46.77;3;19
1;79.83;3;19
1;28.31;3;19
1;58.65;3;19
1;58.36;3;19
0;44.55;5;19
0;46.16;4;19
1;39.23;3;19
0;57.31;5;19
1;43.18;2;19
0;47.29;5;19
1;41.98;2;19
0;28.26;4;19
1;34.17;3;19
1;65.93;2;19
0;54.37;6;19
1;67.91;4;19
0;53.1;4;19
0;67.65;4;19
0;50.67;4;19
1;58.05;3;19
0;49.77;4;19
1;53.98;2;19
0;39.7;5;19
1;58.66;3;19
0;51.39;4;19
1;54.12;4;19
1;43.09;3;19
0;36.03;4;19
1;51.03;3;19
0;27.59;4;19
1;25.68;3;19
1;56.87;2;19
1;49.95;4;19
1;39.75;3;19
1;38.34;1;19
1;60.94;3;19
1;39.54;4;19
0;48.25;3;19
0;31.74;5;19
1;34.99;4;19
0;37.72;3;19
1;41.44;1;19
1;53.89;4;19
0;55.89;4;19
0;61.72;5;19
1;53.7;3;19
1;52.85;2;19
0;53.97;4;19
1;50.68;4;19
1;42.67;2;19
0;37.94;4;19
1;49.35;5;20
1;70.18;1;20
1;56.85;6;20
1;44.36;4;20
0;65.34;2;20
0;40.72;3;20
1;51.58;5;20
1;55.39;3;20
0;48.88;3;20
0;53.34;5;20
0;47.31;3;20
1;53.07;4;20
1;42.32;2;20
1;42.97;5;20
1;52.73;4;20
0;54.25;2;20
1;41.23;4;20
1;51.26;1;20
1;51.73;4;20
1;58;4;20
1;44.17;3;20
1;58.98;4;20
1;62.28;4;20
0;42.39;4;20
0;31.61;4;20
0;42.5;3;20
0;52.8;4;20
1;60.56;4;20
1;57.99;4;20
1;59.27;4;20
0;57;3;20
1;35.8;3;20
0;53.69;2;20
1;62.47;4;20
1;49.44;5;20
1;51.61;3;20
1;46.97;3;20
0;51.61;3;20
1;64.45;2;20
0;55.35;5;20
1;52.57;4;20
1;32.47;4;20
0;53.46;5;20
1;60.01;2;20
1;37.66;4;20
0;47.08;6;20
1;39.9;4;20
1;61.15;2;20
1;66.24;4;20
1;50.32;3;20
1;39.03;2;20
1;56.56;3;20
0;54.26;4;20
0;36.63;4;20
0;42.11;4;20
0;51.62;3;20
1;52.51;4;20
0;55.84;4;20
0;52.44;3;20
0;46.94;5;20
1;64.59;3;20
1;58.12;4;20
1;69.04;4;20
1;42.44;2;20
1;50.3;3;20
1;41.11;3;20
1;50.62;4;20
1;58.04;5;20
0;50.56;4;20
1;29.83;3;20
1;56.52;4;20
0;42.33;3;20
0;39.8;4;20
1;50.54;4;20
0;41.88;4;20
1;47.11;5;20
0;51.32;4;20
1;38.44;3;20
0;43.58;3;21
1;44.96;3;21
0;51.32;3;21
0;57.19;3;21
0;34.99;3;21
0;59.83;3;21
0;63.29;4;21
1;51.89;5;21
1;48.18;5;21
1;56.68;4;21
1;50.15;5;21
0;45.03;3;21
0;45.55;3;21
0;30.6;1;21
1;45.14;4;21
0;49.87;3;21
0;32.49;3;21
1;51.41;4;21
0;38.63;3;21
0;37.81;4;21
0;41.24;3;21
0;37.56;3;21
0;41.52;1;21
0;52.22;4;21
0;26.98;4;21
0;55.66;4;21
0;61.17;2;21
1;69.21;5;21
0;44.62;4;21
0;37.07;4;21
0;28.63;4;21
0;42.78;4;21
0;52.84;4;21
1;38.88;4;21
0;48.4;4;21
0;58.27;3;21
0;49.14;4;21
0;48.44;4;21
0;45.54;4;21
0;48.79;3;21
0;47.66;4;21
1;52.6;4;21
1;62.3;5;21
0;49.5;3;21
0;55.81;4;21
0;40.77;2;21
0;50.17;4;21
0;53.84;4;21
0;51.96;4;21
0;44.26;3;21
0;46.21;3;21
0;62.91;3;21
1;44.66;5;21
0;43.34;1;21
1;46.2;4;21
0;48.46;4;21
0;53.09;4;21
1;46.48;2;21
0;54.6;2;21
0;59.71;3;21
0;29.89;3;21
0;71.39;6;22
0;48.05;4;22
0;50.12;4;22
0;42.13;4;22
0;44.06;2;22
0;47.16;4;22
0;63.6;4;22
1;60.75;3;22
1;45.9;2;22
1;63.92;2;22
0;50.79;3;22
0;52.11;3;22
0;31.81;3;22
1;50.71;2;22
0;59.72;4;22
0;51.98;4;22
1;60.99;3;22
1;43.36;2;22
1;44.45;2;22
0;58.81;4;22
0;34.89;4;22
0;51.85;4;22
0;57.51;5;22
0;68.42;4;22
1;41.87;1;22
0;42.65;3;22
1;49.24;2;22
0;60.31;3;22
1;59.34;1;22
0;49.95;3;22
0;57.61;2;22
0;57.8;4;22
0;62.83;4;22
0;34.89;3;22
0;69.92;4;22
0;49.88;4;22
1;47.02;3;22
0;45.87;4;22
1;41.87;2;22
0;45.16;6;22
0;58.64;3;22
1;41.78;2;22
0;52.57;3;22
1;45.79;1;22
0;39.64;3;22
0;44.36;4;22
0;44.13;3;22
0;39.09;6;22
0;68.4;3;22
0;39.7;5;22
0;61.85;3;22
0;37.35;3;22
0;43.87;4;22
0;71.55;4;22
0;63.48;4;22
0;37.74;3;22
1;56.89;3;22
0;40.9;3;22
1;46.66;2;22
0;44.32;4;22
0;36.89;3;22
0;58.57;4;22
0;50.84;5;22
1;50.71;3;22
1;48.72;2;22
1;32.88;2;22
0;40.53;3;22
0;42.26;6;22
0;47.86;3;22
0;46.05;3;22
1;52.03;3;22
0;30.04;4;22
0;27.42;4;22
1;61.93;4;22
0;60.22;3;22
0;36.69;5;22
1;57.26;4;22
1;33.52;3;22
0;48.66;3;22
1;47.87;2;22
1;48.03;3;22
0;23.71;3;22
0;41.76;3;22
0;44.63;5;22
0;69.14;3;22
0;51.06;3;22
0;47.89;5;22
0;49.76;5;22
0;36.72;5;22
0;42.69;4;22
1;62.55;2;22
0;43.03;4;22
0;46.94;4;23
1;58.48;3;23
1;52.97;4;23
0;40.57;3;23
1;60.39;5;23
0;50.78;3;23
1;42.17;5;23
0;40.23;2;23
0;50.72;2;23
1;41.41;5;23
1;58.98;3;23
0;53.22;3;23
0;55.89;3;23
1;48.39;4;23
1;69.91;5;23
1;59.06;3;23
1;45.35;3;23
0;64.72;4;23
0;49.26;2;23
1;49.63;5;23
0;68.08;2;23
0;58.73;2;23
1;46.53;3;23
1;67.67;5;23
0;44.05;3;23
1;59.09;3;23
1;48.12;5;23
1;58.2;3;23
1;64.21;4;23
1;45.02;4;23
0;44.94;3;23
0;47.5;3;23
0;55.4;4;23
0;39.09;1;23
1;42.94;3;23
0;54.91;3;23
0;47.36;2;23
1;48.67;3;23
0;54.56;1;23
1;52.32;5;23
1;60.16;3;23
1;44.04;4;23
1;51.95;5;23
1;49.04;4;23
0;43.75;2;23
1;54.83;4;23
1;48.82;4;23
0;29.72;2;23
1;29.46;3;23
0;49.88;3;23
1;47.86;4;23
1;54.61;3;23
0;48.77;3;23
1;41.96;4;23
1;60.58;5;23
0;48.27;1;23
0;46.67;3;23
1;49.91;4;23
0;58.89;2;23
0;47.96;3;23
1;56.78;5;23
0;45.74;2;23
1;60.22;5;23
1;47.47;5;23
1;60.37;6;23
1;46.57;5;23
1;61.1;3;23
0;48.27;6;24
0;62.48;4;24
1;62.55;4;24
0;35.94;3;24
1;52.79;3;24
1;40.28;3;24
1;33.21;2;24
1;51.89;5;24
1;57.11;1;24
1;39.56;2;24
1;48.85;2;24
1;58.67;4;24
1;43.55;2;24
1;75.04;4;24
1;59.46;2;24
0;43.54;4;24
1;35.98;3;24
0;32.7;5;24
1;60.32;3;24
0;56.48;2;24
1;48.12;2;24
0;71.78;5;24
0;40.87;4;24
1;33.81;4;24
1;59.93;1;24
1;35.45;2;24
0;43.49;4;24
0;57.81;4;24
0;45.6;3;24
1;68.36;4;24
0;46.69;5;24
0;54.31;5;24
0;54.1;4;24
0;49.44;4;24
1;58.96;2;24
1;42.49;4;24
1;45.7;2;24
0;41;5;24
0;45.02;4;24
0;69.6;5;24
0;46.03;5;24
1;57.38;2;24
1;43.97;3;24
1;37.47;3;24
1;28.97;3;24
0;29.57;5;24
1;51.05;2;24
1;53.46;2;24
1;35.42;3;24
1;61.27;2;24
1;48.35;2;24
1;56.5;1;24
1;59.02;2;24
1;53.48;3;24
0;40.86;5;24
1;41.76;4;25
1;43.51;5;25
1;59.53;3;25
1;68.56;3;25
1;58.51;4;25
1;70.72;2;25
1;66.68;3;25
1;56.54;5;25
0;48.11;4;25
1;44.33;2;25
0;45.36;3;25
1;46.08;5;25
1;49.19;2;25
1;47.86;3;25
1;37.91;3;25
1;66.84;4;25
1;50.99;6;25
0;53.96;5;25
1;53.17;3;25
1;62.99;4;25
1;59.8;4;25
1;56.06;2;25
1;37.78;3;25
0;68.03;4;25
1;72.67;5;25
1;48.57;3;25
1;57.3;6;25
1;41.84;5;25
1;47.95;2;25
1;50.26;4;25
1;51.69;4;25
0;44.39;4;25
1;61.39;4;25
1;62.74;4;25
1;48.4;3;25
1;46.57;3;25
1;57.13;4;25
1;60.57;2;25
1;49.6;2;25
1;52.99;2;25
1;53.8;4;25
1;39.06;2;25
1;34.76;4;25
1;45.63;3;25
1;59.82;5;25
1;42.74;4;25
1;64.79;4;25
0;45.08;4;25
1;62.7;2;25
1;60.48;2;25
0;54.07;6;25
1;52.08;2;25
1;46.88;1;25
1;62.41;4;25
1;43.66;3;25
1;60.99;5;25
1;54.92;4;25
1;43.58;5;25
0;34.86;4;25
1;40.92;3;25
1;77.93;3;25
1;54.06;3;25
0;42.73;5;25
0;36.45;5;25
1;28.48;3;25
0;30.73;4;25
1;75.19;3;25
1;57.42;3;25
1;58.28;4;25
1;38.49;4;25
1;48.09;4;25
1;41.88;4;25
1;51.77;3;25
1;55.37;3;25
1;53.14;2;25
1;56.31;2;25
1;43.36;2;25
1;63.17;4;25
1;60.83;3;25
1;57.22;4;25
1;50.86;4;25
1;54.32;4;25
1;60.67;4;25
1;40.31;3;25
1;43.09;4;25
1;46.11;4;25
0;57.55;3;26
1;44.66;5;26
0;52.24;2;26
1;56.29;5;26
0;59.97;4;26
0;61.44;3;26
0;59.6;3;26
0;42.75;1;26
0;44.5;4;26
0;55.66;2;26
1;53.49;5;26
1;46.58;3;26
0;31.44;2;26
0;43.33;3;26
0;83.72;4;26
1;58.97;3;26
1;43.34;5;26
1;51.94;4;26
0;39.9;4;26
0;55.27;2;26
1;48.35;5;26
1;48.01;5;26
0;42.42;3;26
1;43.04;3;26
1;53.32;3;26
1;51.67;4;26
0;59.11;3;26
0;52.81;3;26
0;54.12;3;26
0;50.68;2;26
0;34.33;1;26
0;57.21;4;26
0;54.29;3;26
1;33.04;4;26
1;49.43;4;26
0;51.94;2;26
0;45.07;3;26
0;44.25;4;26
0;67.35;2;26
1;54.19;4;26
1;49.16;4;26
0;36.9;4;26
0;40.26;3;26
0;50.15;3;26
0;38.1;4;26
0;37.31;2;26
1;58.79;3;26
1;62.75;5;26
0;44.95;3;26
1;60.5;5;26
0;60.85;3;26
1;45.2;5;26
0;52.67;2;26
1;49.35;2;27
0;55.71;5;27
1;55.29;2;27
1;42.8;2;27
1;44.54;4;27
0;55.83;4;27
1;57.01;4;27
1;64.65;4;27
0;46.13;3;27
0;43.19;4;27
1;52.55;3;27
1;45.28;3;27
1;48.87;3;27
0;41.59;6;27
0;45.45;3;27
1;58.38;3;27
0;37.24;3;27
1;35.31;3;27
1;39.85;2;27
1;58.19;3;27
0;53.32;4;27
0;47.31;5;27
0;50.3;5;27
1;43.72;1;27
1;54.52;4;27
1;47.32;2;27
1;54.97;3;27
1;43.67;3;27
0;49.17;3;27
0;51.12;4;27
1;42.89;3;27
1;41.08;3;27
0;38.27;4;27
1;54.72;3;27
0;39.83;4;27
0;56.98;4;27
1;52.23;3;27
1;57.22;4;27
0;44.39;7;27
1;54.85;4;27
1;44.63;4;27
0;62.44;4;27
0;47.34;4;27
1;52.58;5;27
0;52.2;3;27
0;25.56;3;27
1;73.75;3;27
0;42.67;4;27
0;61.35;3;27
1;38.26;5;27
1;49.15;3;27
1;46.21;3;27
1;40.61;3;27
0;41.29;5;27
1;57.94;3;27
1;65.37;5;27
1;35.88;4;27
0;42.84;4;27
0;43.83;3;27
0;40.89;4;27
1;56.27;3;27
1;50.06;4;27
1;59.42;4;27
1;52.97;4;27
1;65.2;4;27
1;66.11;1;27
0;42.06;4;27
1;40.63;3;27
1;42.68;2;27
1;64.33;5;27
0;44.09;5;27
0;37;4;27
1;33.78;4;27
0;47.23;4;27
1;58.38;4;27
1;71.97;2;27
1;51.69;3;27
1;48.24;4;27
1;59.11;3;27
0;44.88;3;27
1;42.91;3;27
1;59.08;2;27
1;63.03;3;27
1;53.1;2;27
1;41.36;3;27
1;51.5;4;27
0;42.68;3;27
1;69.64;4;28
1;42.86;4;28
1;42.63;4;28
1;61.49;3;28
1;30.5;3;28
1;45.41;4;28
1;60.07;3;28
1;70.75;3;28
1;54.75;4;28
1;37.23;2;28
1;39.81;3;28
1;51.29;4;28
0;14.79;4;28
1;31.6;4;28
0;52.25;3;28
1;43.96;6;28
1;32.42;3;28
0;47.9;2;28
1;50.41;4;28
1;41.53;4;28
1;39.88;4;28
1;47.05;3;28
1;42.22;5;28
1;63.21;2;28
1;48.9;4;28
0;60.41;0;28
1;37.83;5;28
1;48.53;4;28
1;61.23;5;28
1;75.75;4;28
1;40.96;5;28
1;62.81;5;28
1;54.16;4;28
1;62.91;2;28
1;65.48;3;28
1;49.28;2;28
1;49.46;2;28
1;42.46;1;28
1;67.75;4;28
1;46.87;5;28
1;55.94;3;28
1;66.93;3;28
1;62.66;4;28
1;57.88;3;28
1;43.12;4;28
0;55.9;2;28
1;39.55;5;28
1;60.53;4;28
1;53.48;2;28
1;54.38;6;28
0;46.49;4;28
1;46.93;5;28
1;48.03;3;28
1;47.64;2;29
1;44.92;2;29
1;43.73;3;29
1;60.73;2;29
0;52.39;3;29
1;65.48;4;29
1;47.78;3;29
0;78.55;4;29
0;55.75;5;29
1;64.27;4;29
0;53.5;4;29
1;55.91;2;29
0;42.88;4;29
1;42.64;3;29
1;45.74;1;29
1;51.14;4;29
1;52.04;4;29
1;47.89;3;29
1;51.68;4;29
1;63.01;3;29
0;37.62;4;29
1;48.93;2;29
0;59.34;4;29
1;48.69;3;29
0;42.2;4;29
1;33.92;3;29
1;36.03;2;29
0;51.38;4;29
0;44.39;3;29
1;46.1;4;29
1;69.01;3;29
0;49.84;5;29
1;40.17;4;29
1;48.7;5;29
1;37.42;3;29
1;65.02;3;29
0;59.32;4;29
1;59.45;3;29
0;32.61;4;29
0;63.16;5;29
1;53.97;3;29
1;57.29;3;29
0;49.45;4;29
1;38.43;4;29
1;39.44;2;29
0;54.88;5;29
1;55.51;3;29
0;47.54;5;29
0;47.51;4;29
1;66.07;4;29
1;60.49;3;29
1;53.15;4;29
1;57.98;4;29
1;52.06;4;29
1;51.85;4;29
0;62.33;5;29
1;49.56;3;29
1;54.44;4;29
1;44.94;3;29
1;47.46;3;29
0;40.38;4;29
1;38.29;2;29
0;41.5;4;29
0;39.49;2;30
0;35.84;3;30
0;46.61;4;30
0;41.46;4;30
0;40.15;5;30
0;46.78;5;30
0;43.76;4;30
0;53.55;1;30
0;52.79;2;30
0;60.22;5;30
0;58.75;4;30
1;70.15;5;30
1;63.66;5;30
0;30.56;4;30
0;52.35;4;30
0;51.36;3;30
0;53.56;4;30
0;43.78;1;30
0;44.09;4;30
0;41.32;5;30
0;38.6;3;30
0;40.49;4;30
0;70.15;3;30
0;63.35;3;30
0;51.81;3;30
0;49.93;3;30
0;43.08;3;30
0;50.52;2;30
0;38.37;4;30
0;58.77;3;30
0;44.68;5;30
0;45.52;4;30
0;50.03;3;30
0;43.99;3;30
0;47.71;3;30
0;55.27;3;30
0;47.54;3;30
0;55.7;4;30
0;47.29;4;30
0;44.29;4;30
0;47.92;3;30
0;65.44;1;30
0;36.26;4;30
0;38.85;5;30
0;50.39;6;30
0;59.05;4;30
0;48.27;4;30
0;41.01;4;30
1;70.28;4;30
1;52.88;2;30
0;40.04;4;30
0;29.99;3;30
0;38.45;3;30
0;31.88;4;30
0;44.78;2;30
0;44.86;5;30
1;84.34;5;30
0;47.57;3;30
0;50.62;7;30
0;55.27;4;30
0;55.39;5;30
0;52.85;4;30
0;43.77;4;30
0;35.43;4;30
0;48.59;4;30
0;47.88;5;30
0;65.42;3;30
1;53.24;4;30
0;48.18;3;30
0;54.18;4;30
0;43.22;5;30
0;55.14;4;30
0;56.18;4;30
0;35.76;2;30
0;58.91;2;30
0;34.02;3;30
0;41.91;4;30
0;54.15;3;30
0;52.9;3;30
0;54.67;3;30
0;56.77;3;30
1;50.69;5;30
0;56.02;3;30
0;45.73;4;30
0;38.13;3;30
0;41.4;3;30
0;62.59;4;30
0;48.34;3;30
0;48.97;5;30
1;53.39;3;30
1;53.1;2;30
0;52.78;2;30
0;51.2;2;30
0;38.64;4;31
0;63.25;3;31
1;45.97;3;31
1;76.12;2;31
0;62.58;4;31
1;46.15;1;31
1;46.67;3;31
0;61.01;4;31
1;34.91;3;31
0;48.46;5;31
0;45.28;4;31
1;41.94;3;31
0;43.62;3;31
1;43.97;3;31
0;48.73;4;31
0;41.53;4;31
0;43.48;3;31
0;59.82;3;31
1;56.44;3;31
1;43.33;2;31
0;47.52;4;31
1;68.17;4;31
0;53.6;4;31
1;37.48;3;31
0;43.77;3;31
1;49.72;1;31
0;47.04;3;31
1;67.1;1;31
0;46.98;4;31
1;49.72;3;31
0;39.9;4;31
0;47.66;6;31
0;50.27;5;31
1;54.47;2;31
0;64.62;5;31
0;25.81;4;31
0;52.4;4;31
0;49.42;4;31
1;57.04;5;31
0;56.89;3;31
0;56.93;4;31
1;48.67;2;31
0;43.6;4;31
0;55.3;4;31
1;49.52;3;31
1;55.9;1;31
0;31.34;4;31
0;33.74;4;31
0;51.58;4;31
1;51.36;3;31
0;53.34;4;31
1;57.86;3;31
0;50.1;3;31
0;56.58;6;31
0;64.73;4;31
0;29.93;3;31
0;54.95;4;31
0;40.6;4;31
0;47.2;5;31
0;40.03;6;31
0;47.06;3;31
0;36.26;4;31
1;74.21;2;31
1;54.05;3;31
0;39.23;5;31
1;40.33;2;31
1;50.57;4;31
1;38.21;3;31
1;30.27;2;31
1;37.29;1;31
1;48.39;2;31
1;62.3;4;31
1;62.48;3;31
1;42.33;4;32
1;38.21;4;32
1;64.77;5;32
1;54.67;4;32
1;54.61;4;32
1;30.45;4;32
1;52.42;2;32
1;55.86;3;32
1;54.72;5;32
1;51.9;2;32
1;58.62;3;32
0;51.26;3;32
1;41.67;4;32
1;33.27;3;32
1;60.64;5;32
1;52.9;2;32
1;69.2;3;32
1;59.85;3;32
1;29.71;3;32
0;36.43;3;32
1;61.41;5;32
1;53.82;5;32
1;35.72;3;32
1;35.9;5;32
1;50.48;3;32
1;47.51;3;32
1;32.24;3;32
1;49.62;4;32
1;52.42;4;32
1;78.7;5;32
1;67.34;2;32
1;37.74;4;32
1;51.25;4;32
1;36.76;4;32
1;50.05;4;32
1;37.98;2;32
0;52.2;2;32
1;67.2;4;32
1;47.06;4;32
1;67.16;5;32
1;41.23;5;32
1;46.91;4;32
1;53.83;1;32
1;53.27;4;32
1;82.98;3;32
1;46.77;5;32
0;62.88;2;32
1;45.04;4;32
1;38.54;3;32
1;64.47;4;32
1;39.34;3;32
1;46.6;4;32
1;50.65;3;32
1;46.47;3;32
1;52.6;4;32
1;35.66;4;32
1;37.7;5;32
1;40.32;4;32
0;51.27;2;32
1;61.5;2;32
1;48.43;3;32
1;54.33;4;32
0;50.01;3;32
1;29.82;3;32
1;35.2;4;32
1;48.25;3;32
1;44.1;3;32
1;37.67;4;32
1;71.89;3;32
1;52.12;2;32
1;50.91;4;32
1;44.71;3;32
1;62.48;3;32
1;36.42;4;32
1;53.92;2;32
1;61;3;32
1;36.13;2;32
1;46.29;3;32
0;61.4;1;32
1;31.29;2;32
1;62.7;4;32
1;66.38;3;32
0;34.99;2;32
0;50.67;5;33
0;63.87;5;33
0;55.69;2;33
0;46.3;3;33
0;43.89;4;33
0;35.83;3;33
0;48.8;3;33
0;50.83;4;33
1;48.39;3;33
0;51.57;4;33
0;46.79;4;33
0;59.6;4;33
1;53;5;33
0;55.28;7;33
0;34.43;5;33
1;54.1;6;33
0;41;1;33
0;56.77;4;33
0;47.92;3;33
0;75.69;3;33
0;64.04;3;33
0;47.97;6;33
0;65.82;5;33
0;51.48;4;33
0;45.63;3;33
0;34.99;4;33
0;31.96;5;33
0;50.26;3;33
0;28.68;3;33
0;47.61;3;33
1;45.47;2;33
0;44.6;3;33
0;47.09;3;33
0;65.87;4;33
1;63.17;2;33
0;62.34;3;33
0;41.41;3;33
0;55.95;2;33
0;47.21;4;33
0;53.84;3;33
0;49.61;2;33
0;57.04;4;33
0;55.18;2;33
0;50.04;2;33
0;45.45;3;33
0;50.59;5;33
0;49.32;4;33
0;39.07;4;33
0;54.14;3;33
0;52.67;1;33
0;56.84;3;33
0;39.45;3;33
1;41.14;2;33
0;56.78;3;33
0;35.9;4;33
1;29;2;33
0;50.94;4;33
0;53.76;4;34
0;47.95;4;34
1;51.44;4;34
1;56.46;4;34
0;60.92;5;34
0;38.87;6;34
0;30.24;3;34
0;51.82;4;34
1;63.57;2;34
1;57.45;3;34
1;47.72;4;34
1;48.31;3;34
0;68.93;5;34
1;62.69;4;34
0;40.39;3;34
1;43.55;2;34
0;65.52;5;34
0;52.6;3;34
1;43.16;3;34
1;59.66;3;34
0;47.52;5;34
1;61.28;3;34
0;41.61;3;34
1;58.18;3;34
1;51.08;3;34
0;38.78;4;34
0;53.15;5;34
0;70.18;5;34
1;35.55;3;34
0;40.94;5;34
0;44.27;4;34
0;43.84;4;34
0;59.62;5;34
1;34.15;2;34
0;55.37;4;34
0;53.38;4;34
1;56.32;4;34
1;40.13;4;34
0;69.13;5;34
1;43.63;3;34
0;52.12;5;34
1;45.37;3;34
0;47.95;5;34
1;50.91;3;34
1;54.35;4;34
1;53.96;4;34
1;52.97;2;34
1;43.29;2;34
0;44.83;3;34
0;46.5;4;34
1;51.59;3;34
0;49.8;4;34
0;37.66;4;34
0;51.19;3;34
0;57.88;4;34
1;53.97;4;34
0;42.02;4;34
1;69.1;4;34
1;44.02;3;34
1;52.56;3;34
1;57.52;2;34
1;44.91;3;34
0;46.94;4;34
1;52.91;2;34
0;48.24;4;34
0;45.98;4;34
1;52.38;4;34
1;53.92;3;34
0;41.76;6;34
0;55.24;5;34
0;49.29;4;34
0;45.47;5;34
1;67.86;3;34
0;68.93;4;34
0;35.11;4;34
1;44.33;2;34
1;51.3;3;34
1;38.49;3;34
1;45.22;4;34
1;58.57;5;35
1;56.67;3;35
1;50.64;2;35
1;51.32;4;35
1;46.14;3;35
1;54.61;4;35
1;52.99;4;35
1;59.35;3;35
1;43.94;3;35
1;30.44;3;35
1;48.1;3;35
1;37.53;3;35
1;62.11;4;35
1;56.13;3;35
1;34.17;3;35
1;44.99;3;35
1;45.26;3;35
1;50.01;4;35
1;48.14;3;35
0;60.42;2;35
1;45.3;3;35
1;26.84;4;35
0;52.8;4;35
1;44.76;4;35
1;36.62;3;35
1;51.62;3;35
1;65.19;3;35
1;50.36;4;35
1;34.51;5;35
1;64.56;3;35
1;32.78;3;35
1;34.31;4;35
1;23.75;4;35
1;24.48;3;35
1;65.07;4;35
1;48.16;4;35
1;54.03;4;35
0;36.09;3;35
1;54.36;4;35
0;37.49;5;35
1;39.56;3;35
1;50.3;3;35
1;50.39;2;35
0;52.52;3;35
1;53.66;3;35
1;52.68;3;35
1;38.68;5;35
1;51.57;3;35
1;62.51;2;35
0;32.99;4;35
1;62.23;4;35
1;45.6;3;35
1;49.36;3;35
1;40.53;3;36
1;50.68;3;36
0;41.67;5;36
1;53.8;4;36
1;68.13;3;36
1;67.23;4;36
1;55.96;3;36
1;40.67;3;36
1;48.1;3;36
1;53.48;3;36
1;65.29;3;36
1;42.84;3;36
1;52.76;3;36
1;36.57;4;36
1;49.11;4;36
1;31.78;3;36
1;49.34;4;36
1;45.62;5;36
1;65.36;5;36
1;58.28;3;36
1;38.33;4;36
1;58.28;3;36
1;44.62;3;36
1;66.51;3;36
1;51.01;3;36
1;54.85;3;36
1;52.89;3;36
1;52.24;4;36
1;43.26;6;36
0;48.19;5;36
1;49.68;3;36
1;38.44;4;36
1;78.1;4;36
1;64.14;4;36
1;49.73;3;36
1;62.89;3;36
1;54.45;4;36
1;52.83;3;36
1;63.58;5;36
1;51.82;3;36
1;42.13;1;36
1;53.09;3;36
1;55.18;6;36
1;53.51;4;36
1;61.45;4;36
1;43.52;3;36
1;62.57;3;36
1;39.36;6;36
1;48.61;4;36
1;42.8;2;36
1;57.65;2;36
1;54.8;2;36
0;39.52;4;36
1;47.09;4;36
1;43.96;3;36
1;58.6;5;36
1;46.79;5;36
1;48.18;3;36
1;56.47;4;36
1;59.9;5;36
1;42.21;4;36
0;29.57;4;36
1;57.95;3;36
1;48.63;3;36
1;62.51;6;36
1;38.1;2;36
1;29.85;4;36
1;41.2;3;36
1;63.8;6;36
1;53.49;3;36
1;51.88;3;36
1;55.77;3;36
1;60.66;5;36
0;48.29;4;36
1;48.43;4;36
0;42.85;5;36
1;56.97;3;36
1;45.21;4;36
1;65.35;3;36
1;53.05;2;36
1;61.95;4;36
1;47.11;3;36
0;58.79;3;36
1;51.58;2;36
1;52.52;4;36
1;46.22;4;36
1;62.08;3;36
1;60.33;3;36
1;38.94;3;36
1;41.22;2;36
1;52;3;36
0;54.45;6;37
0;62.2;3;37
1;51.88;4;37
1;67.29;3;37
0;45.22;4;37
0;45.72;5;37
0;43.99;4;37
0;57.75;4;37
0;49.36;5;37
0;43.28;4;37
1;45.75;2;37
0;48.41;3;37
1;59.96;3;37
0;57.67;4;37
0;35.9;4;37
0;48.8;4;37
1;43.92;4;37
0;53.57;4;37
0;41.48;4;37
0;51.43;2;37
0;32.39;4;37
0;56.91;4;37
0;51.79;6;37
0;61.74;4;37
0;55.21;4;37
0;49.53;4;37
0;47.51;4;37
0;40.05;5;37
1;56.43;5;37
0;49.98;2;37
0;57.16;3;37
0;37.9;4;37
0;68.23;3;37
0;67.03;4;37
0;40.93;4;37
0;47.52;3;37
1;60.77;3;37
0;37.16;3;37
1;35.17;3;37
0;37.75;3;37
0;51.48;4;37
0;47.89;4;37
0;48.79;3;37
0;35.21;3;37
0;69.71;4;37
0;50.58;7;37
1;51.83;3;37
1;58.64;4;37
1;37.57;3;37
1;56.76;3;37
0;58.94;2;37
0;39.08;4;37
0;55.68;4;37
0;14.88;2;37
0;50.07;1;38
0;41.41;5;38
1;48.62;4;38
1;59.7;4;38
0;54.71;1;38
0;64.12;2;38
0;56.36;2;38
1;46.31;5;38
1;60.56;4;38
1;53.05;5;38
1;56.81;2;38
1;64.54;2;38
0;53.05;2;38
0;42.64;4;38
0;44.4;3;38
1;35.41;2;38
0;53.7;3;38
0;55.75;2;38
0;51.92;4;38
1;56.44;4;38
1;48.67;3;38
0;37.81;3;38
1;50.87;4;38
1;46.53;3;38
1;71.81;4;38
0;48.28;2;38
0;56.16;3;38
1;67.49;4;38
1;61.11;3;38
0;33.91;4;38
1;28.37;4;38
1;42.97;4;38
1;60.82;4;38
0;60.36;3;38
0;46.27;2;38
0;51.96;4;38
1;64.96;5;38
0;36.13;4;38
0;28.37;5;38
1;55.97;4;38
0;31.74;4;38
1;52.97;5;38
1;59.75;2;38
1;57.34;2;38
1;57.91;2;38
0;57.18;3;38
1;49.49;4;38
0;52.2;2;38
0;44.01;3;38
0;48.03;4;38
1;55.9;4;38
0;44.21;4;38
0;44.63;4;38
1;53.63;3;38
1;54.23;6;38
0;49.28;5;38
1;65.95;4;38
0;49.25;2;38
1;61.3;4;38
0;52.23;3;38
1;45.6;4;38
1;38.78;6;38
1;51.64;5;39
1;66.66;4;39
1;46.83;3;39
1;55.09;3;39
1;58.35;3;39
1;36.18;3;39
1;38.15;2;39
1;43.17;3;39
1;58.66;3;39
1;41.07;4;39
1;45.15;4;39
1;48.69;4;39
0;56.08;5;39
1;71.63;3;39
1;63.72;4;39
1;78.86;3;39
1;42.3;3;39
0;47.1;5;39
1;63.05;4;39
0;41.92;3;39
1;57.29;3;39
1;61.32;4;39
1;45.63;4;39
0;33.65;4;39
1;34.68;4;39
1;45.09;3;39
0;52.6;3;39
0;46.68;4;39
1;58.06;4;39
1;57.13;5;39
1;50.17;2;39
1;43.98;3;39
1;36.85;2;39
1;52.95;5;39
1;41.42;4;39
1;42.24;3;39
1;31.22;3;39
0;36.27;4;39
1;53.28;4;39
1;49.91;4;39
0;36.83;4;39
0;33.2;4;39
0;51.28;5;39
0;40.41;3;39
1;39.52;5;39
0;56.67;5;39
1;42.53;3;39
0;54.5;4;39
1;51.35;4;39
1;57.23;4;39
1;65.15;4;39
1;62.66;2;39
0;32.94;4;39
1;43.44;4;39
0;49.6;4;40
1;55.25;3;40
0;32.64;3;40
0;29.27;4;40
0;57.25;4;40
1;53;4;40
1;41.47;4;40
0;50.57;4;40
1;43.2;3;40
1;48.5;5;40
1;45.48;2;40
0;74.13;3;40
0;56.24;3;40
0;48.89;4;40
0;47.67;4;40
0;45.62;2;40
1;44.02;2;40
0;43.3;2;40
1;64.23;4;40
0;49.47;4;40
0;63.23;4;40
1;57.73;3;40
0;32.68;4;40
1;39.75;2;40
0;43.26;4;40
1;55.3;4;40
1;72.89;3;40
1;27.36;1;40
0;38.55;3;40
0;63.51;4;40
1;58.63;5;40
1;39.65;4;40
0;43.84;3;40
0;44.34;3;40
0;53.28;4;40
1;26.26;3;40
0;49.65;3;40
0;38.87;1;40
0;36.1;5;40
1;73.01;4;40
0;33.55;4;40
1;45.44;3;40
0;60.43;2;40
0;49.85;4;40
0;43.9;4;40
0;55.05;3;40
1;61.26;4;40
1;51.58;3;40
1;55.95;4;40
1;50.24;3;40
1;56.64;5;40
0;52.08;5;40
0;33.83;4;40
0;45.22;4;40
1;44.03;3;40
1;70.98;3;40
1;42.1;3;40
0;44.42;4;40
0;40.94;4;40
0;42.12;6;40
1;66.23;5;40
1;42.98;3;40
0;59.85;4;40
0;65.36;4;40
1;23.43;2;40
1;44.11;2;40
1;45.68;2;40
0;73.24;2;40
0;49.68;4;40
0;35.26;4;40
0;54.06;2;40
0;49.41;5;40
0;45.31;5;40
0;60.76;5;40
1;48.61;3;40
0;61.57;2;40
0;46.5;4;40
0;55.1;3;40
1;61.86;2;40
0;71.75;4;40
0;53.34;1;40
0;56.21;4;40
0;62.78;3;41
0;47.81;3;41
0;60.69;3;41
0;49.12;3;41
0;45.81;3;41
0;49.52;3;41
0;44.36;4;41
1;46.63;5;41
1;57.56;3;41
0;50.36;3;41
1;56.87;5;41
0;48.03;4;41
1;53.64;5;41
0;47.93;2;41
0;48.15;2;41
0;43.73;3;41
1;37.46;5;41
0;36.53;5;41
0;55.25;4;41
0;55.12;3;41
0;68.66;3;41
1;58.75;5;41
0;55.64;3;41
0;57.76;3;41
0;53.14;3;41
0;51.04;3;41
0;55.85;4;41
0;68.36;2;41
0;59.23;2;41
0;31.06;3;41
0;51.29;4;41
0;50.06;4;41
0;46.4;4;41
0;53.92;2;41
0;52.26;2;41
0;58.75;3;41
1;67.6;5;41
0;43.88;3;41
0;49.6;3;41
0;55.68;3;41
0;62.37;3;41
0;49.33;2;41
0;55.78;2;41
0;51.45;4;41
1;53.68;4;41
1;40.95;4;41
0;33.4;1;41
1;36.2;5;41
0;46.08;4;41
0;50.74;3;41
0;46.43;3;41
1;57.75;4;41
0;47.56;4;41
0;61.35;2;41
0;68.92;3;41
0;32.2;4;41
0;47.16;2;41
0;54.91;3;41
0;59.28;4;41
0;46.79;1;41
0;44.55;4;41
1;61.91;4;41
0;50.68;5;41
0;37.6;2;41
0;48.12;5;41
1;83.1;4;41
0;53.14;3;41
0;39.01;4;41
0;48.02;4;41
1;69.09;4;41
0;44.43;3;41
0;69.2;4;41
0;34.48;4;41
0;44.49;2;41
0;47.05;3;41
1;58.7;5;41
1;37.47;5;41
1;66.55;5;41
0;38.94;3;41
1;59.99;4;41
0;62.41;3;41
0;67.53;4;41
1;53.74;4;41
0;55.38;4;41
1;56.9;3;41
0;29.63;3;41
1;37.32;5;41
0;56.3;3;41
0;61.89;4;41
1;57.9;4;42
0;54.11;4;42
0;49.56;3;42
0;36.53;5;42
1;64.34;4;42
1;34.52;3;42
0;43.9;5;42
0;59.32;5;42
1;64.71;2;42
0;39.76;4;42
0;45;4;42
0;50.22;4;42
0;51.15;3;42
0;52.07;3;42
0;53.48;4;42
0;35.51;3;42
0;57.65;4;42
0;56.6;3;42
0;56.97;5;42
0;20.92;3;42
0;58.87;4;42
0;50.49;3;42
0;46.79;4;42
0;38.46;5;42
0;46.52;4;42
0;60.66;5;42
0;51.82;3;42
0;34.41;2;42
1;42.39;3;42
1;48.78;3;42
0;45.96;4;42
0;47.5;4;42
0;51.03;4;42
1;56.55;3;42
0;62.06;3;42
0;40.41;4;42
0;35.89;5;42
0;69.07;4;42
0;41.65;4;42
0;49.84;4;42
0;57.59;4;42
0;42.81;3;42
0;49.06;2;42
1;47.82;2;42
0;80.09;2;42
0;38.67;4;42
0;53.9;6;42
0;52.16;3;42
0;59.07;2;42
0;54.7;4;42
1;52.93;3;42
0;57.31;4;42
1;43.97;1;42
1;47.4;3;42
0;53.73;4;42
0;32.1;4;42
0;37.97;5;42
0;61.71;6;42
0;64.39;4;43
0;59.48;4;43
0;39.65;4;43
0;57.06;5;43
0;38.63;6;43
0;29.4;4;43
0;47.34;4;43
1;57.73;4;43
0;53.74;1;43
0;45.94;4;43
0;59.15;4;43
0;27.63;7;43
0;64.16;3;43
0;55.31;4;43
0;38.54;4;43
0;35.36;3;43
1;72.98;3;43
0;69.28;1;43
1;50.96;5;43
0;40.1;2;43
0;51.28;2;43
1;49.52;5;43
1;46.86;4;43
1;59.66;5;43
0;59.96;2;43
0;59.19;3;43
0;53.29;2;43
0;51.08;4;43
0;46.15;5;43
0;50.4;2;43
0;65.92;3;43
0;49.52;3;43
0;43.09;3;43
0;39.81;3;43
0;83.84;3;43
0;54.45;5;43
1;56.25;5;43
0;64.65;5;43
0;75.19;4;43
0;48.56;5;43
0;52.14;3;43
0;45.71;4;43
0;65.78;3;43
0;65.86;3;43
0;49.05;3;43
0;50.4;4;43
1;57.34;3;43
0;58.2;3;43
0;41.51;3;43
0;49.01;2;43
0;34.87;3;43
1;58.33;4;43
0;37.21;2;43
0;37.6;3;43
0;45.23;4;43
0;37.62;2;43
0;52.45;4;43
0;44.5;2;43
1;58.07;4;43
0;52.29;3;43
1;38.31;5;43
0;39.43;4;43
0;57.81;3;43
1;51.22;5;43
0;65.06;3;43
0;30.28;4;43
0;60.2;3;43
1;65.23;4;43
0;42.95;3;43
0;53.43;3;43
1;43.84;6;44
0;55.54;3;44
1;58.74;3;44
0;50.72;2;44
1;61.87;5;44
1;44.44;4;44
1;58.12;4;44
1;42.99;5;44
1;47.47;3;44
1;54.65;4;44
1;42.69;3;44
0;51.4;3;44
1;39.11;5;44
1;65.97;4;44
1;29.97;4;44
0;46.3;3;44
1;34.07;4;44
1;61.16;3;44
1;54.14;3;44
1;58.48;3;44
1;45.77;5;44
0;18.04;2;44
1;54.47;5;44
1;65.33;4;44
1;33.68;4;44
1;52.94;3;44
1;60.34;3;44
1;47.65;4;44
1;54.53;3;44
1;38.93;4;44
0;55.78;2;44
1;57.75;4;44
1;60.9;3;44
0;46.69;2;44
1;36.95;3;44
1;50.22;4;44
1;46.87;3;44
1;51.88;4;44
1;52.28;5;44
1;42.38;4;44
1;41.25;3;44
1;48.66;3;44
0;59.15;2;44
1;58.9;3;44
0;50.1;2;44
0;69.61;2;44
1;49.09;5;44
1;60.41;3;44
0;48.55;2;44
1;28.71;4;44
1;60.83;3;44
1;59.62;5;44
1;59.06;3;44
1;56.33;4;44
0;49.68;4;45
0;46.96;4;45
0;63.62;3;45
0;56.41;4;45
0;66.82;3;45
0;41.93;3;45
0;49.45;3;45
1;43.72;5;45
0;52.53;1;45
0;38.93;3;45
1;54.49;5;45
0;51.84;2;45
0;62.06;3;45
0;44.03;4;45
0;30.47;4;45
0;55.39;3;45
0;45.72;2;45
1;45.33;5;45
0;45.12;3;45
0;53.83;4;45
0;48.08;3;45
0;52.67;2;45
1;61.66;3;45
0;47.92;2;45
1;57.76;5;45
0;52.17;1;45
0;55.13;3;45
0;51.12;4;45
0;59.6;2;45
0;34.32;4;45
0;60.24;4;45
0;59.52;3;45
0;59.81;4;45
0;44.81;4;45
0;56.39;5;45
1;43.59;4;45
0;35.65;3;45
0;59.04;3;45
0;55.78;4;45
1;54.12;4;45
0;50;3;45
0;48.7;3;45
0;52.07;3;45
0;50.85;3;45
0;28.02;4;45
0;56.22;5;45
0;48.55;4;45
1;57.37;4;45
0;40.41;3;45
0;39.22;2;45
0;56.37;4;45
0;50.61;4;45
0;55.59;3;46
0;39.06;5;46
1;62.73;2;46
0;42.63;4;46
0;58.48;4;46
1;42.04;3;46
1;56.21;2;46
0;46.57;4;46
1;39.12;3;46
1;54.81;2;46
1;48.46;2;46
1;49.95;3;46
1;61.62;4;46
0;49.25;5;46
1;45.3;2;46
1;67.3;2;46
1;63.86;3;46
1;36.83;3;46
1;38.82;2;46
0;36.25;3;46
1;62.09;5;46
0;49.92;4;46
1;53.45;3;46
1;57.26;3;46
1;40.49;2;46
0;20.76;3;46
0;47.8;5;46
1;36.06;3;46
0;45.72;5;46
0;46.84;5;46
0;35.96;5;46
0;52.19;3;46
1;56.1;3;46
1;42.28;4;46
1;47.12;4;46
0;60.3;4;46
0;46.47;3;46
0;39.2;4;46
1;66.43;3;46
1;60.39;3;46
1;37.09;3;46
1;54;4;46
0;34.45;5;46
1;48.92;4;46
1;42.3;3;46
0;64.28;5;46
0;44.47;3;46
0;46.4;5;46
1;57.5;3;46
1;36.91;2;46
1;55.73;2;46
0;55.39;3;46
1;48.64;4;46
1;60.89;4;46
1;39.5;3;46
1;53.73;4;46
1;47.2;3;46
0;58.85;5;46
0;39.68;3;46
1;48.82;4;46
1;59.77;5;46
1;59.72;4;46
1;46.89;3;46
0;60.6;5;46
0;51.32;3;46
0;53.97;6;46
1;65.08;2;46
0;56.93;4;46
1;57.4;2;46
0;68.06;4;46
0;59.73;4;46
1;43.03;4;46
1;66.7;3;46
1;48.98;2;46
1;61.08;3;46
0;48.32;4;46
1;61.03;3;46
0;39.15;3;47
0;50.81;3;47
0;66.83;4;47
1;61.97;4;47
1;64.96;5;47
1;65.24;4;47
1;50.99;4;47
1;51.4;3;47
1;47.75;3;47
0;50.19;2;47
0;48.54;4;47
1;47.19;4;47
1;41.94;3;47
1;44.09;3;47
1;58.48;3;47
1;46.05;4;47
1;51.14;4;47
1;53.15;4;47
0;43.58;4;47
1;36.26;3;47
1;55.19;4;47
0;53.36;4;47
0;37.08;4;47
0;54.21;3;47
1;46.38;4;47
1;59.17;3;47
0;46.4;5;47
0;54.6;4;47
1;37.98;3;47
1;48.17;2;47
0;33.89;4;47
0;45.47;5;47
1;53.81;3;47
1;51.65;3;47
1;53.32;5;47
0;45.42;4;47
1;57.75;4;47
1;46.63;3;47
1;39.92;4;47
0;56.27;4;47
1;55.68;4;47
0;26.43;4;47
1;43.64;2;47
0;59.77;3;47
1;73.83;6;47
1;41.4;4;47
1;22.07;3;47
1;51.14;4;47
0;59.04;4;47
1;47.17;2;47
0;49.73;4;47
1;56.01;3;48
1;54.55;4;48
1;48.72;6;48
0;45.57;1;48
1;47.62;4;48
0;51.02;3;48
1;58.88;4;48
0;30.38;4;48
1;49.38;4;48
1;55.88;6;48
0;44.56;3;48
1;43.84;3;48
0;51.57;3;48
1;45.92;4;48
1;47.28;4;48
0;41.26;3;48
0;49.38;3;48
0;52.69;1;48
0;45.17;2;48
1;62.73;3;48
1;44.11;3;48
1;64.28;3;48
0;41.41;3;48
1;57.74;5;48
1;45.75;5;48
1;41.52;4;48
1;47.85;2;48
1;46.05;4;48
1;44.46;3;48
1;32.61;4;48
0;48.34;3;48
0;41.19;3;48
0;52.83;1;48
1;52.07;3;48
1;39.23;4;48
1;47.93;5;48
1;39.4;4;48
1;54.91;4;48
0;49.55;2;48
1;47.72;3;48
1;46.54;4;48
1;46.23;4;48
0;56.58;2;48
1;50.68;5;48
1;56.76;3;48
1;25.68;4;48
1;38.9;3;48
1;53.02;4;48
1;56.72;4;48
0;63.6;3;48
1;40.89;4;48
1;59.6;4;48
1;57.07;5;48
1;68.66;3;48
1;44.65;3;48
1;62.15;5;48
1;34.71;4;48
0;59.99;2;48
0;48.9;3;48
1;59.26;4;48
0;32.63;3;48
1;50.23;4;48
1;40.19;5;48
1;39.62;4;48
0;51.23;4;48
0;69.62;3;48
0;42.13;3;48
1;62.55;4;48
1;52.59;4;48
0;43.69;3;48
1;48.73;4;48
1;43.68;5;48
0;70.26;1;48
1;41.62;3;48
1;58.39;5;48
1;54.34;6;48
0;65.05;2;48
1;38.42;4;48
1;61.74;5;48
0;40.51;3;48
0;45.63;2;48
1;60.16;3;48
0;42.93;3;48
1;44.81;4;48
1;30.87;4;49
0;28.56;4;49
0;51.46;3;49
0;62.82;2;49
0;26.12;3;49
1;62.82;3;49
0;42.65;3;49
1;47;3;49
1;61.63;4;49
0;50.98;3;49
0;34.52;4;49
1;28.51;4;49
0;45.28;3;49
0;54.96;3;49
0;49.06;4;49
1;50.2;5;49
1;53.31;4;49
0;63.22;2;49
1;40.88;4;49
1;59.04;5;49
1;53.09;5;49
1;47.88;4;49
0;38.36;2;49
1;54.9;3;49
1;48.6;4;49
1;50.89;4;49
1;52.16;5;49
1;42.9;4;49
1;50.01;4;49
1;43.79;2;49
0;64.74;4;49
1;36.91;5;49
0;28.48;3;49
0;39.42;3;49
0;35.92;2;49
0;47.11;3;49
0;46.83;2;49
0;35.02;4;49
0;39.69;4;49
0;39.87;3;49
1;44.93;3;49
0;36.27;5;49
1;34.77;4;49
0;59.21;2;49
1;46.31;4;49
0;43.46;3;49
1;58.54;5;49
0;40.02;3;49
1;54.24;5;49
0;45.65;3;49
1;53.94;4;49
0;43.45;3;49
1;61.71;3;49
1;66.51;5;49
0;51.19;3;49
0;40.68;3;50
0;44.28;3;50
0;44.5;3;50
0;49.8;3;50
0;44.24;3;50
0;55.16;4;50
0;56.63;5;50
1;66.52;4;50
0;51.31;3;50
0;59.52;3;50
0;41.58;4;50
1;56.79;4;50
0;46.32;3;50
0;50.36;3;50
0;55.69;3;50
0;61.97;2;50
0;53.46;3;50
0;56.23;4;50
0;45.41;5;50
0;50.26;2;50
0;58.26;3;50
0;72.18;4;50
1;53.35;4;50
0;64.42;5;50
1;52.68;1;50
0;46.31;2;50
0;41.92;5;50
0;65.72;4;50
0;55.15;2;50
0;57.77;4;50
0;48.89;4;50
1;53.54;5;50
1;49.67;4;50
0;50.98;3;50
0;40.91;3;50
0;60.52;5;50
0;54.64;4;50
0;52.71;3;50
0;41.27;2;50
0;44.02;3;50
0;56.98;4;50
0;57.43;3;50
0;39.81;4;50
1;44.82;4;50
0;47.35;4;50
0;40.62;5;50
0;55.12;2;50
0;37.06;4;50
0;42.72;5;50
0;50.49;5;50
0;55.93;3;50
1;52.05;2;50
0;51.35;4;50
0;68.36;4;50
0;54.74;4;50
0;42.13;4;50
0;51.27;3;50
0;38.82;5;50
0;34.33;4;50
0;37.94;1;50
0;38.39;5;50
0;49.67;4;50
0;37.26;5;50
0;54.13;3;50
0;39.98;3;50
1;52.01;2;50
1;35.9;4;50
0;62.04;3;50
0;74.69;5;50
1;55.06;2;50
0;33.58;4;50
0;62.44;4;50
1;44.96;2;50
0;35.03;3;50
0;54.54;3;50
0;62.95;4;50
0;63.22;2;50
1;39.63;3;50
0;44.72;4;50
0;59.55;3;50
1;42.25;3;50
1;41.81;2;50
0;54.29;3;50
0;54.7;4;51
0;50.6;3;51
0;53.33;5;51
0;40.55;4;51
0;51.81;4;51
0;41.32;4;51
0;60.01;5;51
0;45.37;4;51
1;74.24;3;51
0;36.5;5;51
0;48.06;3;51
1;68.75;1;51
1;38.72;3;51
0;25.76;3;51
1;43.23;2;51
0;55.59;4;51
0;37.66;3;51
0;47.31;5;51
1;58.24;3;51
0;51.66;4;51
0;55.36;3;51
0;58.52;3;51
0;47.21;4;51
1;25.96;1;51
0;53.96;5;51
0;53.83;4;51
1;26.56;3;51
0;58.99;4;51
0;67.05;3;51
0;38.79;3;51
0;35.14;3;51
0;70.9;2;51
0;51.27;4;51
0;50.18;4;51
0;53.77;3;51
1;52.79;4;51
0;48.47;4;51
1;65.57;3;51
0;68.55;3;51
0;59.01;4;51
1;51.22;2;51
0;55.58;3;51
0;55.98;4;51
0;43.55;5;51
0;47.47;5;51
0;39.04;4;51
0;57.47;3;51
0;60.92;4;51
0;56.56;4;51
0;55;4;51
0;55.8;3;51
0;52.27;4;51
0;53.93;5;51
0;52.91;6;51
1;37.41;2;51
0;64.65;5;51
0;32.04;4;51
0;43.7;4;51
0;62.3;3;51
0;41.08;5;51
1;51.14;3;51
0;62.47;4;51
0;52.26;2;51
1;74.93;3;51
0;46.5;2;52
0;54.82;3;52
0;57.72;3;52
0;59.62;3;52
0;48.12;3;52
0;46.87;4;52
0;74.3;2;52
0;50.21;2;52
0;36.13;5;52
0;44.98;3;52
1;68.34;1;52
0;64.15;2;52
1;62.38;4;52
0;42.25;3;52
0;45.88;3;52
0;54.93;3;52
0;47.92;2;52
0;56.02;3;52
0;43.23;5;52
0;59.33;3;52
1;56.28;4;52
0;67.1;3;52
1;51.44;4;52
0;51.59;2;52
0;35.39;2;52
0;51.12;4;52
1;62.76;3;52
0;48.95;4;52
1;42.14;3;52
0;53.71;2;52
1;47.65;2;52
0;52.98;3;52
0;55.12;3;52
1;50.59;1;52
0;35.54;3;52
0;62.56;5;52
0;51.85;3;52
0;24.04;3;52
1;60.75;4;52
0;57.15;2;52
0;30.57;3;52
1;34.75;3;52
0;40.57;3;52
0;53.67;3;52
0;40.4;3;52
0;41.29;4;52
0;27.99;2;52
0;47.26;4;52
1;65.79;3;52
0;48.25;6;52
0;41.7;3;52
0;47.94;3;52
0;62.95;3;52
0;61.23;5;52
0;56.01;2;53
1;36.99;2;53
0;62.79;4;53
0;39.7;4;53
0;31.58;3;53
0;54.22;4;53
0;46.6;4;53
0;53.36;3;53
0;56.3;4;53
0;46.29;3;53
0;67.13;3;53
0;57.5;5;53
0;55.46;4;53
1;60.62;2;53
1;44.74;3;53
1;74.19;3;53
0;55.34;3;53
1;70.55;3;53
0;24.4;5;53
0;47.92;4;53
0;68.87;2;53
0;46.96;3;53
0;61.31;5;53
0;46.12;4;53
0;49.12;4;53
1;39.74;3;53
0;50.49;4;53
0;57.95;4;53
1;39.54;2;53
1;47.89;2;53
1;48.25;3;53
0;54.13;4;53
0;40.47;3;53
0;54.06;5;53
0;26.27;4;53
1;47.21;2;53
0;42.88;4;53
1;57.88;1;53
0;45.22;4;53
0;53.4;3;53
0;50.84;4;53
0;52.08;3;53
0;62.16;5;53
0;38.66;2;53
1;45.41;3;53
0;41.87;2;53
1;59.52;4;53
0;66.97;3;53
1;52.46;3;53
0;55.76;3;53
0;63.31;4;53
0;45.02;3;53
0;42.9;5;53
0;43.92;4;53
0;46.18;3;53
0;39.28;5;53
0;46.86;2;54
0;30.21;5;54
0;47.32;3;54
0;52.55;2;54
0;52.58;1;54
0;32.8;1;54
0;54.97;2;54
0;43.96;6;54
0;51.42;4;54
0;33.93;5;54
1;40.36;4;54
1;61.89;3;54
0;62.57;3;54
0;50.03;5;54
1;67.09;3;54
0;65.16;3;54
0;48.6;3;54
0;43.01;3;54
0;41.32;3;54
0;57.32;4;54
0;51.04;5;54
1;52.84;4;54
1;51.17;4;54
0;45.32;2;54
0;42.26;4;54
0;48.3;4;54
0;45.52;6;54
0;39.54;4;54
0;55.78;5;54
0;47.96;3;54
0;50.08;2;54
0;43.82;4;54
0;38.39;3;54
0;48.16;5;54
0;27.4;3;54
0;55.56;3;54
0;50.53;4;54
0;49.31;4;54
0;44.73;4;54
0;59.04;2;54
0;54.37;3;54
0;55.46;4;54
0;44.77;3;54
0;33.9;2;54
0;40.33;2;54
0;50.45;2;54
1;59.94;4;54
0;50.06;2;54
0;47.06;4;54
0;25.44;4;54
0;47.55;4;54
0;43;5;54
0;48.26;4;54
0;60.86;4;54
1;47.76;4;54
0;61.46;3;55
1;58.66;4;55
1;37.46;4;55
1;49.81;4;55
0;51.13;1;55
0;45.76;3;55
1;48.54;4;55
1;70.28;4;55
1;43.41;3;55
1;62.19;4;55
1;57.95;4;55
0;67.11;3;55
1;57.51;5;55
1;38.43;4;55
1;46.86;3;55
1;40.53;4;55
1;41.15;4;55
1;42.86;3;55
1;63.36;4;55
0;33.99;4;55
1;54.21;4;55
0;37.35;4;55
1;60.39;3;55
0;50.19;2;55
1;55.11;4;55
1;51.06;3;55
1;56.74;5;55
0;49.17;3;55
1;43.76;3;55
1;56.31;5;55
1;49.45;3;55
1;51.47;5;55
0;41.75;3;55
0;63.64;2;55
1;56;4;55
1;48.72;4;55
1;39.3;5;55
1;37.92;5;55
0;33.25;2;55
1;53.04;4;55
1;35.59;4;55
1;41.45;3;55
1;47.22;4;55
1;54.96;2;55
0;36.18;4;55
1;45.96;4;55
0;50.45;3;55
1;41.64;3;55
0;45.01;4;55
1;33.57;3;55
1;47.31;3;55
1;53.79;2;55
1;38.79;5;55
0;43.02;3;55
0;57.02;1;55
1;31.85;3;55
1;41.77;5;55
1;47.48;4;55
1;63.99;4;55
0;47.26;2;55
1;61.45;3;55
1;44.43;4;55
0;39.96;3;55
1;42.63;4;55
1;46.6;3;55
1;36.87;4;55
0;59.83;1;55
1;53.91;4;55
1;60.66;4;55
1;48.99;3;55
1;62.65;5;55
1;37.91;4;55
0;40.18;2;55
1;53.84;5;55
1;46.06;5;55
1;57.35;3;55
1;55.98;6;55
0;48.09;3;55
1;41.49;4;55
1;46.1;4;55
1;56.82;4;55
1;60.28;3;55
1;48.16;3;55
1;36.04;6;55
1;36.67;4;55
0;36.68;3;55
0;46.44;2;55
1;50.99;3;55
1;55.25;3;55
0;56.75;5;56
0;57.06;3;56
1;64.25;3;56
1;47.25;2;56
0;45.76;7;56
1;57.91;2;56
0;64.9;6;56
0;40.97;2;56
0;48.14;3;56
0;53.92;5;56
0;44.83;4;56
0;56.4;5;56
0;45.24;4;56
1;47.19;2;56
0;42.84;3;56
0;61.76;2;56
0;62.06;3;56
0;60.08;4;56
0;45.21;4;56
0;46.42;3;56
1;45.44;3;56
1;50.46;3;56
0;46.19;6;56
1;62.95;2;56
1;51.93;2;56
1;54.14;3;56
0;48.45;6;56
0;47.36;3;56
0;56.52;6;56
1;59.5;3;56
0;38.07;3;56
0;70.68;5;56
0;62.42;3;56
1;64.67;3;56
0;49.84;4;56
0;55.96;3;56
0;47.93;5;56
0;42.92;3;56
0;66.87;4;56
1;42.47;2;56
1;45.03;2;56
0;47.55;5;56
0;55.72;4;56
0;70.86;4;56
1;64.17;2;56
0;50.84;4;56
0;33.84;5;56
0;58.74;3;56
0;50.75;4;56
0;41.08;2;56
0;43.08;4;56
0;40.83;3;56
0;44.68;3;56
1;43.05;1;56
1;55.69;2;56
0;50.82;4;56
1;47.31;2;56
1;48.3;2;56
0;34.23;3;56
0;35.74;3;56
0;56.89;4;56
1;54.06;2;56
0;48.02;5;56
0;46.65;3;56
0;55.14;3;56
0;49.94;3;56
0;49.53;5;56
0;55.13;3;56
0;50.06;4;56
0;39.02;5;56
0;58.29;4;56
0;48.18;3;56
0;62;4;56
0;44.48;3;56
0;50.42;4;56
1;35.32;1;56
0;43.79;4;56
0;52.09;3;56
0;46.84;4;56
1;61.61;1;56
0;42.98;6;56
0;41.65;3;57
0;70.23;1;57
1;64.17;4;57
1;50.02;3;57
1;43.8;5;57
1;58.46;5;57
1;55.34;3;57
1;52.43;5;57
0;44.14;2;57
0;61.86;1;57
1;56.99;4;57
1;54.38;4;57
1;52.16;5;57
0;50.88;3;57
1;41.17;5;57
1;69.83;3;57
0;40.82;3;57
0;50.24;3;57
1;22.87;4;57
0;58.66;3;57
1;84.86;4;57
1;42.04;4;57
1;44.28;4;57
0;58.43;2;57
0;36.41;3;57
0;48.42;4;57
1;36.77;4;57
1;54.46;4;57
0;47.03;3;57
1;47.19;5;57
1;39.05;3;57
1;40.62;3;57
1;55.48;4;57
0;42.45;2;57
0;47.62;4;57
0;51.39;3;57
0;63.64;3;57
0;50.29;3;57
0;61.5;2;57
1;56.34;4;57
0;47.59;4;57
1;53.66;4;57
0;58.16;0;57
1;65.64;5;57
0;45.2;2;57
1;44.24;4;57
1;36.17;2;57
1;20.96;3;57
0;46.98;3;57
1;47.57;2;57
1;56.63;2;57
0;51.84;3;57
0;41.7;4;57
1;57.55;4;57
1;61.62;5;57
0;54.74;3;57
1;56.02;4;57
1;60.38;3;57
1;38.77;5;57
1;53.65;4;57
1;64.95;4;57
1;59.49;4;57
1;55.07;3;57
1;48.21;3;57
1;45.29;5;57
0;46.4;3;57
1;45.39;4;57
0;70.76;2;57
1;54.59;4;57
1;52.33;4;57
0;48;2;57
0;48.63;2;57
1;46.38;5;57
0;45.77;2;57
1;55.94;4;57
0;41.35;4;57
0;54.94;3;57
1;57.48;5;57
0;46.62;2;57
0;29.83;5;57
0;44.06;3;57
1;47.23;3;57
1;59.5;3;57
0;40.65;5;57
0;56.77;2;57
1;44.47;2;57
1;53.97;3;57
0;36.28;3;57
1;53.14;4;57
1;46.19;3;57
1;62.46;4;57
0;38.73;3;57
1;43.09;3;57
1;35.42;2;57
1;65.3;4;57
1;37.67;5;57
0;48.57;2;57
0;50.36;1;57
0;36.37;2;58
1;53.81;4;58
0;58.89;3;58
1;44.47;5;58
1;66.99;4;58
1;67.88;5;58
0;38.71;4;58
1;65.17;5;58
0;50.31;3;58
0;55.6;3;58
0;42.73;3;58
0;57.22;5;58
1;55.23;4;58
0;64.97;4;58
0;61.22;2;58
0;28.2;3;58
0;56.05;4;58
1;42.59;5;58
0;32.5;4;58
0;63.08;1;58
1;49.5;5;58
0;50.97;1;58
0;56.84;2;58
0;45.75;2;58
0;56.07;2;58
1;52.2;3;58
0;31.79;3;58
0;67.17;3;58
1;48.16;5;58
0;39.86;4;58
0;42.47;2;58
0;48.71;3;58
0;39.35;3;58
1;59.19;4;58
1;73.6;4;58
0;39.58;4;58
0;53.85;3;58
0;57.88;2;58
1;68.93;5;58
0;49.06;4;58
0;55.35;3;58
1;76.64;4;58
0;35.41;5;58
0;38.53;2;58
1;61.52;5;58
1;57.39;5;58
0;34.85;5;58
0;52.59;3;58
0;51.81;4;58
0;38.1;3;58
1;45.81;2;58
1;59.53;3;59
1;46.43;4;59
1;50.24;5;59
1;46.11;3;59
0;58.64;1;59
1;35.32;3;59
1;63.57;4;59
1;57.01;5;59
1;44.48;4;59
1;44.43;2;59
1;45.62;4;59
1;47.07;3;59
1;44.44;3;59
1;52.6;4;59
1;39.46;6;59
1;55.89;5;59
1;51.04;4;59
1;46.09;4;59
0;51.18;2;59
1;50.61;4;59
0;34.96;5;59
1;55.23;4;59
0;42.4;2;59
1;45.28;4;59
1;45.28;2;59
1;63.8;4;59
1;58.72;4;59
1;44.76;4;59
1;66.49;2;59
0;51.84;3;59
1;62.05;5;59
1;51.54;2;59
1;48.91;3;59
0;56.21;2;59
1;59.13;4;59
1;33.91;4;59
1;40.9;5;59
1;60.88;5;59
1;69.22;5;59
0;31.87;4;59
1;48.88;4;59
1;52.44;3;59
1;34.86;3;59
1;39.76;5;59
1;52.16;4;59
1;44.53;2;59
0;41.02;2;59
1;58.17;4;59
1;55.75;4;59
0;41.74;4;59
1;51.3;3;59
1;55.37;3;59
1;46.5;4;59
1;56.74;4;59
1;48.55;3;59
0;41.23;3;59
1;43.47;4;59
0;44.42;3;59
0;38.49;4;59
1;44.64;3;59
1;50.87;3;59
1;51.82;3;59
1;40.02;4;59
1;41.79;4;59
1;49.04;4;59
1;45.67;5;59
1;53;3;59
1;35.58;3;59
1;47.2;3;59
1;46.18;2;59
1;52.49;4;59
0;50.84;2;59
1;44.38;2;59
1;64.82;4;59
1;45.58;3;59
1;40.35;4;59
0;52.49;3;59
1;54.6;4;59
1;50.83;4;59
1;52.52;4;59
0;51.14;3;59
1;58.85;4;59
0;51.76;1;59
1;48.65;2;59
1;71.1;6;59
0;45.93;4;59
1;51;5;59
1;38.32;4;59
1;36.15;4;59
0;42.56;3;59
1;39.83;5;59
0;69.98;4;60
1;47.54;3;60
0;57.98;3;60
1;47.42;4;60
0;43.56;3;60
1;36.11;3;60
0;37.01;4;60
1;35.42;3;60
0;33.16;5;60
0;39.82;5;60
1;46.12;4;60
1;51.72;4;60
0;60.21;4;60
0;37.99;4;60
0;35.63;4;60
0;41.82;4;60
0;56.9;6;60
1;48.59;4;60
0;41.2;5;60
0;39.63;4;60
1;32.08;4;60
1;48.09;4;60
0;54.93;6;60
0;36.01;4;60
0;40.13;4;60
1;54.33;3;60
1;59.66;3;60
1;52.09;3;60
1;63.46;3;60
1;61.25;4;60
0;46.43;4;60
1;57.7;2;60
1;43.53;4;60
1;37.07;4;60
1;49.72;3;60
0;55.68;4;60
0;53.32;5;60
1;61;3;60
1;61.75;4;60
1;49.76;3;60
1;36.68;2;60
1;57.05;4;60
0;44.21;4;60
1;41.86;3;60
1;49.66;4;60
1;54.58;3;60
1;50.07;3;60
1;53.8;3;60
1;70.18;5;60
1;30.81;2;60
0;34.12;4;60
1;52.78;2;60
0;34.29;5;60
1;56.16;4;60
0;53.57;5;60
0;55.09;4;60
0;42.41;4;60
1;55.93;3;60
0;34.99;5;60
0;59.9;4;60
0;62.18;5;60
0;48.25;3;60
0;56.86;4;60
0;30.04;3;60
1;63.9;3;60
0;57.92;5;60
0;63.75;4;60
0;49.98;5;60
0;55.92;5;60
0;40.59;6;60
1;52.7;4;60
0;49.79;5;60
0;54.7;5;60
1;65.94;4;60
0;50.91;5;60
0;35.89;5;60
1;51.63;3;60
1;56.29;4;60
1;52.15;4;60
1;33.63;3;60
0;36.79;4;60
1;54.48;2;60
0;63.78;4;60
1;58.84;3;60
0;36.46;4;60
0;32.24;6;60
1;61.25;2;60
1;47.04;4;60
0;43.29;5;60
1;65.29;3;60
1;36.26;2;60
1;41.65;3;60
0;66.24;4;60
1;38.28;2;60
0;46.35;4;60
1;42.74;3;61
0;48.21;4;61
1;48.69;3;61
1;42.78;3;61
1;70.05;4;61
1;49.65;2;61
1;48.38;3;61
0;49.98;4;61
1;50.5;3;61
1;73.98;4;61
1;50.4;3;61
1;32.31;3;61
1;32.65;4;61
0;30.27;4;61
1;48.11;2;61
0;50.65;5;61
1;49.48;4;61
1;59.91;2;61
1;52.43;4;61
0;47.78;4;61
0;48.19;5;61
1;50.19;4;61
1;51.61;3;61
1;51;4;61
1;50.25;3;61
0;55.79;5;61
1;49.74;5;61
0;59.21;5;61
1;62.49;4;61
1;47.9;3;61
0;30.81;4;61
0;41.4;5;61
1;47.89;3;61
0;29.65;3;61
1;44.69;3;61
0;46.52;5;61
1;64.16;4;61
1;63.38;4;61
1;49.18;4;61
0;47.76;5;61
1;28.59;2;61
1;55.17;4;61
1;35.09;3;61
1;48.71;4;61
1;55.26;4;61
1;29.14;2;61
1;59.61;1;61
1;48.16;1;61
1;46.17;3;61
1;44.09;4;61
1;50.71;3;61
0;58.91;4;61
1;60.91;4;61
1;68.68;2;61
0;47.09;4;61
1;54.69;1;61
1;45.92;2;61
1;48.75;3;61
0;47.17;5;61
1;54.74;3;61
1;33.64;4;61
1;38.07;1;62
1;55.74;3;62
0;25.41;4;62
1;68.03;3;62
0;61.78;3;62
0;35.16;4;62
0;39.61;2;62
0;65.89;3;62
1;44.7;3;62
0;57.64;5;62
0;43.87;5;62
0;50.53;3;62
0;35.03;4;62
0;42.91;1;62
1;48.77;2;62
1;77.1;4;62
0;34.45;3;62
0;26.81;4;62
0;50.21;4;62
1;55.9;3;62
0;44;4;62
1;45.92;3;62
0;44.43;4;62
1;39.5;2;62
0;20.21;3;62
1;52.54;4;62
1;70.44;3;62
0;63.56;4;62
0;41.2;4;62
0;61.77;5;62
1;58.83;5;62
1;49.34;3;62
1;24;3;62
0;41.8;4;62
0;60.55;3;62
0;51.29;4;62
1;57.48;3;62
0;40.51;3;62
0;44.67;5;62
0;55.12;5;62
1;55.75;4;62
0;44.47;4;62
1;48.62;3;62
0;33.04;5;62
1;57.65;3;62
1;57.32;2;62
0;38.98;3;62
1;43.34;5;62
0;51.44;3;62
0;55.32;4;62
0;49.22;4;62
0;65.45;4;62
0;66.82;4;62
0;40.11;4;62
0;50.46;5;62
0;51.06;4;62
0;48.27;4;62
0;41.59;4;62
0;56.02;3;62
1;59.52;3;62
1;46.96;3;62
1;64.88;3;62
0;37.04;2;62
0;45.14;3;62
0;41.82;6;62
0;39.89;3;62
1;61.06;3;62
0;37.87;3;62
0;61.68;4;62
0;39.15;5;62
0;48.67;3;62
0;54.83;5;63
0;60.55;4;63
0;58.72;5;63
0;71.17;4;63
0;30.87;4;63
0;50.36;3;63
0;63.57;2;63
0;45.81;3;63
0;52.69;5;63
0;48.28;4;63
0;58.15;4;63
0;37.94;4;63
0;58.86;3;63
0;37.16;3;63
0;39.69;4;63
0;42.1;3;63
0;37.2;4;63
0;50.44;3;63
0;56.16;3;63
0;50.09;4;63
0;62.68;3;63
0;32.44;4;63
0;29.96;3;63
0;45.51;4;63
0;57.7;2;63
0;63.8;3;63
0;49.52;5;63
0;41.53;5;63
1;52.33;4;63
0;62.62;4;63
0;46.46;3;63
0;72.5;2;63
0;37.88;4;63
1;59.79;3;63
0;48.9;4;63
0;36.29;4;63
0;50.15;3;63
0;35.86;6;63
0;45.24;4;63
0;45.64;4;63
1;45.81;2;63
0;55.23;3;63
0;20.54;3;63
0;45.79;4;63
0;34.11;4;63
0;53.3;5;63
0;54.85;4;63
1;42.48;2;63
1;42.59;5;63
0;44.99;3;63
1;53.21;3;63
0;72.33;3;63
0;47.15;5;63
0;54.37;4;63
0;37.06;5;64
0;34.93;4;64
0;64.65;3;64
0;47.73;2;64
0;49.62;3;64
1;52.1;3;64
0;53.41;3;64
1;57.31;1;64
0;49.31;3;64
0;46.67;4;64
0;66.49;4;64
0;52.28;5;64
0;59.04;5;64
0;44.21;5;64
0;58.65;4;64
0;59.1;6;64
0;57.58;3;64
0;43.28;4;64
1;51.79;1;64
0;47.57;4;64
0;47.69;4;64
0;38.31;3;64
1;35.85;2;64
0;44.08;5;64
1;66.32;4;64
0;59.2;5;64
0;51.11;4;64
0;40.93;3;64
0;53.92;3;64
0;42.45;3;64
1;46.79;3;64
1;59.26;3;64
0;41.11;3;64
0;46.53;4;64
0;43.42;4;64
0;68.53;2;64
0;47.34;3;64
0;56.04;4;64
0;49.13;3;64
0;39.66;5;64
0;55.97;6;64
0;54.81;4;64
0;61.07;4;64
0;40.86;4;64
0;67.68;4;64
0;31.71;5;64
1;35.75;3;64
0;46.7;3;64
0;47.51;3;64
0;46.32;3;64
0;42.41;4;64
0;52.02;3;64
0;40.18;3;64
0;55.24;4;64
0;44.42;2;64
1;71.02;3;64
0;60.92;3;64
0;62.51;6;64
1;48.55;1;64
0;52.21;3;64
0;43.03;4;64
1;50.3;3;64
0;54.01;3;64
0;50.33;4;64
0;50.05;4;64
1;48.33;1;64
1;50.91;3;64
0;55.26;2;64
0;60.29;3;64
0;41.6;4;64
0;46.14;4;64
1;31.12;1;64
0;60.78;5;64
0;55.85;4;64
1;53.64;3;64
1;48.39;4;64
1;58.02;2;64
0;49.66;4;64
1;56.82;2;65
1;56.47;2;65
0;39.13;3;65
1;62.51;3;65
1;67.9;3;65
1;51.75;3;65
1;42.78;4;65
1;50.79;3;65
1;39.78;3;65
1;56.71;4;65
0;55.08;2;65
1;44.46;5;65
0;35.41;4;65
1;25.06;4;65
1;54.72;5;65
0;49.18;5;65
1;37.98;2;65
1;64.53;5;65
1;60.73;4;65
1;68.42;1;65
0;44.19;4;65
1;47.44;3;65
0;33.38;4;65
1;70.45;4;65
1;39.19;5;65
1;60.34;3;65
1;32.48;3;65
1;59.73;6;65
1;40.37;3;65
1;37.41;4;65
1;38.21;4;65
1;46.38;2;65
0;51.68;4;65
1;49.35;4;65
1;45.43;2;65
0;36.98;4;65
1;71.04;3;65
1;42.74;4;65
1;28.72;2;65
1;48.82;3;65
1;62.67;3;65
1;35.11;4;65
1;45.6;4;65
0;50.26;5;65
1;52.22;3;65
1;45.38;3;65
0;54.98;4;65
1;59.48;6;65
1;41.2;2;65
0;43.83;4;65
1;56.48;5;65
1;49.43;4;65
0;53.26;5;65
1;56.87;4;65
0;51.72;5;65
1;64.16;2;65
1;58.79;2;65
1;48.09;4;65
1;51.63;5;65
1;49.85;3;65
1;48.17;4;65
1;50.79;2;65
0;52.71;4;65
1;34.77;3;65
0;44.24;5;65
1;42.85;3;65
1;58.22;3;65
1;41.35;3;65
1;55.06;5;65
1;40.46;3;65
0;60.96;4;65
1;30.91;3;65
1;63.39;2;65
0;42.19;2;66
0;48.92;3;66
0;33.79;5;66
0;50.05;4;66
0;65.18;3;66
0;29.77;3;66
0;55.13;2;66
0;54.5;3;66
0;31.26;2;66
0;49.15;5;66
0;40.34;3;66
0;56.46;3;66
0;57.27;3;66
1;48.38;4;66
0;58.42;4;66
0;49.36;3;66
0;63.83;3;66
0;43.95;2;66
0;42.56;3;66
0;45.08;4;66
0;54.52;4;66
0;47.47;4;66
0;44.92;4;66
0;43.56;3;66
0;35.22;5;66
1;45.63;6;66
0;59.77;4;66
0;63.31;4;66
0;59.61;3;66
0;50.78;4;66
0;52.7;3;66
0;54.67;3;66
0;48.33;3;66
1;62.7;4;66
0;46.94;4;66
0;34.64;4;66
0;50.26;4;66
1;40.04;4;66
0;53.05;3;66
0;42.25;3;66
0;38.68;4;66
0;50.99;4;66
0;23.47;3;66
0;50.18;3;66
0;56.85;2;66
0;65.47;4;66
0;43.59;4;66
0;44.84;3;66
1;48.68;4;66
0;47.78;3;66
0;49.03;4;66
0;58.55;5;66
0;28.16;5;66
0;23.74;3;66
0;46.45;2;66
0;47.32;3;66
1;51.28;5;66
0;50.91;3;66
0;51.88;3;66
0;46.01;4;66
0;44.92;4;66
0;51.81;4;66
0;57.33;3;66
0;54.03;2;66
0;51.19;3;66
0;51.97;4;66
0;57.36;3;66
0;54.22;4;66
0;35.94;3;66
0;45.91;2;66
0;61.03;4;66
0;52.07;5;66
1;37.3;4;66
1;54.36;4;66
0;40.92;4;66
0;47.07;3;66
0;40.96;5;66
0;53.02;3;66
0;51.82;3;66
0;47.33;3;66
0;64.95;3;66
1;52.81;5;66
0;35.07;3;66
1;63.14;6;66
0;50.58;5;66
0;55.03;4;66
0;50.35;5;66
0;50.37;3;66
0;61.13;4;66
0;68.19;3;66
0;33.69;2;66
0;45.3;4;66
1;47.87;5;66
0;63;3;66
0;47.9;3;66
0;49.73;3;66
0;54.58;4;67
1;52.08;4;67
0;31.46;3;67
0;41.79;4;67
0;68.33;2;67
0;32.6;3;67
1;54.8;4;67
1;48.45;5;67
1;72;4;67
1;54.3;4;67
0;50.56;3;67
0;34.53;2;67
0;60.19;3;67
0;27.76;3;67
0;75.88;3;67
1;56.55;3;67
1;42.19;5;67
0;56.44;3;67
0;35.18;2;67
1;90.93;3;67
1;67.74;5;67
0;44.71;5;67
1;42.24;4;67
0;55.5;3;67
1;38.6;4;67
0;50.53;3;67
0;51.35;2;67
1;51.21;5;67
1;55.36;3;67
1;50.29;5;67
0;55.31;3;67
1;64.97;4;67
0;39.9;4;67
0;40.03;4;67
0;39.73;5;67
1;50.44;5;67
0;45.77;2;67
0;64.1;2;67
0;48.3;3;67
0;60.39;2;67
1;48.84;6;67
0;65.24;3;67
1;43.21;3;67
0;60.77;2;67
1;48.7;4;67
0;53.65;3;67
0;47.22;2;67
1;58.53;2;67
1;34.53;4;67
0;61.57;1;67
0;53.09;2;67
1;46.14;3;67
0;55.4;3;67
0;61.08;3;67
1;54.17;4;67
0;53.01;4;67
1;45.68;4;67
0;46.7;3;67
0;40.47;2;67
1;60.31;4;67
1;38.79;4;67
1;40.94;4;67
0;62.3;3;67
0;52.05;3;67
0;67.79;3;67
0;49.3;1;67
1;60.3;4;67
1;49.58;2;68
1;51.35;4;68
1;53.91;2;68
0;43.07;5;68
1;56.57;3;68
1;48.16;2;68
1;64.98;3;68
1;48.5;3;68
1;42.79;3;68
1;53.41;4;68
1;30.21;4;68
1;38.25;4;68
1;69.27;4;68
1;59.47;3;68
1;50.99;3;68
1;62.58;4;68
1;40.24;3;68
1;50.85;5;68
1;45.97;4;68
1;55.6;5;68
0;50.09;4;68
1;61.9;3;68
0;35.16;5;68
0;60.38;5;68
1;45.05;3;68
1;56.86;3;68
1;55.8;1;68
1;49.8;4;68
0;56.86;5;68
0;45.48;4;68
0;46.59;4;68
1;36.29;4;68
1;71.56;3;68
1;49.03;4;68
1;54.68;3;68
1;65.64;3;68
1;42.62;4;68
1;24.59;3;68
1;39.46;4;68
1;41.92;4;68
1;52.75;3;68
1;62.58;3;68
1;52.82;3;68
1;35.79;4;68
1;64.98;4;68
1;57.83;4;68
1;38.45;2;68
1;48.25;3;68
1;55.45;3;68
1;64.55;3;68
1;49.94;3;68
1;59.38;4;68
1;49.82;3;68
0;65.54;5;68
0;48.89;5;68
1;70.47;4;68
1;68.63;3;68
0;58.08;5;68
0;45.02;4;68
1;54.58;4;68
1;52.52;2;68
1;61.82;4;68
1;54.89;2;68
1;49.12;2;68
0;37.27;5;68
0;42.28;5;68
1;51.84;5;68
0;34.76;4;68
1;42.76;2;68
0;32.57;4;68
1;58.16;3;68
1;37.11;2;68
1;69.77;2;68
1;53.24;3;68
0;40.25;4;69
1;46.93;2;69
0;47.88;3;69
0;54.92;5;69
0;65.37;2;69
1;51.74;2;69
1;58.86;3;69
0;39.67;5;69
1;52.58;2;69
1;54.01;3;69
1;49.27;1;69
0;41.98;4;69
0;39.16;5;69
1;54;2;69
0;42.21;5;69
1;41.4;2;69
0;47.62;5;69
1;46.41;2;69
0;56.9;3;69
0;44.6;4;69
0;54.15;5;69
0;67.71;4;69
0;56.1;4;69
0;53.88;5;69
0;56.59;4;69
0;57.29;4;69
0;33.92;4;69
0;76.93;3;69
0;55.95;4;69
1;45.95;3;69
0;47.06;3;69
1;50.97;3;69
0;46.32;5;69
0;30.83;3;69
0;41.53;4;69
1;64.28;2;69
1;53.07;2;69
1;62;3;69
1;54.9;3;69
1;51.08;2;69
0;55.71;3;69
0;55.86;4;69
0;39.87;3;69
0;37.11;3;69
0;46.13;3;69
0;47.27;5;69
0;52.08;4;69
1;66.15;1;69
1;37.66;3;69
1;65.18;3;69
0;36.91;5;69
0;56.33;4;69
0;39.45;4;69
0;51.72;4;69
0;68.19;4;69
1;43.95;3;69
0;66.86;3;69
0;33.89;4;69
0;55.19;3;69
0;56.47;5;69
0;55.93;6;69
0;31.07;5;69
0;63.41;3;69
0;58.71;3;69
0;34.63;3;69
1;58.91;2;69
0;55.86;5;69
0;32.78;2;69
1;52.08;3;69
0;55.34;3;69
1;67.23;3;69
1;42.27;2;69
0;50.14;5;69
0;48.22;4;69
0;37.65;4;69
0;58.66;5;69
0;48.18;3;69
0;50.72;4;69
1;44.37;3;69
0;52.51;5;69
0;48.7;3;69
1;49.18;3;69
0;49.39;3;69
0;60.97;4;69
1;45.61;2;69
1;67.27;3;69
1;44.38;2;69
0;55.13;2;70
0;40.41;3;70
1;57.64;3;70
0;72.56;2;70
1;40.2;4;70
0;46.21;4;70
0;73.01;3;70
0;59.66;2;70
0;47.83;3;70
0;45.15;3;70
0;48.6;3;70
0;76.18;1;70
0;31.48;3;70
0;41.56;2;70
0;47.09;3;70
1;54.25;3;70
1;36.74;3;70
0;41.92;2;70
0;41.33;4;70
1;64.3;5;70
0;35.09;4;70
1;47.23;2;70
1;54.55;4;70
1;65.3;4;70
0;55.54;4;70
0;33.12;3;70
0;37.77;2;70
0;52.53;2;70
0;53.49;2;70
0;38.79;3;70
0;47.78;3;70
0;53.76;4;70
0;45.95;3;70
0;43.88;3;70
0;46.71;4;70
1;60.87;4;70
0;38.74;4;70
1;36.86;4;70
1;57.48;5;70
0;46.39;1;70
0;50.77;4;70
0;52.96;2;70
0;50.81;2;70
1;28.33;4;70
1;51.43;4;70
0;48.8;1;70
1;67.01;4;70
1;65.1;4;70
0;42.84;4;70
0;45.36;3;70
0;61.5;3;70
1;47.67;5;70
1;59.11;3;70
0;35.84;2;70
0;43.68;3;70
0;58.56;2;70
1;61.13;5;70
0;30.28;3;70
1;70.94;4;70
1;48.69;4;70
0;45.87;4;70
0;31.09;3;70
0;38.21;4;70
0;41.97;1;70
1;52.99;4;70
1;38.4;4;70
1;40.48;4;70
0;54.27;0;70
1;49.7;5;70
1;54.18;4;70
0;45.14;4;70
1;44.74;4;70
0;43.79;3;70
1;43.58;4;70
1;48.43;4;70
0;65.94;3;70
1;51.91;4;70
1;45.65;4;70
1;54.91;4;70
1;35.11;4;70
0;33.67;3;70
1;47.88;4;70
1;42.36;3;70
1;51.73;3;70
0;46.31;3;70
1;59.8;4;70
0;47.81;3;70
0;32.23;3;70
1;42.56;4;70
1;39.33;4;70
