"i";"y";"cond";"subj";"stimulus"
"1";31.2009793801617;"0";"1";"1"
"2";12.0419655078294;"0";"1";"2"
"3";19.8826925009156;"0";"1";"3"
"4";24.0343429903089;"0";"1";"4"
"5";17.7548205226295;"0";"1";"5"
"6";17.3788157410577;"0";"1";"6"
"7";28.0512764163523;"0";"1";"7"
"8";16.0937869158483;"0";"1";"8"
"9";11.5314210649433;"0";"1";"9"
"10";23.4689323421322;"0";"1";"10"
"11";30.2745393197545;"0";"1";"11"
"12";21.6036064759977;"0";"1";"12"
"13";18.0191589521249;"0";"1";"13"
"14";20.1318773881943;"0";"1";"14"
"15";18.3763987304022;"0";"1";"15"
"16";24.7098983501017;"0";"1";"16"
"17";20.350587116503;"0";"1";"17"
"18";13.8078552676911;"0";"1";"18"
"19";31.1880602231897;"1";"1";"19"
"20";26.5736055868917;"1";"1";"20"
"21";27.6098011608979;"1";"1";"21"
"22";22.909072539094;"1";"1";"22"
"23";21.2276248355782;"1";"1";"23"
"24";25.4776029828747;"1";"1";"24"
"25";22.7103664451232;"1";"1";"25"
"26";25.4349207490318;"1";"1";"26"
"27";27.302705167534;"1";"1";"27"
"28";25.5515582226532;"1";"1";"28"
"29";23.4761626518418;"1";"1";"29"
"30";26.3402979249388;"1";"1";"30"
"31";22.1572214236856;"1";"1";"31"
"32";25.5163361758554;"1";"1";"32"
"33";21.0665631413184;"1";"1";"33"
"34";23.5339121898419;"1";"1";"34"
"35";21.0401977440124;"1";"1";"35"
"36";23.7150723971056;"1";"1";"36"
"37";22.1549158054811;"0";"2";"1"
"38";18.2100953111351;"0";"2";"2"
"39";23.3123485376851;"0";"2";"3"
"40";23.6992237221862;"0";"2";"4"
"41";17.1808540675012;"0";"2";"5"
"42";21.3968648695512;"0";"2";"6"
"43";30.127629854193;"0";"2";"7"
"44";22.1446250997251;"0";"2";"8"
"45";17.2018774776851;"0";"2";"9"
"46";20.6079283513171;"0";"2";"10"
"47";20.7431566517351;"0";"2";"11"
"48";22.9128497784984;"0";"2";"12"
"49";21.1958375157179;"0";"2";"13"
"50";20.5575295773345;"0";"2";"14"
"51";18.7702086004955;"0";"2";"15"
"52";20.5701076880485;"0";"2";"16"
"53";20.0529220425666;"0";"2";"17"
"54";23.9564692565724;"0";"2";"18"
"55";31.383437942917;"1";"2";"19"
"56";18.6162458386137;"1";"2";"20"
"57";25.8094036800706;"1";"2";"21"
"58";24.6044695604092;"1";"2";"22"
"59";27.6098230114773;"1";"2";"23"
"60";29.5775139102861;"1";"2";"24"
"61";19.4157490845481;"1";"2";"25"
"62";26.6026038096097;"1";"2";"26"
"63";22.0077608515881;"1";"2";"27"
"64";20.993358663238;"1";"2";"28"
"65";29.7494972205804;"1";"2";"29"
"66";22.649415657811;"1";"2";"30"
"67";20.9834800888602;"1";"2";"31"
"68";27.4764194462297;"1";"2";"32"
"69";26.9474438532354;"1";"2";"33"
"70";26.5001481628836;"1";"2";"34"
"71";21.582455915011;"1";"2";"35"
"72";16.7850173204747;"1";"2";"36"
"73";27.6644593454902;"0";"3";"1"
"74";19.7908116371008;"0";"3";"2"
"75";24.138580854234;"0";"3";"3"
"76";14.6888498642506;"0";"3";"4"
"77";20.267326672889;"0";"3";"5"
"78";22.722835142451;"0";"3";"6"
"79";28.8626928325904;"0";"3";"7"
"80";24.1944324395732;"0";"3";"8"
"81";12.5283938926352;"0";"3";"9"
"82";29.3503928411796;"0";"3";"10"
"83";29.796502640144;"0";"3";"11"
"84";27.0158684746456;"0";"3";"12"
"85";25.6766721371626;"0";"3";"13"
"86";22.8013487938603;"0";"3";"14"
"87";23.4720272521073;"0";"3";"15"
"88";20.2019232627467;"0";"3";"16"
"89";18.6198353849003;"0";"3";"17"
"90";20.9804287483383;"0";"3";"18"
"91";27.6808155586829;"1";"3";"19"
"92";23.0457361714303;"1";"3";"20"
"93";27.7287987664586;"1";"3";"21"
"94";26.5861900128851;"1";"3";"22"
"95";22.8479775543325;"1";"3";"23"
"96";25.6832610444712;"1";"3";"24"
"97";24.3885121586984;"1";"3";"25"
"98";27.9095538203126;"1";"3";"26"
"99";23.7402714741098;"1";"3";"27"
"100";18.0255042578992;"1";"3";"28"
"101";24.2090590099203;"1";"3";"29"
"102";24.2809347365628;"1";"3";"30"
"103";20.728581080107;"1";"3";"31"
"104";24.1144595333936;"1";"3";"32"
"105";21.8004368654598;"1";"3";"33"
"106";25.8401454475765;"1";"3";"34"
"107";19.5864241716415;"1";"3";"35"
"108";27.0510183230656;"1";"3";"36"
"109";22.8018139404062;"0";"4";"1"
"110";18.5489895019413;"0";"4";"2"
"111";20.5779386274268;"0";"4";"3"
"112";18.0892468018488;"0";"4";"4"
"113";19.1833324627419;"0";"4";"5"
"114";18.7867133330043;"0";"4";"6"
"115";21.5338089131523;"0";"4";"7"
"116";15.7664894025914;"0";"4";"8"
"117";12.8064985683401;"0";"4";"9"
"118";25.6549630779219;"0";"4";"10"
"119";26.7125723348563;"0";"4";"11"
"120";24.162907197264;"0";"4";"12"
"121";25.2371951596259;"0";"4";"13"
"122";21.9629574480646;"0";"4";"14"
"123";23.2598172024454;"0";"4";"15"
"124";22.3956359879443;"0";"4";"16"
"125";17.6124434699177;"0";"4";"17"
"126";20.003983293175;"0";"4";"18"
"127";27.5474205414873;"1";"4";"19"
"128";19.4804893851546;"1";"4";"20"
"129";27.8528234743463;"1";"4";"21"
"130";20.5575776002179;"1";"4";"22"
"131";25.33194985608;"1";"4";"23"
"132";27.3338507015626;"1";"4";"24"
"133";22.4950726916137;"1";"4";"25"
"134";26.6888764961443;"1";"4";"26"
"135";19.3733800429119;"1";"4";"27"
"136";16.6064802808581;"1";"4";"28"
"137";21.9892478297417;"1";"4";"29"
"138";22.4655131980555;"1";"4";"30"
"139";25.4009600779812;"1";"4";"31"
"140";21.3925276253324;"1";"4";"32"
"141";21.1371155038261;"1";"4";"33"
"142";24.9425788858709;"1";"4";"34"
"143";20.3048061957353;"1";"4";"35"
"144";28.0211015833325;"1";"4";"36"
"145";22.7310493249684;"0";"5";"1"
"146";20.978142559577;"0";"5";"2"
"147";23.1593176494965;"0";"5";"3"
"148";13.9943563674834;"0";"5";"4"
"149";23.2023032652695;"0";"5";"5"
"150";19.5043398594812;"0";"5";"6"
"151";22.0402061832412;"0";"5";"7"
"152";17.5212749952913;"0";"5";"8"
"153";14.8076511722558;"0";"5";"9"
"154";19.0318902307162;"0";"5";"10"
"155";17.8799516574986;"0";"5";"11"
"156";16.5577526792248;"0";"5";"12"
"157";18.8039519730318;"0";"5";"13"
"158";21.525528788139;"0";"5";"14"
"159";20.1109942949723;"0";"5";"15"
"160";21.2533748437896;"0";"5";"16"
"161";21.0106548682615;"0";"5";"17"
"162";12.3930544465107;"0";"5";"18"
"163";21.4906559212352;"1";"5";"19"
"164";18.2697681688814;"1";"5";"20"
"165";22.9524733046668;"1";"5";"21"
"166";16.5027940592101;"1";"5";"22"
"167";20.5476556421413;"1";"5";"23"
"168";20.8993753306495;"1";"5";"24"
"169";14.2650753814939;"1";"5";"25"
"170";20.6781642234189;"1";"5";"26"
"171";17.0776689967668;"1";"5";"27"
"172";20.2470476093662;"1";"5";"28"
"173";17.5991716381907;"1";"5";"29"
"174";11.2997785927659;"1";"5";"30"
"175";21.6447698732774;"1";"5";"31"
"176";16.1366010247426;"1";"5";"32"
"177";17.8022453175017;"1";"5";"33"
"178";20.8340423017892;"1";"5";"34"
"179";18.6196004410942;"1";"5";"35"
"180";17.1719288976959;"1";"5";"36"
"181";28.6323539885219;"0";"6";"1"
"182";19.9739653005941;"0";"6";"2"
"183";23.7406535786633;"0";"6";"3"
"184";17.767193542514;"0";"6";"4"
"185";15.6109462909371;"0";"6";"5"
"186";21.3863159376003;"0";"6";"6"
"187";26.1496189421656;"0";"6";"7"
"188";20.9895406260187;"0";"6";"8"
"189";13.0891668063913;"0";"6";"9"
"190";23.7657425224002;"0";"6";"10"
"191";25.7329747676305;"0";"6";"11"
"192";20.7544858741449;"0";"6";"12"
"193";20.5611190758441;"0";"6";"13"
"194";22.3101776999993;"0";"6";"14"
"195";25.6149815002103;"0";"6";"15"
"196";21.1671426427973;"0";"6";"16"
"197";23.9650566546665;"0";"6";"17"
"198";20.7335125449708;"0";"6";"18"
"199";29.3915813447786;"1";"6";"19"
"200";24.935172159414;"1";"6";"20"
"201";23.5270244332491;"1";"6";"21"
"202";25.8174126542941;"1";"6";"22"
"203";21.2994997479034;"1";"6";"23"
"204";25.5081979430418;"1";"6";"24"
"205";26.5036791049629;"1";"6";"25"
"206";25.4001005731945;"1";"6";"26"
"207";26.6329654764622;"1";"6";"27"
"208";22.0390765409569;"1";"6";"28"
"209";22.2402042698622;"1";"6";"29"
"210";21.7734852476158;"1";"6";"30"
"211";22.7214314876738;"1";"6";"31"
"212";26.8185869565412;"1";"6";"32"
"213";24.4449783625029;"1";"6";"33"
"214";22.8101259014943;"1";"6";"34"
"215";23.458053412142;"1";"6";"35"
"216";28.3443459094535;"1";"6";"36"
"217";24.1781864440028;"0";"7";"1"
"218";20.0078061258136;"0";"7";"2"
"219";19.7079762826126;"0";"7";"3"
"220";20.3426197559095;"0";"7";"4"
"221";14.639877445442;"0";"7";"5"
"222";26.8887037982156;"0";"7";"6"
"223";20.1275232877594;"0";"7";"7"
"224";12.0607894614612;"0";"7";"8"
"225";18.1167792226184;"0";"7";"9"
"226";19.5959438643517;"0";"7";"10"
"227";26.1504584858912;"0";"7";"11"
"228";10.4754060625613;"0";"7";"12"
"229";17.3372053801527;"0";"7";"13"
"230";17.7228188610134;"0";"7";"14"
"231";13.3601612665381;"0";"7";"15"
"232";16.8701097981775;"0";"7";"16"
"233";19.6005464267389;"0";"7";"17"
"234";21.0340824970055;"0";"7";"18"
"235";31.4681654453251;"1";"7";"19"
"236";18.3780727460868;"1";"7";"20"
"237";28.4140258788421;"1";"7";"21"
"238";20.3083325743581;"1";"7";"22"
"239";26.6259972787796;"1";"7";"23"
"240";24.6377956129064;"1";"7";"24"
"241";18.4671416926012;"1";"7";"25"
"242";23.3505755102288;"1";"7";"26"
"243";16.0787033210145;"1";"7";"27"
"244";19.5715100870076;"1";"7";"28"
"245";14.6015658360388;"1";"7";"29"
"246";17.6885483994779;"1";"7";"30"
"247";17.9077085264095;"1";"7";"31"
"248";21.8753155935051;"1";"7";"32"
"249";17.7294823580575;"1";"7";"33"
"250";19.9611323723176;"1";"7";"34"
"251";20.2352457383859;"1";"7";"35"
"252";21.6072303286235;"1";"7";"36"
"253";29.3210092496453;"0";"8";"1"
"254";24.0682052199325;"0";"8";"2"
"255";22.0028254908358;"0";"8";"3"
"256";25.1920947317309;"0";"8";"4"
"257";21.8719791615094;"0";"8";"5"
"258";23.8728490545435;"0";"8";"6"
"259";26.5675535769934;"0";"8";"7"
"260";25.6229660491878;"0";"8";"8"
"261";19.7428039080355;"0";"8";"9"
"262";30.0246772712562;"0";"8";"10"
"263";29.7581091256438;"0";"8";"11"
"264";16.5268396700453;"0";"8";"12"
"265";24.9961902167621;"0";"8";"13"
"266";23.8414002299323;"0";"8";"14"
"267";30.5899899480599;"0";"8";"15"
"268";27.7395405072837;"0";"8";"16"
"269";29.5968552564135;"0";"8";"17"
"270";24.0568808950765;"0";"8";"18"
"271";29.2342283468995;"1";"8";"19"
"272";24.1826539219402;"1";"8";"20"
"273";27.8031077730642;"1";"8";"21"
"274";27.4798762010383;"1";"8";"22"
"275";29.1465672144466;"1";"8";"23"
"276";34.4306925242367;"1";"8";"24"
"277";19.3722955668997;"1";"8";"25"
"278";26.8143956730635;"1";"8";"26"
"279";22.4912185926692;"1";"8";"27"
"280";24.5616822470804;"1";"8";"28"
"281";20.6658349530441;"1";"8";"29"
"282";19.6187794182779;"1";"8";"30"
"283";28.6462990568231;"1";"8";"31"
"284";21.8319546353408;"1";"8";"32"
"285";31.9855486368191;"1";"8";"33"
"286";27.0400096559397;"1";"8";"34"
"287";24.0321492844331;"1";"8";"35"
"288";24.7538430130351;"1";"8";"36"
"289";17.3946769879995;"0";"9";"1"
"290";15.1358476616376;"0";"9";"2"
"291";14.572965051834;"0";"9";"3"
"292";14.8432506888916;"0";"9";"4"
"293";13.1330930719104;"0";"9";"5"
"294";12.1603252818792;"0";"9";"6"
"295";21.4913892616301;"0";"9";"7"
"296";11.9321039005418;"0";"9";"8"
"297";9.95417615989108;"0";"9";"9"
"298";22.0709887496884;"0";"9";"10"
"299";17.2231449885268;"0";"9";"11"
"300";10.9655575922905;"0";"9";"12"
"301";12.9877207832279;"0";"9";"13"
"302";18.715693227855;"0";"9";"14"
"303";16.3567175915158;"0";"9";"15"
"304";17.8764290105763;"0";"9";"16"
"305";10.3581325943435;"0";"9";"17"
"306";16.2868429468384;"0";"9";"18"
"307";19.6349901485795;"1";"9";"19"
"308";16.9069026693446;"1";"9";"20"
"309";12.6660384348025;"1";"9";"21"
"310";14.2903987041411;"1";"9";"22"
"311";20.9490573371864;"1";"9";"23"
"312";22.979487868177;"1";"9";"24"
"313";15.0616977214096;"1";"9";"25"
"314";16.7553866921498;"1";"9";"26"
"315";15.6465640687423;"1";"9";"27"
"316";9.82072805686286;"1";"9";"28"
"317";11.9478470647027;"1";"9";"29"
"318";10.6610638504383;"1";"9";"30"
"319";15.1991432018407;"1";"9";"31"
"320";13.3645610242667;"1";"9";"32"
"321";15.5064377118304;"1";"9";"33"
"322";14.5825080247433;"1";"9";"34"
"323";12.568968172743;"1";"9";"35"
"324";9.04830777960127;"1";"9";"36"
"325";26.8656468867013;"0";"10";"1"
"326";20.6900050583789;"0";"10";"2"
"327";25.3486988653768;"0";"10";"3"
"328";25.466122734201;"0";"10";"4"
"329";20.7415753370817;"0";"10";"5"
"330";25.4365815167633;"0";"10";"6"
"331";27.8335637015259;"0";"10";"7"
"332";19.3723340713372;"0";"10";"8"
"333";20.458097662414;"0";"10";"9"
"334";21.4043935005076;"0";"10";"10"
"335";24.3967454913962;"0";"10";"11"
"336";15.1460691221325;"0";"10";"12"
"337";20.8224265163279;"0";"10";"13"
"338";22.7215030152053;"0";"10";"14"
"339";15.7557353513584;"0";"10";"15"
"340";28.5830293798106;"0";"10";"16"
"341";22.3847826650815;"0";"10";"17"
"342";16.6660537496614;"0";"10";"18"
"343";31.0300743435391;"1";"10";"19"
"344";23.0750188562185;"1";"10";"20"
"345";18.6320745901677;"1";"10";"21"
"346";27.0746667313893;"1";"10";"22"
"347";28.088860141689;"1";"10";"23"
"348";22.2759083884536;"1";"10";"24"
"349";22.0122571196217;"1";"10";"25"
"350";23.6606389969987;"1";"10";"26"
"351";18.926700619955;"1";"10";"27"
"352";16.0437724042224;"1";"10";"28"
"353";24.6007136844449;"1";"10";"29"
"354";24.2607881342485;"1";"10";"30"
"355";22.1863027487039;"1";"10";"31"
"356";25.5566911800979;"1";"10";"32"
"357";24.6591053645963;"1";"10";"33"
"358";23.6008545721625;"1";"10";"34"
"359";13.7004165904337;"1";"10";"35"
"360";19.9313383365221;"1";"10";"36"
"361";23.8506510742238;"0";"11";"1"
"362";16.1013347917425;"0";"11";"2"
"363";27.0960524953128;"0";"11";"3"
"364";19.1959756091775;"0";"11";"4"
"365";21.1898829686718;"0";"11";"5"
"366";20.8572729584408;"0";"11";"6"
"367";21.6921503004679;"0";"11";"7"
"368";12.1345626092413;"0";"11";"8"
"369";18.8020710841634;"0";"11";"9"
"370";19.605063577443;"0";"11";"10"
"371";25.5152889670197;"0";"11";"11"
"372";15.3950513057484;"0";"11";"12"
"373";15.6715021637651;"0";"11";"13"
"374";26.4642899317847;"0";"11";"14"
"375";22.810857149535;"0";"11";"15"
"376";24.9142453374138;"0";"11";"16"
"377";22.3900024158849;"0";"11";"17"
"378";15.7837608343939;"0";"11";"18"
"379";31.4263131632505;"1";"11";"19"
"380";24.1687023790322;"1";"11";"20"
"381";27.2938303666738;"1";"11";"21"
"382";24.8062981423989;"1";"11";"22"
"383";25.3850674806876;"1";"11";"23"
"384";25.1553246940379;"1";"11";"24"
"385";18.4538020471267;"1";"11";"25"
"386";21.6522599352929;"1";"11";"26"
"387";19.5795960047211;"1";"11";"27"
"388";21.186044261347;"1";"11";"28"
"389";27.3361103931507;"1";"11";"29"
"390";27.0286677991254;"1";"11";"30"
"391";16.0671025121628;"1";"11";"31"
"392";23.2745951395904;"1";"11";"32"
"393";23.0814783789558;"1";"11";"33"
"394";22.0629092564413;"1";"11";"34"
"395";20.5653302306855;"1";"11";"35"
"396";17.9650304473459;"1";"11";"36"
"397";22.9585513798001;"0";"12";"1"
"398";17.7114714011553;"0";"12";"2"
"399";21.187664101034;"0";"12";"3"
"400";19.9708315130751;"0";"12";"4"
"401";15.1086446390828;"0";"12";"5"
"402";12.8697914179283;"0";"12";"6"
"403";24.3075718253388;"0";"12";"7"
"404";14.1561038633226;"0";"12";"8"
"405";10.7966221989995;"0";"12";"9"
"406";21.5797984019377;"0";"12";"10"
"407";20.6530167071092;"0";"12";"11"
"408";14.3162059914485;"0";"12";"12"
"409";16.2038176166121;"0";"12";"13"
"410";16.8823798068981;"0";"12";"14"
"411";18.1868747947877;"0";"12";"15"
"412";17.9856559470537;"0";"12";"16"
"413";17.3438788922324;"0";"12";"17"
"414";17.2843250343297;"0";"12";"18"
"415";27.2971694229769;"1";"12";"19"
"416";14.6737980295899;"1";"12";"20"
"417";27.3874441542476;"1";"12";"21"
"418";18.5726979635554;"1";"12";"22"
"419";25.9749902094806;"1";"12";"23"
"420";31.9240590605095;"1";"12";"24"
"421";18.0617028030728;"1";"12";"25"
"422";27.5406547189886;"1";"12";"26"
"423";15.4289182328143;"1";"12";"27"
"424";20.3256792585559;"1";"12";"28"
"425";23.0048013940563;"1";"12";"29"
"426";21.1296895054198;"1";"12";"30"
"427";23.0826350021661;"1";"12";"31"
"428";18.5820229915627;"1";"12";"32"
"429";17.1427934350634;"1";"12";"33"
"430";23.4759720526979;"1";"12";"34"
"431";18.9274885842968;"1";"12";"35"
"432";26.2485925188183;"1";"12";"36"
"433";21.3014698842033;"0";"13";"1"
"434";21.3796493863825;"0";"13";"2"
"435";22.1408141395887;"0";"13";"3"
"436";21.0174250657401;"0";"13";"4"
"437";23.2881266966113;"0";"13";"5"
"438";21.6903327518423;"0";"13";"6"
"439";26.9415002765311;"0";"13";"7"
"440";22.5219777799838;"0";"13";"8"
"441";16.8142186307158;"0";"13";"9"
"442";19.5758364098467;"0";"13";"10"
"443";24.0604273877235;"0";"13";"11"
"444";21.5256494071343;"0";"13";"12"
"445";27.6190083593664;"0";"13";"13"
"446";17.0125509924433;"0";"13";"14"
"447";21.3625224350211;"0";"13";"15"
"448";22.7286456703078;"0";"13";"16"
"449";19.3659664352455;"0";"13";"17"
"450";17.4326545671537;"0";"13";"18"
"451";29.0761254352817;"1";"13";"19"
"452";20.3794351815022;"1";"13";"20"
"453";29.235550957824;"1";"13";"21"
"454";27.3389876015026;"1";"13";"22"
"455";28.6979926295367;"1";"13";"23"
"456";27.5299325458032;"1";"13";"24"
"457";22.4422993680445;"1";"13";"25"
"458";26.3458629993846;"1";"13";"26"
"459";20.284045327385;"1";"13";"27"
"460";18.2272088411629;"1";"13";"28"
"461";23.6514323223048;"1";"13";"29"
"462";19.0723904330097;"1";"13";"30"
"463";28.6770170569314;"1";"13";"31"
"464";30.7718144298367;"1";"13";"32"
"465";31.3858101483116;"1";"13";"33"
"466";20.3544404910867;"1";"13";"34"
"467";23.9381759134708;"1";"13";"35"
"468";22.0391342741775;"1";"13";"36"
"469";26.8798993235969;"0";"14";"1"
"470";23.1102817399568;"0";"14";"2"
"471";19.7439820228595;"0";"14";"3"
"472";17.0972305166558;"0";"14";"4"
"473";12.7948884883309;"0";"14";"5"
"474";19.9035975458419;"0";"14";"6"
"475";22.9299058650217;"0";"14";"7"
"476";21.6745757762662;"0";"14";"8"
"477";18.3821178093539;"0";"14";"9"
"478";19.8087227379313;"0";"14";"10"
"479";19.3236034873146;"0";"14";"11"
"480";20.6023351547982;"0";"14";"12"
"481";20.3414244858852;"0";"14";"13"
"482";19.807678336655;"0";"14";"14"
"483";21.1955670824265;"0";"14";"15"
"484";16.5197550233416;"0";"14";"16"
"485";15.6649254532238;"0";"14";"17"
"486";18.0149371880185;"0";"14";"18"
"487";29.8484558975342;"1";"14";"19"
"488";22.5375372073113;"1";"14";"20"
"489";23.6460668987898;"1";"14";"21"
"490";23.3597305644544;"1";"14";"22"
"491";29.1884225226058;"1";"14";"23"
"492";21.6580364418043;"1";"14";"24"
"493";13.4932339625536;"1";"14";"25"
"494";23.9138707104673;"1";"14";"26"
"495";15.1261144186889;"1";"14";"27"
"496";16.0547809447365;"1";"14";"28"
"497";17.8324922691322;"1";"14";"29"
"498";18.8115121239742;"1";"14";"30"
"499";22.606849635317;"1";"14";"31"
"500";20.7045900623952;"1";"14";"32"
"501";16.8567906253167;"1";"14";"33"
"502";21.0727211285204;"1";"14";"34"
"503";18.7101140923761;"1";"14";"35"
"504";21.5410754475699;"1";"14";"36"
"505";29.6731137323185;"0";"15";"1"
"506";22.8571815143291;"0";"15";"2"
"507";21.3551926791971;"0";"15";"3"
"508";22.9165257162414;"0";"15";"4"
"509";20.5537373129287;"0";"15";"5"
"510";19.1685389260909;"0";"15";"6"
"511";22.7261989348523;"0";"15";"7"
"512";18.5314959725403;"0";"15";"8"
"513";16.9113350203089;"0";"15";"9"
"514";20.4723114352784;"0";"15";"10"
"515";25.5037944110005;"0";"15";"11"
"516";17.0835407333271;"0";"15";"12"
"517";17.1068969910825;"0";"15";"13"
"518";23.9766017023917;"0";"15";"14"
"519";17.4815456165219;"0";"15";"15"
"520";25.8018646414118;"0";"15";"16"
"521";22.8931366422608;"0";"15";"17"
"522";19.163689411856;"0";"15";"18"
"523";22.2516741893343;"1";"15";"19"
"524";22.7090470461732;"1";"15";"20"
"525";31.2929927412186;"1";"15";"21"
"526";17.9432012724623;"1";"15";"22"
"527";24.2767621138863;"1";"15";"23"
"528";21.0006272589794;"1";"15";"24"
"529";25.4503614032811;"1";"15";"25"
"530";27.6941862764278;"1";"15";"26"
"531";24.7167024260871;"1";"15";"27"
"532";18.5681609964264;"1";"15";"28"
"533";20.1597599092851;"1";"15";"29"
"534";24.6906047955749;"1";"15";"30"
"535";25.3332746504973;"1";"15";"31"
"536";18.8576364278654;"1";"15";"32"
"537";26.8613160164225;"1";"15";"33"
"538";19.5056988704152;"1";"15";"34"
"539";22.1434213060692;"1";"15";"35"
"540";26.7037154078436;"1";"15";"36"
"541";32.2622242790108;"0";"16";"1"
"542";21.5303728589265;"0";"16";"2"
"543";20.2566518917545;"0";"16";"3"
"544";21.644764275745;"0";"16";"4"
"545";24.769126595975;"0";"16";"5"
"546";18.213131761598;"0";"16";"6"
"547";25.6170926485158;"0";"16";"7"
"548";16.9578003591645;"0";"16";"8"
"549";21.6873941854097;"0";"16";"9"
"550";22.086659740296;"0";"16";"10"
"551";23.2951838420302;"0";"16";"11"
"552";21.811862882634;"0";"16";"12"
"553";24.2349656711026;"0";"16";"13"
"554";20.6135874256125;"0";"16";"14"
"555";25.2177323363168;"0";"16";"15"
"556";24.805977674659;"0";"16";"16"
"557";24.4379618603721;"0";"16";"17"
"558";16.0896151860528;"0";"16";"18"
"559";27.384956131151;"1";"16";"19"
"560";18.7008794909368;"1";"16";"20"
"561";17.3398159357666;"1";"16";"21"
"562";24.3835546720335;"1";"16";"22"
"563";19.1538376724842;"1";"16";"23"
"564";26.8293415587483;"1";"16";"24"
"565";12.6448529029577;"1";"16";"25"
"566";26.7200910231407;"1";"16";"26"
"567";22.8214203956429;"1";"16";"27"
"568";23.053518374049;"1";"16";"28"
"569";17.2774682122079;"1";"16";"29"
"570";18.8880305215116;"1";"16";"30"
"571";21.4621149293305;"1";"16";"31"
"572";24.0122035654496;"1";"16";"32"
"573";19.6116105978787;"1";"16";"33"
"574";24.3845596399397;"1";"16";"34"
"575";19.3808368093374;"1";"16";"35"
"576";20.3838997698679;"1";"16";"36"
"577";18.8858296224514;"0";"17";"1"
"578";17.1033628701024;"0";"17";"2"
"579";22.3874127166788;"0";"17";"3"
"580";13.4498244239204;"0";"17";"4"
"581";12.5963887077925;"0";"17";"5"
"582";14.6642716515965;"0";"17";"6"
"583";18.2243381875094;"0";"17";"7"
"584";12.4916632478559;"0";"17";"8"
"585";9.44474174254621;"0";"17";"9"
"586";20.919145701071;"0";"17";"10"
"587";21.5009882796933;"0";"17";"11"
"588";19.7166186878435;"0";"17";"12"
"589";18.904398909463;"0";"17";"13"
"590";14.1687519041069;"0";"17";"14"
"591";11.9599833219398;"0";"17";"15"
"592";17.024941477729;"0";"17";"16"
"593";18.2383944897987;"0";"17";"17"
"594";17.5631445826165;"0";"17";"18"
"595";22.3404787330763;"1";"17";"19"
"596";24.0039805620177;"1";"17";"20"
"597";24.293827940444;"1";"17";"21"
"598";22.0496479761357;"1";"17";"22"
"599";25.5702507929835;"1";"17";"23"
"600";23.5386076529873;"1";"17";"24"
"601";20.5416468799755;"1";"17";"25"
"602";27.9680720667252;"1";"17";"26"
"603";16.5012113249168;"1";"17";"27"
"604";18.9932649777147;"1";"17";"28"
"605";17.1370401519501;"1";"17";"29"
"606";17.8822080395815;"1";"17";"30"
"607";20.719438979831;"1";"17";"31"
"608";20.4588903232672;"1";"17";"32"
"609";23.8064131349381;"1";"17";"33"
"610";18.2002445664657;"1";"17";"34"
"611";17.859647052243;"1";"17";"35"
"612";15.7312967511855;"1";"17";"36"
"613";25.6900328225029;"0";"18";"1"
"614";18.8315355672121;"0";"18";"2"
"615";23.2278366092926;"0";"18";"3"
"616";12.8793833589228;"0";"18";"4"
"617";15.9847675315227;"0";"18";"5"
"618";19.0104036395605;"0";"18";"6"
"619";23.7975391384013;"0";"18";"7"
"620";19.5611198359301;"0";"18";"8"
"621";16.4633063398567;"0";"18";"9"
"622";24.6735224469532;"0";"18";"10"
"623";25.619826411764;"0";"18";"11"
"624";18.4304438328339;"0";"18";"12"
"625";17.9544114525162;"0";"18";"13"
"626";20.9528063068127;"0";"18";"14"
"627";22.3539046746006;"0";"18";"15"
"628";17.1654980545757;"0";"18";"16"
"629";23.2037104827301;"0";"18";"17"
"630";21.8721762023653;"0";"18";"18"
"631";24.7689929227166;"1";"18";"19"
"632";25.2250383134906;"1";"18";"20"
"633";26.4329605354048;"1";"18";"21"
"634";22.7181302544401;"1";"18";"22"
"635";22.2795559553104;"1";"18";"23"
"636";20.096009291234;"1";"18";"24"
"637";19.7979438908154;"1";"18";"25"
"638";24.75932898914;"1";"18";"26"
"639";23.0730150212355;"1";"18";"27"
"640";11.8360379615526;"1";"18";"28"
"641";18.0707712458859;"1";"18";"29"
"642";22.5593005331551;"1";"18";"30"
"643";27.1594398386773;"1";"18";"31"
"644";22.5758432009016;"1";"18";"32"
"645";12.1548905292782;"1";"18";"33"
"646";20.6407273971216;"1";"18";"34"
"647";20.7078384971153;"1";"18";"35"
"648";21.5569585061652;"1";"18";"36"
"649";23.3353202904271;"0";"19";"1"
"650";22.706736384974;"0";"19";"2"
"651";22.1916810305247;"0";"19";"3"
"652";16.0335532707261;"0";"19";"4"
"653";12.2908111583623;"0";"19";"5"
"654";26.4719597746534;"0";"19";"6"
"655";23.255139733225;"0";"19";"7"
"656";17.1162437534971;"0";"19";"8"
"657";19.8700806738219;"0";"19";"9"
"658";18.6221673171597;"0";"19";"10"
"659";23.9360143246808;"0";"19";"11"
"660";20.4353577984954;"0";"19";"12"
"661";15.1036087594585;"0";"19";"13"
"662";22.5865162583433;"0";"19";"14"
"663";21.9622531365333;"0";"19";"15"
"664";23.6236030723361;"0";"19";"16"
"665";22.1426982240402;"0";"19";"17"
"666";16.6242740379108;"0";"19";"18"
"667";30.3599393171901;"1";"19";"19"
"668";21.7054927646795;"1";"19";"20"
"669";26.1631757789186;"1";"19";"21"
"670";20.774278692165;"1";"19";"22"
"671";24.6185535322499;"1";"19";"23"
"672";24.5472168150331;"1";"19";"24"
"673";24.423744012093;"1";"19";"25"
"674";23.7502253827161;"1";"19";"26"
"675";18.9479905553447;"1";"19";"27"
"676";19.2759478651125;"1";"19";"28"
"677";23.0258266739597;"1";"19";"29"
"678";25.8226981957933;"1";"19";"30"
"679";31.1355537554;"1";"19";"31"
"680";29.5586724749039;"1";"19";"32"
"681";21.0839802151643;"1";"19";"33"
"682";27.0229333930003;"1";"19";"34"
"683";17.933113155717;"1";"19";"35"
"684";22.5445012655793;"1";"19";"36"
"685";17.372229877473;"0";"20";"1"
"686";19.8735136053118;"0";"20";"2"
"687";21.0772774945405;"0";"20";"3"
"688";14.9574036024521;"0";"20";"4"
"689";16.8421548156416;"0";"20";"5"
"690";21.127672644328;"0";"20";"6"
"691";21.9909997951072;"0";"20";"7"
"692";19.7112600624427;"0";"20";"8"
"693";10.2649346000829;"0";"20";"9"
"694";28.5828016197671;"0";"20";"10"
"695";25.5207057231993;"0";"20";"11"
"696";21.5370265437885;"0";"20";"12"
"697";21.6488424502522;"0";"20";"13"
"698";19.1568709208769;"0";"20";"14"
"699";18.6094280407166;"0";"20";"15"
"700";19.9176135914587;"0";"20";"16"
"701";21.6729370107915;"0";"20";"17"
"702";15.5544738135611;"0";"20";"18"
"703";24.5682519034715;"1";"20";"19"
"704";21.0158195462186;"1";"20";"20"
"705";28.3865419796008;"1";"20";"21"
"706";24.5131845189132;"1";"20";"22"
"707";23.0574092788233;"1";"20";"23"
"708";33.3666185027853;"1";"20";"24"
"709";16.8884176661054;"1";"20";"25"
"710";25.3786613796936;"1";"20";"26"
"711";17.9909569674604;"1";"20";"27"
"712";19.5260430790205;"1";"20";"28"
"713";28.514477996121;"1";"20";"29"
"714";18.7084971375375;"1";"20";"30"
"715";21.8986636109216;"1";"20";"31"
"716";22.8159849775955;"1";"20";"32"
"717";22.3822019806497;"1";"20";"33"
"718";24.2194041793602;"1";"20";"34"
"719";18.0775952287208;"1";"20";"35"
"720";22.3212253799082;"1";"20";"36"
"721";30.4813513653495;"0";"21";"1"
"722";21.899969010074;"0";"21";"2"
"723";22.1218486341789;"0";"21";"3"
"724";25.5614773756585;"0";"21";"4"
"725";15.0741943969834;"0";"21";"5"
"726";19.3482259718071;"0";"21";"6"
"727";26.7320235799335;"0";"21";"7"
"728";19.3143072073797;"0";"21";"8"
"729";15.5095729887673;"0";"21";"9"
"730";21.9360431628375;"0";"21";"10"
"731";25.1404868179164;"0";"21";"11"
"732";24.0808502511183;"0";"21";"12"
"733";19.7608455045887;"0";"21";"13"
"734";22.6341184315386;"0";"21";"14"
"735";22.9582180987444;"0";"21";"15"
"736";22.6325905109106;"0";"21";"16"
"737";28.3113998943747;"0";"21";"17"
"738";21.4794315713873;"0";"21";"18"
"739";29.0988469106052;"1";"21";"19"
"740";22.3874337882217;"1";"21";"20"
"741";30.0470769667681;"1";"21";"21"
"742";22.8357298558681;"1";"21";"22"
"743";26.9900195982403;"1";"21";"23"
"744";29.1105100810467;"1";"21";"24"
"745";24.9134164341541;"1";"21";"25"
"746";21.0138559238287;"1";"21";"26"
"747";25.2767015228328;"1";"21";"27"
"748";19.9712942946098;"1";"21";"28"
"749";22.5333198097616;"1";"21";"29"
"750";23.778523434462;"1";"21";"30"
"751";29.7869329857857;"1";"21";"31"
"752";20.2165633832836;"1";"21";"32"
"753";24.8003790451423;"1";"21";"33"
"754";27.627869552382;"1";"21";"34"
"755";21.7321860907287;"1";"21";"35"
"756";26.5384512548728;"1";"21";"36"
"757";20.9020205203444;"0";"22";"1"
"758";22.7086292013074;"0";"22";"2"
"759";23.6250135489307;"0";"22";"3"
"760";19.2962204315076;"0";"22";"4"
"761";14.0789825010418;"0";"22";"5"
"762";22.7596533216901;"0";"22";"6"
"763";23.6775016081212;"0";"22";"7"
"764";15.1348712090422;"0";"22";"8"
"765";6.61623122390432;"0";"22";"9"
"766";19.5214643736753;"0";"22";"10"
"767";20.7072966290101;"0";"22";"11"
"768";25.3670919654524;"0";"22";"12"
"769";20.8498137767418;"0";"22";"13"
"770";17.6126431559535;"0";"22";"14"
"771";17.7357938934702;"0";"22";"15"
"772";28.7722284241284;"0";"22";"16"
"773";22.3378298967468;"0";"22";"17"
"774";21.0905528141436;"0";"22";"18"
"775";25.8064454938443;"1";"22";"19"
"776";28.8056345740563;"1";"22";"20"
"777";23.1301059922734;"1";"22";"21"
"778";20.6146386720164;"1";"22";"22"
"779";22.3529578058054;"1";"22";"23"
"780";20.6139620056395;"1";"22";"24"
"781";15.5937428567779;"1";"22";"25"
"782";23.3548666115369;"1";"22";"26"
"783";19.0432348238371;"1";"22";"27"
"784";23.2557841333567;"1";"22";"28"
"785";20.3536095072602;"1";"22";"29"
"786";21.3003532810363;"1";"22";"30"
"787";28.843757565001;"1";"22";"31"
"788";20.9560270023153;"1";"22";"32"
"789";25.2832423467631;"1";"22";"33"
"790";22.5484240320155;"1";"22";"34"
"791";25.7504898471443;"1";"22";"35"
"792";26.0466075707022;"1";"22";"36"
"793";19.1986603052203;"0";"23";"1"
"794";20.2180562703015;"0";"23";"2"
"795";23.5757181477716;"0";"23";"3"
"796";14.218941920009;"0";"23";"4"
"797";16.9699202363303;"0";"23";"5"
"798";26.172302048624;"0";"23";"6"
"799";22.9239013109288;"0";"23";"7"
"800";18.5605104346444;"0";"23";"8"
"801";13.2080280477712;"0";"23";"9"
"802";18.9502371824281;"0";"23";"10"
"803";25.4801925698303;"0";"23";"11"
"804";20.7828648831691;"0";"23";"12"
"805";17.1949262339835;"0";"23";"13"
"806";15.4959713095805;"0";"23";"14"
"807";20.8120617659349;"0";"23";"15"
"808";20.9255149855289;"0";"23";"16"
"809";22.8169495244269;"0";"23";"17"
"810";20.5481667066886;"0";"23";"18"
"811";32.8254282066359;"1";"23";"19"
"812";24.3143450206825;"1";"23";"20"
"813";22.3169731434994;"1";"23";"21"
"814";24.5346068220563;"1";"23";"22"
"815";24.0446329958869;"1";"23";"23"
"816";27.1109749142521;"1";"23";"24"
"817";21.0959399497083;"1";"23";"25"
"818";23.3087893432509;"1";"23";"26"
"819";29.2269083341559;"1";"23";"27"
"820";21.4185394285501;"1";"23";"28"
"821";25.1043256371799;"1";"23";"29"
"822";22.0289378478804;"1";"23";"30"
"823";18.2450495550586;"1";"23";"31"
"824";19.638219931514;"1";"23";"32"
"825";21.2734362174086;"1";"23";"33"
"826";20.0618154102183;"1";"23";"34"
"827";19.1677728289894;"1";"23";"35"
"828";25.5839636672791;"1";"23";"36"
"829";28.2539947570983;"0";"24";"1"
"830";18.4258113630049;"0";"24";"2"
"831";22.404567773397;"0";"24";"3"
"832";17.6079793537035;"0";"24";"4"
"833";20.7449407192654;"0";"24";"5"
"834";18.4976722519626;"0";"24";"6"
"835";30.5604958785952;"0";"24";"7"
"836";22.5876121749646;"0";"24";"8"
"837";16.1567030136965;"0";"24";"9"
"838";25.0665250617675;"0";"24";"10"
"839";20.4741188738874;"0";"24";"11"
"840";15.3992253011284;"0";"24";"12"
"841";21.4743740524432;"0";"24";"13"
"842";25.8769792753119;"0";"24";"14"
"843";21.4284682890901;"0";"24";"15"
"844";25.1255915028893;"0";"24";"16"
"845";21.5619679966474;"0";"24";"17"
"846";16.7135260999166;"0";"24";"18"
"847";30.605575913851;"1";"24";"19"
"848";27.869565365038;"1";"24";"20"
"849";36.4650009756357;"1";"24";"21"
"850";17.7568978718056;"1";"24";"22"
"851";18.6240901388128;"1";"24";"23"
"852";26.9043567692207;"1";"24";"24"
"853";19.0992079406835;"1";"24";"25"
"854";27.769595367388;"1";"24";"26"
"855";20.7819268330763;"1";"24";"27"
"856";22.0795250276064;"1";"24";"28"
"857";24.836323171435;"1";"24";"29"
"858";20.626638025688;"1";"24";"30"
"859";24.9062666556732;"1";"24";"31"
"860";23.6462783317666;"1";"24";"32"
"861";24.37472659069;"1";"24";"33"
"862";19.4639927401292;"1";"24";"34"
"863";15.9796024121483;"1";"24";"35"
"864";24.7870045222985;"1";"24";"36"
"865";30.0208725062647;"0";"25";"1"
"866";19.4589676403015;"0";"25";"2"
"867";22.5425108988621;"0";"25";"3"
"868";24.4280356671662;"0";"25";"4"
"869";16.6956408118771;"0";"25";"5"
"870";14.4311181823423;"0";"25";"6"
"871";21.6464833397378;"0";"25";"7"
"872";14.6582629674154;"0";"25";"8"
"873";11.789204247334;"0";"25";"9"
"874";25.1559866138994;"0";"25";"10"
"875";25.1100541279837;"0";"25";"11"
"876";19.3484187613607;"0";"25";"12"
"877";24.1497629122515;"0";"25";"13"
"878";21.2657994461311;"0";"25";"14"
"879";20.0107700445752;"0";"25";"15"
"880";23.0100830863712;"0";"25";"16"
"881";18.6382988658749;"0";"25";"17"
"882";22.980104502553;"0";"25";"18"
"883";21.7165292455758;"1";"25";"19"
"884";18.7756750567064;"1";"25";"20"
"885";23.9312806573153;"1";"25";"21"
"886";19.7000951905383;"1";"25";"22"
"887";19.6550404711653;"1";"25";"23"
"888";21.7505710093749;"1";"25";"24"
"889";21.8430717678938;"1";"25";"25"
"890";20.8340601695066;"1";"25";"26"
"891";18.4188173885112;"1";"25";"27"
"892";17.9671366332671;"1";"25";"28"
"893";14.7632433078287;"1";"25";"29"
"894";17.3237188395456;"1";"25";"30"
"895";23.7580098904268;"1";"25";"31"
"896";21.6852200204779;"1";"25";"32"
"897";22.3819572990719;"1";"25";"33"
"898";20.6478816239898;"1";"25";"34"
"899";18.9180159481075;"1";"25";"35"
"900";22.3173355684975;"1";"25";"36"
"901";21.3217393299784;"0";"26";"1"
"902";21.0197457108095;"0";"26";"2"
"903";24.5216451037282;"0";"26";"3"
"904";17.7565831238741;"0";"26";"4"
"905";14.9834117288892;"0";"26";"5"
"906";17.9942767204535;"0";"26";"6"
"907";18.1380031449076;"0";"26";"7"
"908";12.9384771359537;"0";"26";"8"
"909";15.1587401116243;"0";"26";"9"
"910";27.4355441630908;"0";"26";"10"
"911";25.9563980261778;"0";"26";"11"
"912";17.2565242185823;"0";"26";"12"
"913";17.3588597782039;"0";"26";"13"
"914";20.2711241321194;"0";"26";"14"
"915";22.7115352632376;"0";"26";"15"
"916";19.5351004763789;"0";"26";"16"
"917";22.7300353914082;"0";"26";"17"
"918";21.1112903251635;"0";"26";"18"
"919";31.723679807792;"1";"26";"19"
"920";22.6242310353106;"1";"26";"20"
"921";20.4175857075604;"1";"26";"21"
"922";22.360667196064;"1";"26";"22"
"923";19.4895080745529;"1";"26";"23"
"924";16.6698433714796;"1";"26";"24"
"925";20.6128853891021;"1";"26";"25"
"926";23.4353950356415;"1";"26";"26"
"927";15.2634365973807;"1";"26";"27"
"928";20.1289360078295;"1";"26";"28"
"929";21.5126708753752;"1";"26";"29"
"930";14.8467484468354;"1";"26";"30"
"931";24.6513011732381;"1";"26";"31"
"932";15.4142806679887;"1";"26";"32"
"933";20.3831649538783;"1";"26";"33"
"934";22.3857607362067;"1";"26";"34"
"935";18.9460348356837;"1";"26";"35"
"936";16.9356311542993;"1";"26";"36"
"937";25.691865947998;"0";"27";"1"
"938";20.519470365772;"0";"27";"2"
"939";31.4157073403273;"0";"27";"3"
"940";19.7124232090949;"0";"27";"4"
"941";13.6621871079135;"0";"27";"5"
"942";23.4460957931824;"0";"27";"6"
"943";27.0068945286493;"0";"27";"7"
"944";25.9174515304459;"0";"27";"8"
"945";15.4640365801316;"0";"27";"9"
"946";22.3106273223592;"0";"27";"10"
"947";21.928004780865;"0";"27";"11"
"948";23.2473500926733;"0";"27";"12"
"949";19.2782161884958;"0";"27";"13"
"950";24.2774643768364;"0";"27";"14"
"951";25.5436517571154;"0";"27";"15"
"952";28.3299707923486;"0";"27";"16"
"953";23.4899517673938;"0";"27";"17"
"954";21.9237841453184;"0";"27";"18"
"955";38.5793556773653;"1";"27";"19"
"956";26.5329967453978;"1";"27";"20"
"957";22.1000129931049;"1";"27";"21"
"958";26.535079374438;"1";"27";"22"
"959";18.6324281210948;"1";"27";"23"
"960";26.6029695717294;"1";"27";"24"
"961";19.6503038702462;"1";"27";"25"
"962";33.5095284069003;"1";"27";"26"
"963";22.9667002398703;"1";"27";"27"
"964";19.5570830710511;"1";"27";"28"
"965";21.704493406999;"1";"27";"29"
"966";20.5636108568605;"1";"27";"30"
"967";23.7293045920742;"1";"27";"31"
"968";25.9333540257751;"1";"27";"32"
"969";27.5847176427578;"1";"27";"33"
"970";20.8541697677455;"1";"27";"34"
"971";24.2377904058014;"1";"27";"35"
"972";23.0054260659897;"1";"27";"36"
"973";23.733170353247;"0";"28";"1"
"974";19.2539076701637;"0";"28";"2"
"975";21.9309738876844;"0";"28";"3"
"976";14.8294572360702;"0";"28";"4"
"977";14.2386279630021;"0";"28";"5"
"978";18.101449721368;"0";"28";"6"
"979";22.2122013696287;"0";"28";"7"
"980";15.3472287630817;"0";"28";"8"
"981";21.3997699382653;"0";"28";"9"
"982";26.4409554556378;"0";"28";"10"
"983";19.3330149656942;"0";"28";"11"
"984";20.7148500292003;"0";"28";"12"
"985";17.5853172897323;"0";"28";"13"
"986";18.1648988884735;"0";"28";"14"
"987";21.3684310690233;"0";"28";"15"
"988";19.3080382490118;"0";"28";"16"
"989";18.4145833962188;"0";"28";"17"
"990";17.768096573305;"0";"28";"18"
"991";24.4237419890914;"1";"28";"19"
"992";16.788404809528;"1";"28";"20"
"993";22.7783802551204;"1";"28";"21"
"994";19.5949584400492;"1";"28";"22"
"995";25.8615136462784;"1";"28";"23"
"996";22.0721490988353;"1";"28";"24"
"997";14.8230706331712;"1";"28";"25"
"998";20.9034678233132;"1";"28";"26"
"999";23.9337688877505;"1";"28";"27"
"1000";20.5821044236946;"1";"28";"28"
"1001";23.7486670100655;"1";"28";"29"
"1002";19.1704766557637;"1";"28";"30"
"1003";23.1847065426003;"1";"28";"31"
"1004";24.6452392972441;"1";"28";"32"
"1005";23.586556435377;"1";"28";"33"
"1006";16.081707469635;"1";"28";"34"
"1007";14.6720586044236;"1";"28";"35"
"1008";23.7439382102056;"1";"28";"36"
"1009";23.7084183203835;"0";"29";"1"
"1010";21.4274719843085;"0";"29";"2"
"1011";18.8777474946153;"0";"29";"3"
"1012";15.5511968291088;"0";"29";"4"
"1013";14.2148363984903;"0";"29";"5"
"1014";15.8642034726432;"0";"29";"6"
"1015";23.3508163126122;"0";"29";"7"
"1016";16.7208300262481;"0";"29";"8"
"1017";6.77768482619189;"0";"29";"9"
"1018";14.3993751170345;"0";"29";"10"
"1019";23.5223292693627;"0";"29";"11"
"1020";21.2924978634124;"0";"29";"12"
"1021";19.4582539237922;"0";"29";"13"
"1022";21.3271470931099;"0";"29";"14"
"1023";18.3602450815436;"0";"29";"15"
"1024";20.7100436459833;"0";"29";"16"
"1025";28.2849565859083;"0";"29";"17"
"1026";13.4179508539455;"0";"29";"18"
"1027";25.613786570471;"1";"29";"19"
"1028";20.9094059811533;"1";"29";"20"
"1029";25.0612901870098;"1";"29";"21"
"1030";18.499481451721;"1";"29";"22"
"1031";25.1291544331971;"1";"29";"23"
"1032";26.5855912552427;"1";"29";"24"
"1033";23.8543212549509;"1";"29";"25"
"1034";21.4412682230084;"1";"29";"26"
"1035";21.2708686582273;"1";"29";"27"
"1036";20.1928620380024;"1";"29";"28"
"1037";23.0408009868504;"1";"29";"29"
"1038";15.2571986063166;"1";"29";"30"
"1039";16.5994771551537;"1";"29";"31"
"1040";25.0179400270172;"1";"29";"32"
"1041";21.9413453900399;"1";"29";"33"
"1042";23.3012639706836;"1";"29";"34"
"1043";19.8393768890002;"1";"29";"35"
"1044";22.2811513301931;"1";"29";"36"
"1045";24.2632231601079;"0";"30";"1"
"1046";17.0613435110064;"0";"30";"2"
"1047";22.3634684616506;"0";"30";"3"
"1048";16.4303999439738;"0";"30";"4"
"1049";19.3422173503427;"0";"30";"5"
"1050";21.4491972486488;"0";"30";"6"
"1051";22.190236243795;"0";"30";"7"
"1052";17.5454142648179;"0";"30";"8"
"1053";12.8708953224694;"0";"30";"9"
"1054";21.7767493269443;"0";"30";"10"
"1055";17.5196462419338;"0";"30";"11"
"1056";14.4086971433756;"0";"30";"12"
"1057";14.2579170404171;"0";"30";"13"
"1058";18.132704480758;"0";"30";"14"
"1059";20.3288010994898;"0";"30";"15"
"1060";21.0529306340019;"0";"30";"16"
"1061";18.6995156194478;"0";"30";"17"
"1062";19.8262288999001;"0";"30";"18"
"1063";19.9999399484272;"1";"30";"19"
"1064";16.0174560410747;"1";"30";"20"
"1065";20.9139950155757;"1";"30";"21"
"1066";18.6324495567993;"1";"30";"22"
"1067";23.7544221866922;"1";"30";"23"
"1068";20.1684441416114;"1";"30";"24"
"1069";16.4402042503015;"1";"30";"25"
"1070";16.7377161031285;"1";"30";"26"
"1071";19.7013331509254;"1";"30";"27"
"1072";19.4446918881365;"1";"30";"28"
"1073";17.6849480616892;"1";"30";"29"
"1074";19.8317731630245;"1";"30";"30"
"1075";22.0536252087403;"1";"30";"31"
"1076";20.7448536012627;"1";"30";"32"
"1077";20.0632146651267;"1";"30";"33"
"1078";19.3400436701697;"1";"30";"34"
"1079";21.311496153314;"1";"30";"35"
"1080";17.6455749740612;"1";"30";"36"
"1081";25.949309717356;"0";"31";"1"
"1082";23.8216458169617;"0";"31";"2"
"1083";22.0991103857721;"0";"31";"3"
"1084";23.8108655179638;"0";"31";"4"
"1085";17.7742026106969;"0";"31";"5"
"1086";17.6855437977338;"0";"31";"6"
"1087";21.7269763419472;"0";"31";"7"
"1088";21.9876293430154;"0";"31";"8"
"1089";16.8268806106889;"0";"31";"9"
"1090";24.2509229322819;"0";"31";"10"
"1091";18.4505703535943;"0";"31";"11"
"1092";23.2370650852553;"0";"31";"12"
"1093";24.4498825596656;"0";"31";"13"
"1094";16.5255377628344;"0";"31";"14"
"1095";23.7899808831545;"0";"31";"15"
"1096";14.341583187905;"0";"31";"16"
"1097";22.436368682411;"0";"31";"17"
"1098";20.6123211730137;"0";"31";"18"
"1099";28.6817817388561;"1";"31";"19"
"1100";19.1742977470972;"1";"31";"20"
"1101";16.6381670247255;"1";"31";"21"
"1102";21.125022949492;"1";"31";"22"
"1103";22.6733833522714;"1";"31";"23"
"1104";27.0546587298058;"1";"31";"24"
"1105";15.7107253967215;"1";"31";"25"
"1106";30.0738090117943;"1";"31";"26"
"1107";19.6336798773726;"1";"31";"27"
"1108";21.5454646595768;"1";"31";"28"
"1109";24.2721927796446;"1";"31";"29"
"1110";24.1546656908146;"1";"31";"30"
"1111";20.2779370058812;"1";"31";"31"
"1112";21.1789712139517;"1";"31";"32"
"1113";21.5392170106499;"1";"31";"33"
"1114";21.8832155133628;"1";"31";"34"
"1115";18.788957572776;"1";"31";"35"
"1116";29.5085395925004;"1";"31";"36"
"1117";16.8865974848359;"0";"32";"1"
"1118";20.1918840150925;"0";"32";"2"
"1119";19.968061106612;"0";"32";"3"
"1120";15.7639267393437;"0";"32";"4"
"1121";11.3400629488462;"0";"32";"5"
"1122";19.5811512112347;"0";"32";"6"
"1123";22.8471624542784;"0";"32";"7"
"1124";15.4181996982504;"0";"32";"8"
"1125";15.8206516615028;"0";"32";"9"
"1126";22.8877481269151;"0";"32";"10"
"1127";25.4281577564651;"0";"32";"11"
"1128";18.6160117702365;"0";"32";"12"
"1129";16.2587998257453;"0";"32";"13"
"1130";20.2041597211383;"0";"32";"14"
"1131";20.6034721721203;"0";"32";"15"
"1132";20.4723344395725;"0";"32";"16"
"1133";14.6655030091423;"0";"32";"17"
"1134";15.7251256222859;"0";"32";"18"
"1135";24.9638778722944;"1";"32";"19"
"1136";17.9985842016441;"1";"32";"20"
"1137";18.8887522721019;"1";"32";"21"
"1138";16.7201308094169;"1";"32";"22"
"1139";19.5948310594859;"1";"32";"23"
"1140";21.7540557970196;"1";"32";"24"
"1141";19.111034631498;"1";"32";"25"
"1142";23.3981195467733;"1";"32";"26"
"1143";18.9901391416056;"1";"32";"27"
"1144";13.5502705969369;"1";"32";"28"
"1145";20.4914445769635;"1";"32";"29"
"1146";17.7856662855101;"1";"32";"30"
"1147";16.3649696903259;"1";"32";"31"
"1148";18.107893623355;"1";"32";"32"
"1149";22.7662878875778;"1";"32";"33"
"1150";19.7289854462808;"1";"32";"34"
"1151";12.7951942176745;"1";"32";"35"
"1152";25.0841215575607;"1";"32";"36"
"1153";24.2631760838226;"0";"33";"1"
"1154";13.3973425644884;"0";"33";"2"
"1155";21.0093066304303;"0";"33";"3"
"1156";23.8401140015704;"0";"33";"4"
"1157";13.5351247270733;"0";"33";"5"
"1158";20.6013587948728;"0";"33";"6"
"1159";22.9108894762568;"0";"33";"7"
"1160";22.5976576290556;"0";"33";"8"
"1161";14.8546112334083;"0";"33";"9"
"1162";25.8590690217113;"0";"33";"10"
"1163";23.026221307124;"0";"33";"11"
"1164";16.2252855713331;"0";"33";"12"
"1165";20.0176032831114;"0";"33";"13"
"1166";19.1224073809736;"0";"33";"14"
"1167";24.1099348806306;"0";"33";"15"
"1168";23.9666503869914;"0";"33";"16"
"1169";27.3001962510626;"0";"33";"17"
"1170";16.1933528612054;"0";"33";"18"
"1171";26.6071838187683;"1";"33";"19"
"1172";23.3831138303533;"1";"33";"20"
"1173";27.5493564150288;"1";"33";"21"
"1174";25.8647164257082;"1";"33";"22"
"1175";22.4626388472232;"1";"33";"23"
"1176";17.0926757562492;"1";"33";"24"
"1177";27.675854429175;"1";"33";"25"
"1178";25.9286483082979;"1";"33";"26"
"1179";19.3821665017358;"1";"33";"27"
"1180";20.4966833933748;"1";"33";"28"
"1181";22.5733597824419;"1";"33";"29"
"1182";15.0290188835186;"1";"33";"30"
"1183";21.2298080040634;"1";"33";"31"
"1184";17.9424447065038;"1";"33";"32"
"1185";23.6299935043628;"1";"33";"33"
"1186";22.372401570802;"1";"33";"34"
"1187";18.3090625895789;"1";"33";"35"
"1188";20.3308711867158;"1";"33";"36"
"1189";23.8064741216119;"0";"34";"1"
"1190";16.468993811942;"0";"34";"2"
"1191";23.7681234305286;"0";"34";"3"
"1192";17.7555348898505;"0";"34";"4"
"1193";21.04644889235;"0";"34";"5"
"1194";26.9720079003129;"0";"34";"6"
"1195";23.8854753999776;"0";"34";"7"
"1196";19.8149795273665;"0";"34";"8"
"1197";11.786642370439;"0";"34";"9"
"1198";25.3780121479463;"0";"34";"10"
"1199";18.9556649770753;"0";"34";"11"
"1200";26.2776476662582;"0";"34";"12"
"1201";26.3371964157044;"0";"34";"13"
"1202";24.3426455071278;"0";"34";"14"
"1203";19.2876366495089;"0";"34";"15"
"1204";22.312219739367;"0";"34";"16"
"1205";22.9791442990476;"0";"34";"17"
"1206";15.4065359721508;"0";"34";"18"
"1207";36.0882096522484;"1";"34";"19"
"1208";23.4787725522299;"1";"34";"20"
"1209";31.4215309363166;"1";"34";"21"
"1210";23.8696526986649;"1";"34";"22"
"1211";29.494151226097;"1";"34";"23"
"1212";29.2334112597079;"1";"34";"24"
"1213";17.1688295077275;"1";"34";"25"
"1214";27.2057203675892;"1";"34";"26"
"1215";25.4839329098336;"1";"34";"27"
"1216";24.7868565689864;"1";"34";"28"
"1217";23.5914139599204;"1";"34";"29"
"1218";25.7015718841993;"1";"34";"30"
"1219";29.4391602497634;"1";"34";"31"
"1220";19.9886840153772;"1";"34";"32"
"1221";32.3379497384866;"1";"34";"33"
"1222";20.7016814261438;"1";"34";"34"
"1223";19.1271665993691;"1";"34";"35"
"1224";29.4002068667141;"1";"34";"36"
"1225";20.5501645645269;"0";"35";"1"
"1226";16.7079408800604;"0";"35";"2"
"1227";23.0884505553235;"0";"35";"3"
"1228";20.2399542136666;"0";"35";"4"
"1229";16.6278683350727;"0";"35";"5"
"1230";13.6144650464438;"0";"35";"6"
"1231";18.4373641708843;"0";"35";"7"
"1232";22.6189098074984;"0";"35";"8"
"1233";8.22541175911377;"0";"35";"9"
"1234";21.5264171168214;"0";"35";"10"
"1235";20.5823620117907;"0";"35";"11"
"1236";14.7672601959581;"0";"35";"12"
"1237";16.7023331254228;"0";"35";"13"
"1238";16.4951002268076;"0";"35";"14"
"1239";16.9226957344431;"0";"35";"15"
"1240";17.9371806030994;"0";"35";"16"
"1241";15.6767553544332;"0";"35";"17"
"1242";10.9010685228164;"0";"35";"18"
"1243";22.1865156717147;"1";"35";"19"
"1244";21.7952909258859;"1";"35";"20"
"1245";22.6888496103746;"1";"35";"21"
"1246";17.3133063385064;"1";"35";"22"
"1247";18.8872577881453;"1";"35";"23"
"1248";24.3683458813417;"1";"35";"24"
"1249";18.5773089859552;"1";"35";"25"
"1250";20.7286298673489;"1";"35";"26"
"1251";14.8864068906175;"1";"35";"27"
"1252";20.1916081715113;"1";"35";"28"
"1253";10.7671296949583;"1";"35";"29"
"1254";13.4373386495134;"1";"35";"30"
"1255";21.7876956553626;"1";"35";"31"
"1256";17.4383387717382;"1";"35";"32"
"1257";13.6248637548615;"1";"35";"33"
"1258";18.0582375283315;"1";"35";"34"
"1259";18.4650983396416;"1";"35";"35"
"1260";20.496371840025;"1";"35";"36"
"1261";19.9671272893649;"0";"36";"1"
"1262";18.2417226589973;"0";"36";"2"
"1263";19.9789010439847;"0";"36";"3"
"1264";15.6231336576951;"0";"36";"4"
"1265";22.1096267918222;"0";"36";"5"
"1266";17.5093364920374;"0";"36";"6"
"1267";21.2097165285686;"0";"36";"7"
"1268";9.10157635175455;"0";"36";"8"
"1269";9.48381999708839;"0";"36";"9"
"1270";24.7936613787825;"0";"36";"10"
"1271";23.4892299267822;"0";"36";"11"
"1272";13.1444402623073;"0";"36";"12"
"1273";13.5254532664609;"0";"36";"13"
"1274";17.9443248382503;"0";"36";"14"
"1275";11.1385953388107;"0";"36";"15"
"1276";19.323760234497;"0";"36";"16"
"1277";14.9517406868371;"0";"36";"17"
"1278";10.9040796592813;"0";"36";"18"
"1279";28.8701762203978;"1";"36";"19"
"1280";21.2491088939235;"1";"36";"20"
"1281";22.3866274992034;"1";"36";"21"
"1282";13.8152616396865;"1";"36";"22"
"1283";17.695292204967;"1";"36";"23"
"1284";22.6816299110699;"1";"36";"24"
"1285";15.3138813609791;"1";"36";"25"
"1286";27.9946479452449;"1";"36";"26"
"1287";16.1357302049406;"1";"36";"27"
"1288";14.3259912237843;"1";"36";"28"
"1289";19.0188358965532;"1";"36";"29"
"1290";24.4256948869914;"1";"36";"30"
"1291";16.4131239728783;"1";"36";"31"
"1292";22.3685157625814;"1";"36";"32"
"1293";14.760468860046;"1";"36";"33"
"1294";20.2277525184668;"1";"36";"34"
"1295";20.7016494577747;"1";"36";"35"
"1296";13.224765162787;"1";"36";"36"
"1297";21.6878109028273;"0";"37";"1"
"1298";19.1506821298518;"0";"37";"2"
"1299";19.1718007534544;"0";"37";"3"
"1300";14.8695096072659;"0";"37";"4"
"1301";13.3052296223934;"0";"37";"5"
"1302";15.756367141719;"0";"37";"6"
"1303";23.0559124520377;"0";"37";"7"
"1304";15.2921748208699;"0";"37";"8"
"1305";11.2945964061922;"0";"37";"9"
"1306";19.8651231993041;"0";"37";"10"
"1307";16.5121581578571;"0";"37";"11"
"1308";18.5512624533874;"0";"37";"12"
"1309";12.211275415993;"0";"37";"13"
"1310";15.7620496890647;"0";"37";"14"
"1311";18.6486662077014;"0";"37";"15"
"1312";19.0723736467603;"0";"37";"16"
"1313";22.194023832669;"0";"37";"17"
"1314";9.92477017019724;"0";"37";"18"
"1315";21.5716806143533;"1";"37";"19"
"1316";20.2760279723603;"1";"37";"20"
"1317";19.9559336797488;"1";"37";"21"
"1318";18.7222153820499;"1";"37";"22"
"1319";10.7090831596527;"1";"37";"23"
"1320";19.557615968621;"1";"37";"24"
"1321";18.7987055924614;"1";"37";"25"
"1322";14.9141703857922;"1";"37";"26"
"1323";17.1673498253949;"1";"37";"27"
"1324";17.3869314157187;"1";"37";"28"
"1325";16.2297214881414;"1";"37";"29"
"1326";17.6683639326675;"1";"37";"30"
"1327";21.1054186624262;"1";"37";"31"
"1328";19.3732873647844;"1";"37";"32"
"1329";17.749403918514;"1";"37";"33"
"1330";12.9686638885906;"1";"37";"34"
"1331";9.49646613297753;"1";"37";"35"
"1332";24.2490885329486;"1";"37";"36"
"1333";25.0588874709126;"0";"38";"1"
"1334";17.7220711862342;"0";"38";"2"
"1335";23.2639658852866;"0";"38";"3"
"1336";23.1408797415174;"0";"38";"4"
"1337";24.6209172279906;"0";"38";"5"
"1338";16.5023067078437;"0";"38";"6"
"1339";23.886810612877;"0";"38";"7"
"1340";20.4389526318045;"0";"38";"8"
"1341";13.289098304065;"0";"38";"9"
"1342";16.5168529025057;"0";"38";"10"
"1343";23.9146114071304;"0";"38";"11"
"1344";20.4303054144925;"0";"38";"12"
"1345";21.5633241383729;"0";"38";"13"
"1346";19.065795203671;"0";"38";"14"
"1347";21.3235181970923;"0";"38";"15"
"1348";22.4734038000432;"0";"38";"16"
"1349";14.7358121531887;"0";"38";"17"
"1350";18.9139837307302;"0";"38";"18"
"1351";29.0137190140617;"1";"38";"19"
"1352";19.4642252130325;"1";"38";"20"
"1353";23.5421081736948;"1";"38";"21"
"1354";17.2657270544177;"1";"38";"22"
"1355";25.3858323281469;"1";"38";"23"
"1356";20.0355295989441;"1";"38";"24"
"1357";17.6551085701162;"1";"38";"25"
"1358";25.0354999195034;"1";"38";"26"
"1359";10.7759867509401;"1";"38";"27"
"1360";19.0975160042448;"1";"38";"28"
"1361";19.7543300563186;"1";"38";"29"
"1362";24.4699678963354;"1";"38";"30"
"1363";23.2425658513535;"1";"38";"31"
"1364";24.7586765540017;"1";"38";"32"
"1365";19.0578269246778;"1";"38";"33"
"1366";18.0808490713497;"1";"38";"34"
"1367";21.2706643820903;"1";"38";"35"
"1368";21.5177702255721;"1";"38";"36"
"1369";20.307062130397;"0";"39";"1"
"1370";20.5699720985211;"0";"39";"2"
"1371";18.4362797277871;"0";"39";"3"
"1372";18.1638634459427;"0";"39";"4"
"1373";18.200833695352;"0";"39";"5"
"1374";21.5993985165226;"0";"39";"6"
"1375";16.9756373906263;"0";"39";"7"
"1376";17.2450490823445;"0";"39";"8"
"1377";10.7240970591935;"0";"39";"9"
"1378";20.4087639329386;"0";"39";"10"
"1379";21.1459725691251;"0";"39";"11"
"1380";14.9752393721472;"0";"39";"12"
"1381";14.8112757278343;"0";"39";"13"
"1382";21.7831414742865;"0";"39";"14"
"1383";22.3120180172917;"0";"39";"15"
"1384";20.100723633252;"0";"39";"16"
"1385";17.0876137816466;"0";"39";"17"
"1386";17.6407792059416;"0";"39";"18"
"1387";22.9275198212963;"1";"39";"19"
"1388";20.1666658878164;"1";"39";"20"
"1389";22.7194155428887;"1";"39";"21"
"1390";19.9754239940243;"1";"39";"22"
"1391";20.3131306450823;"1";"39";"23"
"1392";25.0509831410135;"1";"39";"24"
"1393";12.0968797987128;"1";"39";"25"
"1394";20.2909641972105;"1";"39";"26"
"1395";22.2121404561535;"1";"39";"27"
"1396";17.1484959665698;"1";"39";"28"
"1397";20.0858283805225;"1";"39";"29"
"1398";21.4497245888056;"1";"39";"30"
"1399";17.9657653547804;"1";"39";"31"
"1400";22.4011059692196;"1";"39";"32"
"1401";25.6997796531007;"1";"39";"33"
"1402";19.280443802554;"1";"39";"34"
"1403";22.1903994965172;"1";"39";"35"
"1404";14.9895045562751;"1";"39";"36"
"1405";20.8273152173719;"0";"40";"1"
"1406";17.7353926587345;"0";"40";"2"
"1407";24.2997747577472;"0";"40";"3"
"1408";21.4418375080162;"0";"40";"4"
"1409";15.70688768598;"0";"40";"5"
"1410";18.0923164725325;"0";"40";"6"
"1411";23.6033589147603;"0";"40";"7"
"1412";20.2755894940327;"0";"40";"8"
"1413";11.9793347764422;"0";"40";"9"
"1414";19.2463431491829;"0";"40";"10"
"1415";19.4539430105964;"0";"40";"11"
"1416";26.5317794784199;"0";"40";"12"
"1417";20.5471792804582;"0";"40";"13"
"1418";19.4003914890324;"0";"40";"14"
"1419";20.40075540856;"0";"40";"15"
"1420";23.767410470121;"0";"40";"16"
"1421";21.9292418275538;"0";"40";"17"
"1422";20.8520292758923;"0";"40";"18"
"1423";28.5754304573253;"1";"40";"19"
"1424";17.5243701695605;"1";"40";"20"
"1425";25.8318886721422;"1";"40";"21"
"1426";18.7599711931082;"1";"40";"22"
"1427";27.3636183564624;"1";"40";"23"
"1428";24.2244287600605;"1";"40";"24"
"1429";20.1987097352506;"1";"40";"25"
"1430";19.0723824477433;"1";"40";"26"
"1431";26.1454561581711;"1";"40";"27"
"1432";21.005706398849;"1";"40";"28"
"1433";19.6775737006834;"1";"40";"29"
"1434";20.0519653211972;"1";"40";"30"
"1435";23.0324483386344;"1";"40";"31"
"1436";23.6645992683831;"1";"40";"32"
"1437";23.3054714994776;"1";"40";"33"
"1438";21.8009095106862;"1";"40";"34"
"1439";19.6991701744878;"1";"40";"35"
"1440";23.5443158883752;"1";"40";"36"
"1441";25.5476776231094;"0";"41";"1"
"1442";23.870044956529;"0";"41";"2"
"1443";29.7877386268849;"0";"41";"3"
"1444";22.1546925170218;"0";"41";"4"
"1445";17.4053236185523;"0";"41";"5"
"1446";21.2281849042196;"0";"41";"6"
"1447";25.9017828943189;"0";"41";"7"
"1448";15.1668973304221;"0";"41";"8"
"1449";14.0870458287335;"0";"41";"9"
"1450";20.9593126804103;"0";"41";"10"
"1451";18.38997538606;"0";"41";"11"
"1452";22.3194944902862;"0";"41";"12"
"1453";17.962519991448;"0";"41";"13"
"1454";19.1222312544196;"0";"41";"14"
"1455";21.1415463018207;"0";"41";"15"
"1456";21.1561186563586;"0";"41";"16"
"1457";27.5344362605617;"0";"41";"17"
"1458";16.9094744261346;"0";"41";"18"
"1459";27.6677328895325;"1";"41";"19"
"1460";21.1877076125192;"1";"41";"20"
"1461";27.3846063544982;"1";"41";"21"
"1462";19.7396311100624;"1";"41";"22"
"1463";21.8015793864569;"1";"41";"23"
"1464";23.9312169724288;"1";"41";"24"
"1465";13.2212133014003;"1";"41";"25"
"1466";27.1981170118794;"1";"41";"26"
"1467";23.6895752713218;"1";"41";"27"
"1468";16.5308788848924;"1";"41";"28"
"1469";16.4357024050135;"1";"41";"29"
"1470";15.6927235831665;"1";"41";"30"
"1471";24.5550136386495;"1";"41";"31"
"1472";19.3418023338237;"1";"41";"32"
"1473";23.3650369715338;"1";"41";"33"
"1474";19.0608630805636;"1";"41";"34"
"1475";21.2508625386841;"1";"41";"35"
"1476";23.2187494587013;"1";"41";"36"
"1477";16.7275420851194;"0";"42";"1"
"1478";17.893514105758;"0";"42";"2"
"1479";18.9429158908337;"0";"42";"3"
"1480";15.9193899405996;"0";"42";"4"
"1481";10.4451176863355;"0";"42";"5"
"1482";20.7523456678155;"0";"42";"6"
"1483";18.9826063017838;"0";"42";"7"
"1484";14.9778741140404;"0";"42";"8"
"1485";10.2183339956238;"0";"42";"9"
"1486";26.2041818625998;"0";"42";"10"
"1487";22.0395153445116;"0";"42";"11"
"1488";14.4899444700793;"0";"42";"12"
"1489";11.3837290830487;"0";"42";"13"
"1490";15.0680230535344;"0";"42";"14"
"1491";14.1273717967707;"0";"42";"15"
"1492";14.4498458928938;"0";"42";"16"
"1493";16.2425894848403;"0";"42";"17"
"1494";20.5976712093779;"0";"42";"18"
"1495";25.2608000124001;"1";"42";"19"
"1496";17.0495005354005;"1";"42";"20"
"1497";17.1848567370476;"1";"42";"21"
"1498";20.1517620474727;"1";"42";"22"
"1499";16.4506077917654;"1";"42";"23"
"1500";22.5068830951741;"1";"42";"24"
"1501";17.6220712574002;"1";"42";"25"
"1502";17.4124771387217;"1";"42";"26"
"1503";14.4523842553385;"1";"42";"27"
"1504";13.0471547356293;"1";"42";"28"
"1505";18.8117696077544;"1";"42";"29"
"1506";16.1877746419024;"1";"42";"30"
"1507";22.0934925046417;"1";"42";"31"
"1508";17.4726145334785;"1";"42";"32"
"1509";19.6908163651727;"1";"42";"33"
"1510";15.0809220984892;"1";"42";"34"
"1511";16.2190234283098;"1";"42";"35"
"1512";13.7049076067704;"1";"42";"36"
"1513";27.925726172166;"0";"43";"1"
"1514";22.6570768118908;"0";"43";"2"
"1515";28.0668298880673;"0";"43";"3"
"1516";15.7875272949513;"0";"43";"4"
"1517";22.9895087890726;"0";"43";"5"
"1518";19.340195410743;"0";"43";"6"
"1519";26.3092052105121;"0";"43";"7"
"1520";18.8195426768998;"0";"43";"8"
"1521";9.87446826759018;"0";"43";"9"
"1522";19.9886679647849;"0";"43";"10"
"1523";17.9990193100679;"0";"43";"11"
"1524";13.424552725697;"0";"43";"12"
"1525";20.3123871258972;"0";"43";"13"
"1526";15.6196292768452;"0";"43";"14"
"1527";18.4276657953605;"0";"43";"15"
"1528";13.5636476593384;"0";"43";"16"
"1529";18.9958353924247;"0";"43";"17"
"1530";14.6800261597387;"0";"43";"18"
"1531";25.8774089383142;"1";"43";"19"
"1532";23.3148706977139;"1";"43";"20"
"1533";25.8038561883456;"1";"43";"21"
"1534";19.0201322114516;"1";"43";"22"
"1535";28.2781900740144;"1";"43";"23"
"1536";24.5734272795061;"1";"43";"24"
"1537";13.6252754640119;"1";"43";"25"
"1538";21.5493399092325;"1";"43";"26"
"1539";17.8841778043308;"1";"43";"27"
"1540";22.3078053181421;"1";"43";"28"
"1541";18.1934485961573;"1";"43";"29"
"1542";20.4928588762477;"1";"43";"30"
"1543";18.595155208942;"1";"43";"31"
"1544";20.4736763659361;"1";"43";"32"
"1545";21.7596879996615;"1";"43";"33"
"1546";19.8742590592448;"1";"43";"34"
"1547";20.3367069388488;"1";"43";"35"
"1548";20.9365288662206;"1";"43";"36"
"1549";26.503061216775;"0";"44";"1"
"1550";21.3396353275423;"0";"44";"2"
"1551";24.5248107254368;"0";"44";"3"
"1552";22.8857489199186;"0";"44";"4"
"1553";18.1011848834444;"0";"44";"5"
"1554";17.3573528732868;"0";"44";"6"
"1555";26.1928375841167;"0";"44";"7"
"1556";23.3740245674457;"0";"44";"8"
"1557";8.83417987949973;"0";"44";"9"
"1558";28.1430279722806;"0";"44";"10"
"1559";22.2866477625583;"0";"44";"11"
"1560";20.1310618712798;"0";"44";"12"
"1561";18.3845247140211;"0";"44";"13"
"1562";23.446771426174;"0";"44";"14"
"1563";24.9247121925363;"0";"44";"15"
"1564";19.0959178390384;"0";"44";"16"
"1565";23.433816868986;"0";"44";"17"
"1566";22.650197495347;"0";"44";"18"
"1567";33.3240633239485;"1";"44";"19"
"1568";22.6404893621699;"1";"44";"20"
"1569";27.4002040607484;"1";"44";"21"
"1570";20.2564742685486;"1";"44";"22"
"1571";28.2735967284101;"1";"44";"23"
"1572";21.5770057607198;"1";"44";"24"
"1573";23.5595783065456;"1";"44";"25"
"1574";25.7832893254174;"1";"44";"26"
"1575";20.0359761165166;"1";"44";"27"
"1576";20.0441724573888;"1";"44";"28"
"1577";27.5592968734148;"1";"44";"29"
"1578";21.2196900746313;"1";"44";"30"
"1579";23.8202612691273;"1";"44";"31"
"1580";19.6160161456528;"1";"44";"32"
"1581";23.0223250002425;"1";"44";"33"
"1582";20.0896253098039;"1";"44";"34"
"1583";21.7870630197074;"1";"44";"35"
"1584";29.7409926817805;"1";"44";"36"
"1585";23.3337421672086;"0";"45";"1"
"1586";13.2704239102812;"0";"45";"2"
"1587";24.3756604644538;"0";"45";"3"
"1588";19.538212426937;"0";"45";"4"
"1589";20.2188794951793;"0";"45";"5"
"1590";16.3055458563388;"0";"45";"6"
"1591";19.6161958997798;"0";"45";"7"
"1592";17.9760977740897;"0";"45";"8"
"1593";11.5259642482282;"0";"45";"9"
"1594";16.782091422643;"0";"45";"10"
"1595";21.0871223977706;"0";"45";"11"
"1596";16.6888904416413;"0";"45";"12"
"1597";12.4247419544395;"0";"45";"13"
"1598";13.775534531451;"0";"45";"14"
"1599";13.6046147971111;"0";"45";"15"
"1600";20.7698723575983;"0";"45";"16"
"1601";14.6775216613386;"0";"45";"17"
"1602";12.4843089980474;"0";"45";"18"
"1603";22.3056303816401;"1";"45";"19"
"1604";19.172486677295;"1";"45";"20"
"1605";17.4116266140361;"1";"45";"21"
"1606";24.2260472152819;"1";"45";"22"
"1607";19.8078462976369;"1";"45";"23"
"1608";18.9348022131424;"1";"45";"24"
"1609";10.9778901151083;"1";"45";"25"
"1610";19.1133419523676;"1";"45";"26"
"1611";21.8973142322067;"1";"45";"27"
"1612";17.1332845711942;"1";"45";"28"
"1613";22.445567129779;"1";"45";"29"
"1614";20.2717390142328;"1";"45";"30"
"1615";17.132684118206;"1";"45";"31"
"1616";17.7512622914475;"1";"45";"32"
"1617";12.930251655271;"1";"45";"33"
"1618";16.3043810966682;"1";"45";"34"
"1619";12.5569184873074;"1";"45";"35"
"1620";19.4431948699098;"1";"45";"36"
"1621";30.0436203658214;"0";"46";"1"
"1622";20.5046142440441;"0";"46";"2"
"1623";22.3539149654616;"0";"46";"3"
"1624";22.198503595679;"0";"46";"4"
"1625";21.8339014754276;"0";"46";"5"
"1626";17.0219071524019;"0";"46";"6"
"1627";22.9670472385659;"0";"46";"7"
"1628";15.7003600419294;"0";"46";"8"
"1629";12.0621952116664;"0";"46";"9"
"1630";24.173098834985;"0";"46";"10"
"1631";19.7714914069548;"0";"46";"11"
"1632";17.4049602469425;"0";"46";"12"
"1633";11.775614708368;"0";"46";"13"
"1634";18.1442523659292;"0";"46";"14"
"1635";26.0297660308981;"0";"46";"15"
"1636";20.3577409163607;"0";"46";"16"
"1637";22.2629750499744;"0";"46";"17"
"1638";11.779494408407;"0";"46";"18"
"1639";26.2742358187581;"1";"46";"19"
"1640";17.9969651428412;"1";"46";"20"
"1641";27.7139633038973;"1";"46";"21"
"1642";24.0210542954866;"1";"46";"22"
"1643";26.14432181094;"1";"46";"23"
"1644";24.4495126204669;"1";"46";"24"
"1645";11.3331241665024;"1";"46";"25"
"1646";23.5854136878514;"1";"46";"26"
"1647";21.2381709408091;"1";"46";"27"
"1648";17.0898011544747;"1";"46";"28"
"1649";20.320319019119;"1";"46";"29"
"1650";19.9285376472161;"1";"46";"30"
"1651";24.562246189129;"1";"46";"31"
"1652";22.2346240288173;"1";"46";"32"
"1653";23.3039128048193;"1";"46";"33"
"1654";17.6190698735373;"1";"46";"34"
"1655";17.7241900810569;"1";"46";"35"
"1656";14.4835837665764;"1";"46";"36"
"1657";21.050811900525;"0";"47";"1"
"1658";21.3932261414649;"0";"47";"2"
"1659";21.1824292566721;"0";"47";"3"
"1660";20.7916046867613;"0";"47";"4"
"1661";13.9493011729584;"0";"47";"5"
"1662";18.1262592279986;"0";"47";"6"
"1663";15.8038280126438;"0";"47";"7"
"1664";20.813041995837;"0";"47";"8"
"1665";14.2913265944706;"0";"47";"9"
"1666";21.1005626678745;"0";"47";"10"
"1667";25.4165014997226;"0";"47";"11"
"1668";15.2846752452993;"0";"47";"12"
"1669";21.2839581317335;"0";"47";"13"
"1670";16.3494560991229;"0";"47";"14"
"1671";22.3804092380979;"0";"47";"15"
"1672";19.8913473450294;"0";"47";"16"
"1673";23.074222762453;"0";"47";"17"
"1674";13.4952643873409;"0";"47";"18"
"1675";26.9913435685575;"1";"47";"19"
"1676";19.62813836101;"1";"47";"20"
"1677";25.6505005303593;"1";"47";"21"
"1678";17.8264402956863;"1";"47";"22"
"1679";24.7033025299521;"1";"47";"23"
"1680";23.4344213384883;"1";"47";"24"
"1681";14.751373616011;"1";"47";"25"
"1682";24.484368678557;"1";"47";"26"
"1683";20.0616822637701;"1";"47";"27"
"1684";14.6771563555973;"1";"47";"28"
"1685";23.4399940994052;"1";"47";"29"
"1686";18.9232159408668;"1";"47";"30"
"1687";21.9949934017684;"1";"47";"31"
"1688";20.6963368749815;"1";"47";"32"
"1689";24.5116281292098;"1";"47";"33"
"1690";16.7889353951068;"1";"47";"34"
"1691";16.6171951794666;"1";"47";"35"
"1692";21.0570187389969;"1";"47";"36"
"1693";27.7804038251107;"0";"48";"1"
"1694";18.8166075693269;"0";"48";"2"
"1695";20.8402842063193;"0";"48";"3"
"1696";13.0883939635389;"0";"48";"4"
"1697";22.4356226890397;"0";"48";"5"
"1698";17.4988424158903;"0";"48";"6"
"1699";23.204868617002;"0";"48";"7"
"1700";20.5740956758506;"0";"48";"8"
"1701";9.47342388644887;"0";"48";"9"
"1702";26.2521941762932;"0";"48";"10"
"1703";21.1419251105801;"0";"48";"11"
"1704";19.5549161856395;"0";"48";"12"
"1705";20.5732924123788;"0";"48";"13"
"1706";18.4241481456851;"0";"48";"14"
"1707";13.0415605333223;"0";"48";"15"
"1708";22.4095589814053;"0";"48";"16"
"1709";17.844068388205;"0";"48";"17"
"1710";19.6170519245553;"0";"48";"18"
"1711";27.0674185186104;"1";"48";"19"
"1712";21.2508879700125;"1";"48";"20"
"1713";26.4749557418548;"1";"48";"21"
"1714";22.0050311753658;"1";"48";"22"
"1715";20.872936002596;"1";"48";"23"
"1716";21.9276317073835;"1";"48";"24"
"1717";23.0462875856778;"1";"48";"25"
"1718";23.6824311416455;"1";"48";"26"
"1719";25.5801530050513;"1";"48";"27"
"1720";20.413581526163;"1";"48";"28"
"1721";16.6971438408478;"1";"48";"29"
"1722";12.2054210385842;"1";"48";"30"
"1723";19.7935808991921;"1";"48";"31"
"1724";18.7280826910542;"1";"48";"32"
"1725";24.8878187989031;"1";"48";"33"
"1726";17.4040948074632;"1";"48";"34"
"1727";19.8793434891876;"1";"48";"35"
"1728";20.8232545051427;"1";"48";"36"
"1729";21.7804261286103;"0";"49";"1"
"1730";28.2412383298575;"0";"49";"2"
"1731";22.5991754933554;"0";"49";"3"
"1732";17.7405159472019;"0";"49";"4"
"1733";16.5314120523314;"0";"49";"5"
"1734";23.5174059133373;"0";"49";"6"
"1735";24.8062970603382;"0";"49";"7"
"1736";16.5114198247084;"0";"49";"8"
"1737";12.9251538291625;"0";"49";"9"
"1738";20.0873697806687;"0";"49";"10"
"1739";25.6997315963734;"0";"49";"11"
"1740";21.9467487915273;"0";"49";"12"
"1741";21.0051439574161;"0";"49";"13"
"1742";17.8360240781137;"0";"49";"14"
"1743";20.8176695514873;"0";"49";"15"
"1744";16.0451557683981;"0";"49";"16"
"1745";23.7235278817056;"0";"49";"17"
"1746";18.8412938126529;"0";"49";"18"
"1747";33.249472922698;"1";"49";"19"
"1748";26.7293330069274;"1";"49";"20"
"1749";24.0892421270162;"1";"49";"21"
"1750";21.2843685687623;"1";"49";"22"
"1751";27.6983682624279;"1";"49";"23"
"1752";24.3790292574895;"1";"49";"24"
"1753";22.0592356599011;"1";"49";"25"
"1754";28.6026017713498;"1";"49";"26"
"1755";24.1514146130599;"1";"49";"27"
"1756";22.2451321035608;"1";"49";"28"
"1757";22.0048596334824;"1";"49";"29"
"1758";25.0960786636622;"1";"49";"30"
"1759";27.3641531151244;"1";"49";"31"
"1760";28.8299288607189;"1";"49";"32"
"1761";25.5088335075348;"1";"49";"33"
"1762";23.7316412546328;"1";"49";"34"
"1763";20.0000662197916;"1";"49";"35"
"1764";19.0709307243345;"1";"49";"36"
"1765";27.1962198733547;"0";"50";"1"
"1766";20.0449292528467;"0";"50";"2"
"1767";27.8366902793363;"0";"50";"3"
"1768";16.6197570419213;"0";"50";"4"
"1769";13.9480003761453;"0";"50";"5"
"1770";21.4317290550471;"0";"50";"6"
"1771";30.2383870055478;"0";"50";"7"
"1772";17.0149989374569;"0";"50";"8"
"1773";14.2061600569189;"0";"50";"9"
"1774";21.3721591206175;"0";"50";"10"
"1775";23.068922866618;"0";"50";"11"
"1776";18.2763803919956;"0";"50";"12"
"1777";15.036027870322;"0";"50";"13"
"1778";16.0961766523665;"0";"50";"14"
"1779";21.2247851587395;"0";"50";"15"
"1780";21.363410305524;"0";"50";"16"
"1781";23.3371096224355;"0";"50";"17"
"1782";17.5004871749787;"0";"50";"18"
"1783";29.6733546747836;"1";"50";"19"
"1784";15.7164131209315;"1";"50";"20"
"1785";21.0122770052245;"1";"50";"21"
"1786";16.822475745396;"1";"50";"22"
"1787";22.7209625953662;"1";"50";"23"
"1788";24.1790322989268;"1";"50";"24"
"1789";23.5791797687297;"1";"50";"25"
"1790";24.8554225799949;"1";"50";"26"
"1791";18.3741425531429;"1";"50";"27"
"1792";23.3572545709778;"1";"50";"28"
"1793";19.9344812739852;"1";"50";"29"
"1794";21.3651382400571;"1";"50";"30"
"1795";22.3610552238658;"1";"50";"31"
"1796";20.9597553101958;"1";"50";"32"
"1797";16.9496803140489;"1";"50";"33"
"1798";20.8185192667433;"1";"50";"34"
"1799";26.3400941871517;"1";"50";"35"
"1800";17.7938385142092;"1";"50";"36"