,y,cond,subj,stimulus,nest_stimulus
1,15.7606168101,-1,1,1,1
2,11.1307727924,1,1,1,31
3,21.6096471664,-1,1,2,2
4,22.7973786426,1,1,2,32
5,17.4374968513,-1,1,3,3
6,12.7086080153,1,1,3,33
7,21.5569236602,-1,1,4,4
8,21.1701187457,1,1,4,34
9,14.927969579,-1,1,5,5
10,13.9866601156,1,1,5,35
11,7.1890572457,-1,1,6,6
12,16.3351453305,1,1,6,36
13,19.9230334764,-1,1,7,7
14,17.9335275499,1,1,7,37
15,15.1399666891,-1,1,8,8
16,17.5564990823,1,1,8,38
17,16.8804936798,-1,1,9,9
18,22.2587520801,1,1,9,39
19,20.9870793238,-1,1,10,10
20,13.26083508,1,1,10,40
21,20.0726578423,-1,1,11,11
22,22.9285311459,1,1,11,41
23,16.6701208471,-1,1,12,12
24,19.5953466526,1,1,12,42
25,17.9745613159,-1,1,13,13
26,17.7227929051,1,1,13,43
27,19.8368667397,-1,1,14,14
28,14.816770407,1,1,14,44
29,13.2032401378,-1,1,15,15
30,13.5322141318,1,1,15,45
31,17.2759263366,-1,1,16,16
32,20.1417349455,1,1,16,46
33,18.8867713713,-1,1,17,17
34,15.8485861438,1,1,17,47
35,24.186586823,-1,1,18,18
36,20.4798336238,1,1,18,48
37,21.2610594906,-1,1,19,19
38,18.6997538324,1,1,19,49
39,14.0780061186,-1,1,20,20
40,26.0271535296,1,1,20,50
41,23.3666991282,-1,1,21,21
42,24.5676030195,1,1,21,51
43,24.3625015863,-1,1,22,22
44,19.2033632953,1,1,22,52
45,18.8615715449,-1,1,23,23
46,16.2264529514,1,1,23,53
47,17.1216981451,-1,1,24,24
48,19.2471040327,1,1,24,54
49,20.3547230916,-1,1,25,25
50,20.8636868883,1,1,25,55
51,12.6366712936,-1,1,26,26
52,18.9880440927,1,1,26,56
53,18.1751871818,-1,1,27,27
54,21.7942815752,1,1,27,57
55,17.2464866104,-1,1,28,28
56,15.5586148958,1,1,28,58
57,18.4836401608,-1,1,29,29
58,15.0444279605,1,1,29,59
59,15.5253807705,-1,1,30,30
60,16.8703382671,1,1,30,60
61,16.3395584405,-1,2,1,1
62,11.8709578438,1,2,1,31
63,18.6460868319,-1,2,2,2
64,26.7264520584,1,2,2,32
65,17.7140005394,-1,2,3,3
66,16.4648242133,1,2,3,33
67,18.530245308,-1,2,4,4
68,26.4560612394,1,2,4,34
69,26.2244110723,-1,2,5,5
70,14.0625474421,1,2,5,35
71,17.3632204108,-1,2,6,6
72,14.1461753393,1,2,6,36
73,24.5349780063,-1,2,7,7
74,15.1881798542,1,2,7,37
75,15.1079330924,-1,2,8,8
76,16.8214366618,1,2,8,38
77,18.1014008688,-1,2,9,9
78,22.3714602841,1,2,9,39
79,15.623227922,-1,2,10,10
80,15.50741875,1,2,10,40
81,22.5933771661,-1,2,11,11
82,27.7787065865,1,2,11,41
83,18.3015678032,-1,2,12,12
84,21.9747841891,1,2,12,42
85,21.5839596788,-1,2,13,13
86,24.9248598291,1,2,13,43
87,19.9969065045,-1,2,14,14
88,18.6598814763,1,2,14,44
89,14.2849782608,-1,2,15,15
90,16.386741844,1,2,15,45
91,22.7471985368,-1,2,16,16
92,20.2965142036,1,2,16,46
93,16.8779174161,-1,2,17,17
94,20.7880523798,1,2,17,47
95,21.5343910294,-1,2,18,18
96,16.9897316768,1,2,18,48
97,13.4396670055,-1,2,19,19
98,21.1677065169,1,2,19,49
99,19.101677114,-1,2,20,20
100,24.0813282856,1,2,20,50
101,18.8150717458,-1,2,21,21
102,16.499307227,1,2,21,51
103,22.020402487,-1,2,22,22
104,19.3751707571,1,2,22,52
105,16.2348970521,-1,2,23,23
106,19.8808465948,1,2,23,53
107,19.3768938441,-1,2,24,24
108,15.7578798942,1,2,24,54
109,24.7440765421,-1,2,25,25
110,29.4148561717,1,2,25,55
111,15.1670410557,-1,2,26,26
112,23.7591053839,1,2,26,56
113,20.8444563179,-1,2,27,27
114,18.4823320691,1,2,27,57
115,15.1825638948,-1,2,28,28
116,18.9744798998,1,2,28,58
117,20.9869262637,-1,2,29,29
118,17.7495191554,1,2,29,59
119,21.4181376386,-1,2,30,30
120,23.951414218,1,2,30,60
121,8.288080783,-1,3,1,1
122,13.1485570906,1,3,1,31
123,22.9643777098,-1,3,2,2
124,16.5522994905,1,3,2,32
125,11.7390958903,-1,3,3,3
126,16.4299583891,1,3,3,33
127,15.8597737502,-1,3,4,4
128,22.3389871107,1,3,4,34
129,11.4197976286,-1,3,5,5
130,19.2195691354,1,3,5,35
131,11.475362554,-1,3,6,6
132,16.0421777388,1,3,6,36
133,15.6621088398,-1,3,7,7
134,16.8727352602,1,3,7,37
135,16.8652906438,-1,3,8,8
136,21.620122739,1,3,8,38
137,18.5351705441,-1,3,9,9
138,16.573241638,1,3,9,39
139,13.9045865761,-1,3,10,10
140,21.1063586826,1,3,10,40
141,17.1420691567,-1,3,11,11
142,25.4333652732,1,3,11,41
143,13.8435746108,-1,3,12,12
144,9.8944336193,1,3,12,42
145,9.7713674499,-1,3,13,13
146,19.4503502487,1,3,13,43
147,18.9228055515,-1,3,14,14
148,21.84310506,1,3,14,44
149,12.1517080189,-1,3,15,15
150,20.2542066925,1,3,15,45
151,10.1227605236,-1,3,16,16
152,19.8828313061,1,3,16,46
153,19.929455974,-1,3,17,17
154,19.691778855,1,3,17,47
155,16.7160213745,-1,3,18,18
156,10.9565886172,1,3,18,48
157,11.6315025616,-1,3,19,19
158,18.6692800685,1,3,19,49
159,13.9221318937,-1,3,20,20
160,20.6576846729,1,3,20,50
161,18.1103483592,-1,3,21,21
162,17.8513418569,1,3,21,51
163,9.9820897509,-1,3,22,22
164,17.0374327062,1,3,22,52
165,11.4720194509,-1,3,23,23
166,14.4201877567,1,3,23,53
167,8.9491684358,-1,3,24,24
168,14.7913724962,1,3,24,54
169,20.1471846584,-1,3,25,25
170,20.0057761052,1,3,25,55
171,11.8396531592,-1,3,26,26
172,19.5957323458,1,3,26,56
173,12.4266975712,-1,3,27,27
174,19.0073968582,1,3,27,57
175,15.7689653023,-1,3,28,28
176,19.6118628497,1,3,28,58
177,13.733061368,-1,3,29,29
178,12.4452581673,1,3,29,59
179,17.1791929072,-1,3,30,30
180,17.4788674277,1,3,30,60
181,12.2295428106,-1,4,1,1
182,20.872749898,1,4,1,31
183,21.994290971,-1,4,2,2
184,24.6010810206,1,4,2,32
185,11.3639274585,-1,4,3,3
186,19.9509995374,1,4,3,33
187,16.2772195281,-1,4,4,4
188,31.7775777262,1,4,4,34
189,17.4139526827,-1,4,5,5
190,18.535510699,1,4,5,35
191,9.7893146073,-1,4,6,6
192,14.8063645502,1,4,6,36
193,19.9948197333,-1,4,7,7
194,24.1174682893,1,4,7,37
195,19.0607029351,-1,4,8,8
196,21.6781889727,1,4,8,38
197,14.3890928099,-1,4,9,9
198,24.164420884,1,4,9,39
199,16.7514145263,-1,4,10,10
200,24.0790162211,1,4,10,40
201,17.7166853974,-1,4,11,11
202,25.6912915809,1,4,11,41
203,17.7359615849,-1,4,12,12
204,24.8235292689,1,4,12,42
205,14.4307622682,-1,4,13,13
206,18.9197737286,1,4,13,43
207,18.4661894368,-1,4,14,14
208,24.5041396461,1,4,14,44
209,13.8969024391,-1,4,15,15
210,19.7953506425,1,4,15,45
211,15.9712564571,-1,4,16,16
212,24.0112387841,1,4,16,46
213,13.9660007938,-1,4,17,17
214,26.1758784798,1,4,17,47
215,23.573174512,-1,4,18,18
216,22.8802333522,1,4,18,48
217,19.6904164409,-1,4,19,19
218,19.8718477193,1,4,19,49
219,18.854910829,-1,4,20,20
220,24.7772008002,1,4,20,50
221,18.9912366779,-1,4,21,21
222,23.9663409554,1,4,21,51
223,23.4544703904,-1,4,22,22
224,22.747072869,1,4,22,52
225,9.7497415841,-1,4,23,23
226,21.6432929702,1,4,23,53
227,17.741731187,-1,4,24,24
228,23.8025670802,1,4,24,54
229,18.2082100415,-1,4,25,25
230,28.3609985769,1,4,25,55
231,16.2951748676,-1,4,26,26
232,19.0461350375,1,4,26,56
233,14.4082954933,-1,4,27,27
234,26.7284571816,1,4,27,57
235,19.2120337432,-1,4,28,28
236,26.6301979584,1,4,28,58
237,12.9110754555,-1,4,29,29
238,22.0262647573,1,4,29,59
239,13.4835875877,-1,4,30,30
240,24.7960760907,1,4,30,60
241,16.1302607846,-1,5,1,1
242,16.0528249835,1,5,1,31
243,21.7277277933,-1,5,2,2
244,19.3085479801,1,5,2,32
245,15.3722704402,-1,5,3,3
246,20.9952337881,1,5,3,33
247,19.7878838342,-1,5,4,4
248,22.1522973072,1,5,4,34
249,18.6605411159,-1,5,5,5
250,19.8397756717,1,5,5,35
251,18.3078089441,-1,5,6,6
252,16.6260457891,1,5,6,36
253,24.0836278171,-1,5,7,7
254,15.0936606361,1,5,7,37
255,17.5797564371,-1,5,8,8
256,21.1483659384,1,5,8,38
257,20.365115942,-1,5,9,9
258,20.258188967,1,5,9,39
259,18.3800340051,-1,5,10,10
260,16.2015423907,1,5,10,40
261,18.5262839815,-1,5,11,11
262,19.1024851436,1,5,11,41
263,24.7616430357,-1,5,12,12
264,25.3905617158,1,5,12,42
265,21.8084384096,-1,5,13,13
266,20.8705672024,1,5,13,43
267,23.5047950141,-1,5,14,14
268,22.4645368834,1,5,14,44
269,20.8346151228,-1,5,15,15
270,13.4272505701,1,5,15,45
271,14.6576692197,-1,5,16,16
272,22.0619602833,1,5,16,46
273,21.3125712071,-1,5,17,17
274,20.849423444,1,5,17,47
275,20.3294178924,-1,5,18,18
276,19.5081232963,1,5,18,48
277,15.684264144,-1,5,19,19
278,17.4942936804,1,5,19,49
279,18.1950260488,-1,5,20,20
280,23.8633421275,1,5,20,50
281,16.3264373109,-1,5,21,21
282,19.136385346,1,5,21,51
283,23.5429689396,-1,5,22,22
284,19.4390628188,1,5,22,52
285,26.0507053678,-1,5,23,23
286,17.435885368,1,5,23,53
287,15.5071604348,-1,5,24,24
288,18.8118099021,1,5,24,54
289,18.52756706,-1,5,25,25
290,25.0325074866,1,5,25,55
291,11.7598023125,-1,5,26,26
292,16.005453307,1,5,26,56
293,21.953896909,-1,5,27,27
294,16.1523276815,1,5,27,57
295,18.7914776673,-1,5,28,28
296,14.8004329006,1,5,28,58
297,20.0597767932,-1,5,29,29
298,18.1510124064,1,5,29,59
299,22.9240666805,-1,5,30,30
300,19.7585322488,1,5,30,60
301,8.7686570012,-1,6,1,1
302,22.5596654759,1,6,1,31
303,20.4531845828,-1,6,2,2
304,26.6921462225,1,6,2,32
305,18.4726800412,-1,6,3,3
306,27.1082586825,1,6,3,33
307,26.0751581764,-1,6,4,4
308,30.5140075564,1,6,4,34
309,22.5706465181,-1,6,5,5
310,23.0963780272,1,6,5,35
311,21.7578933364,-1,6,6,6
312,19.370289907,1,6,6,36
313,21.8733698083,-1,6,7,7
314,30.2530934769,1,6,7,37
315,18.8213768734,-1,6,8,8
316,28.6319852375,1,6,8,38
317,26.1791546185,-1,6,9,9
318,24.8583992556,1,6,9,39
319,25.8284873461,-1,6,10,10
320,25.9271360826,1,6,10,40
321,21.5807222648,-1,6,11,11
322,23.0125768958,1,6,11,41
323,21.3644761727,-1,6,12,12
324,23.2511175083,1,6,12,42
325,20.5555826784,-1,6,13,13
326,24.5304082216,1,6,13,43
327,21.5587973256,-1,6,14,14
328,30.909617522,1,6,14,44
329,22.2570639631,-1,6,15,15
330,24.0468863415,1,6,15,45
331,22.9078899513,-1,6,16,16
332,19.2903591623,1,6,16,46
333,23.3602268586,-1,6,17,17
334,25.082999123,1,6,17,47
335,21.8908294265,-1,6,18,18
336,23.1706616231,1,6,18,48
337,16.8116853042,-1,6,19,19
338,24.3876742351,1,6,19,49
339,22.4721253178,-1,6,20,20
340,19.6406924947,1,6,20,50
341,19.7601150958,-1,6,21,21
342,24.5692309335,1,6,21,51
343,25.2575994757,-1,6,22,22
344,24.3748436438,1,6,22,52
345,20.9210787551,-1,6,23,23
346,24.7185440328,1,6,23,53
347,25.7489377789,-1,6,24,24
348,27.547119409,1,6,24,54
349,26.9572792088,-1,6,25,25
350,31.8579738215,1,6,25,55
351,20.4820757436,-1,6,26,26
352,19.3090066378,1,6,26,56
353,22.4400703027,-1,6,27,27
354,23.7943058594,1,6,27,57
355,23.9479348003,-1,6,28,28
356,28.0406286952,1,6,28,58
357,21.166528349,-1,6,29,29
358,27.1255282531,1,6,29,59
359,19.0488520593,-1,6,30,30
360,21.1509583806,1,6,30,60
361,11.0206502029,-1,7,1,1
362,10.5998511044,1,7,1,31
363,11.4222440476,-1,7,2,2
364,14.25072533,1,7,2,32
365,11.9614274216,-1,7,3,3
366,10.9501524631,1,7,3,33
367,23.2376438111,-1,7,4,4
368,20.635464044,1,7,4,34
369,12.6515766035,-1,7,5,5
370,19.8357301046,1,7,5,35
371,10.5968855486,-1,7,6,6
372,6.8327648675,1,7,6,36
373,17.7075976782,-1,7,7,7
374,13.3614574419,1,7,7,37
375,14.3191099033,-1,7,8,8
376,15.5713929973,1,7,8,38
377,13.0206510823,-1,7,9,9
378,17.5565292321,1,7,9,39
379,12.9633992243,-1,7,10,10
380,10.7342381503,1,7,10,40
381,15.1605202052,-1,7,11,11
382,15.2125826116,1,7,11,41
383,12.3147418248,-1,7,12,12
384,12.4393403051,1,7,12,42
385,14.3236338025,-1,7,13,13
386,14.0307177274,1,7,13,43
387,14.7907374676,-1,7,14,14
388,17.2004053173,1,7,14,44
389,9.2077003682,-1,7,15,15
390,11.600822128,1,7,15,45
391,9.5950853171,-1,7,16,16
392,16.4640937922,1,7,16,46
393,12.6134849685,-1,7,17,17
394,12.3890823679,1,7,17,47
395,16.1106200682,-1,7,18,18
396,16.347431017,1,7,18,48
397,7.2939854858,-1,7,19,19
398,10.4332186925,1,7,19,49
399,16.6592759618,-1,7,20,20
400,8.6962899917,1,7,20,50
401,13.4301490493,-1,7,21,21
402,15.7874172642,1,7,21,51
403,13.6597104362,-1,7,22,22
404,9.4875970734,1,7,22,52
405,13.4680637275,-1,7,23,23
406,11.4131763312,1,7,23,53
407,12.6897619749,-1,7,24,24
408,13.2167754417,1,7,24,54
409,14.0265116034,-1,7,25,25
410,16.5908907437,1,7,25,55
411,10.7784501164,-1,7,26,26
412,8.6549314984,1,7,26,56
413,10.5839981866,-1,7,27,27
414,17.5761664589,1,7,27,57
415,13.3665542135,-1,7,28,28
416,13.5332869639,1,7,28,58
417,10.5958048987,-1,7,29,29
418,7.0518142533,1,7,29,59
419,12.3965119903,-1,7,30,30
420,18.4119055176,1,7,30,60
421,14.9697911495,-1,8,1,1
422,26.6846688617,1,8,1,31
423,18.9831632889,-1,8,2,2
424,26.2168942464,1,8,2,32
425,19.8481366639,-1,8,3,3
426,27.8395453873,1,8,3,33
427,24.1519085293,-1,8,4,4
428,23.7130432267,1,8,4,34
429,21.0984980511,-1,8,5,5
430,23.9066052325,1,8,5,35
431,15.7097393475,-1,8,6,6
432,28.5601269536,1,8,6,36
433,22.8039683387,-1,8,7,7
434,27.3942690481,1,8,7,37
435,16.5699842178,-1,8,8,8
436,25.8421171518,1,8,8,38
437,25.2716266815,-1,8,9,9
438,27.0081358322,1,8,9,39
439,23.6118905771,-1,8,10,10
440,28.2862791583,1,8,10,40
441,22.0383511527,-1,8,11,11
442,23.8837232082,1,8,11,41
443,23.6842036764,-1,8,12,12
444,26.7234430962,1,8,12,42
445,20.1035085431,-1,8,13,13
446,23.9337565024,1,8,13,43
447,21.086316335,-1,8,14,14
448,34.1316980879,1,8,14,44
449,17.3562839388,-1,8,15,15
450,27.5419051999,1,8,15,45
451,28.7286004476,-1,8,16,16
452,22.9817897548,1,8,16,46
453,27.6700377946,-1,8,17,17
454,23.9106664612,1,8,17,47
455,21.0203164607,-1,8,18,18
456,28.1415789019,1,8,18,48
457,23.8402628257,-1,8,19,19
458,29.1919860569,1,8,19,49
459,22.2755614024,-1,8,20,20
460,22.0381679907,1,8,20,50
461,22.3802169207,-1,8,21,21
462,31.0241258619,1,8,21,51
463,20.8620706098,-1,8,22,22
464,22.8721878975,1,8,22,52
465,25.1925872919,-1,8,23,23
466,27.3486822131,1,8,23,53
467,20.165413278,-1,8,24,24
468,20.9789226424,1,8,24,54
469,23.2195807159,-1,8,25,25
470,31.3545331273,1,8,25,55
471,16.1433874704,-1,8,26,26
472,22.5403596145,1,8,26,56
473,19.7606694602,-1,8,27,27
474,28.1767243163,1,8,27,57
475,15.9779287351,-1,8,28,28
476,28.3894874634,1,8,28,58
477,15.5753434934,-1,8,29,29
478,31.7127586472,1,8,29,59
479,25.6774203476,-1,8,30,30
480,21.6366888027,1,8,30,60
481,14.2180980911,-1,9,1,1
482,15.3278303148,1,9,1,31
483,24.6168661646,-1,9,2,2
484,24.3341407288,1,9,2,32
485,21.2859449681,-1,9,3,3
486,18.0725166184,1,9,3,33
487,24.358639474,-1,9,4,4
488,21.2957479472,1,9,4,34
489,24.364581102,-1,9,5,5
490,20.9844194853,1,9,5,35
491,24.2349815348,-1,9,6,6
492,13.8260769873,1,9,6,36
493,21.3219573773,-1,9,7,7
494,22.9642899772,1,9,7,37
495,23.3728931881,-1,9,8,8
496,18.9843961029,1,9,8,38
497,29.5695978627,-1,9,9,9
498,21.350024682,1,9,9,39
499,21.4949188978,-1,9,10,10
500,24.9938341006,1,9,10,40
501,24.9799100149,-1,9,11,11
502,25.8007662708,1,9,11,41
503,22.6269534569,-1,9,12,12
504,17.0804926971,1,9,12,42
505,24.8418897682,-1,9,13,13
506,23.5030258382,1,9,13,43
507,25.032074778,-1,9,14,14
508,29.5828137679,1,9,14,44
509,22.2695921638,-1,9,15,15
510,19.9506589712,1,9,15,45
511,16.5834562891,-1,9,16,16
512,20.0750499136,1,9,16,46
513,15.3227660577,-1,9,17,17
514,23.3870346045,1,9,17,47
515,18.271839832,-1,9,18,18
516,15.2437395816,1,9,18,48
517,21.8791885858,-1,9,19,19
518,18.6535095753,1,9,19,49
519,19.2590493225,-1,9,20,20
520,27.828377147,1,9,20,50
521,20.1426656875,-1,9,21,21
522,21.3402293919,1,9,21,51
523,21.7587792088,-1,9,22,22
524,21.984813794,1,9,22,52
525,19.8745339402,-1,9,23,23
526,20.1561719071,1,9,23,53
527,20.215614789,-1,9,24,24
528,14.7127741221,1,9,24,54
529,27.5590299463,-1,9,25,25
530,23.3226767988,1,9,25,55
531,19.15668914,-1,9,26,26
532,14.609853561,1,9,26,56
533,28.0227124704,-1,9,27,27
534,24.603373117,1,9,27,57
535,20.9967821025,-1,9,28,28
536,16.9702721937,1,9,28,58
537,17.9865359343,-1,9,29,29
538,20.5898201921,1,9,29,59
539,22.2357565535,-1,9,30,30
540,20.7237474529,1,9,30,60
541,11.2880521674,-1,10,1,1
542,15.2660802995,1,10,1,31
543,25.398177757,-1,10,2,2
544,19.9963048726,1,10,2,32
545,22.8573245753,-1,10,3,3
546,21.16032429,1,10,3,33
547,25.4339968051,-1,10,4,4
548,19.5269567499,1,10,4,34
549,23.9436641205,-1,10,5,5
550,18.3044037973,1,10,5,35
551,16.2423984847,-1,10,6,6
552,7.5630473662,1,10,6,36
553,21.7352856834,-1,10,7,7
554,29.8406393972,1,10,7,37
555,22.936925276,-1,10,8,8
556,15.7599849879,1,10,8,38
557,23.6549905544,-1,10,9,9
558,20.0864459878,1,10,9,39
559,19.0456457203,-1,10,10,10
560,18.2513767546,1,10,10,40
561,28.2146630176,-1,10,11,11
562,23.1851004604,1,10,11,41
563,20.0351614942,-1,10,12,12
564,16.9379107771,1,10,12,42
565,21.3988220312,-1,10,13,13
566,17.0963961566,1,10,13,43
567,22.1197242497,-1,10,14,14
568,19.7461931725,1,10,14,44
569,19.5868228625,-1,10,15,15
570,18.2409093266,1,10,15,45
571,16.6670915619,-1,10,16,16
572,19.1615308032,1,10,16,46
573,14.0002376363,-1,10,17,17
574,16.7902653115,1,10,17,47
575,23.9477566072,-1,10,18,18
576,19.2232597402,1,10,18,48
577,21.4168206787,-1,10,19,19
578,19.0984461772,1,10,19,49
579,13.0947589877,-1,10,20,20
580,27.1043869462,1,10,20,50
581,20.239849468,-1,10,21,21
582,19.0883091617,1,10,21,51
583,18.4945351437,-1,10,22,22
584,20.1574654431,1,10,22,52
585,21.8289863176,-1,10,23,23
586,19.5664302979,1,10,23,53
587,20.1329110253,-1,10,24,24
588,20.0955474683,1,10,24,54
589,25.4420096703,-1,10,25,25
590,23.5862946844,1,10,25,55
591,15.5245540712,-1,10,26,26
592,15.2843724678,1,10,26,56
593,20.0125074369,-1,10,27,27
594,19.1719668962,1,10,27,57
595,18.2651273652,-1,10,28,28
596,18.1459197365,1,10,28,58
597,22.7259486162,-1,10,29,29
598,22.0078351929,1,10,29,59
599,23.8539517851,-1,10,30,30
600,18.1701163424,1,10,30,60
601,15.9066810568,-1,11,1,1
602,21.1159769023,1,11,1,31
603,26.1033081831,-1,11,2,2
604,23.8977416756,1,11,2,32
605,23.2523334854,-1,11,3,3
606,21.5213307666,1,11,3,33
607,23.4064088556,-1,11,4,4
608,29.7105531411,1,11,4,34
609,26.3737655154,-1,11,5,5
610,22.6344171965,1,11,5,35
611,20.9030309497,-1,11,6,6
612,19.9387989737,1,11,6,36
613,23.7055807764,-1,11,7,7
614,24.1717235935,1,11,7,37
615,24.2564563906,-1,11,8,8
616,27.3177885571,1,11,8,38
617,20.9085376038,-1,11,9,9
618,27.0231746057,1,11,9,39
619,26.2100284895,-1,11,10,10
620,19.4943416567,1,11,10,40
621,24.4988153211,-1,11,11,11
622,21.7698359265,1,11,11,41
623,18.7689116005,-1,11,12,12
624,27.5872815016,1,11,12,42
625,24.6289624471,-1,11,13,13
626,23.6126067809,1,11,13,43
627,23.8787778444,-1,11,14,14
628,22.9875080834,1,11,14,44
629,22.5314260152,-1,11,15,15
630,22.6829977601,1,11,15,45
631,24.9262269842,-1,11,16,16
632,26.6462790422,1,11,16,46
633,25.2241064951,-1,11,17,17
634,23.5896728843,1,11,17,47
635,26.4509400722,-1,11,18,18
636,21.9221689855,1,11,18,48
637,21.2955774973,-1,11,19,19
638,22.9031290476,1,11,19,49
639,28.2987607558,-1,11,20,20
640,23.1683565758,1,11,20,50
641,25.5069225816,-1,11,21,21
642,27.8660659235,1,11,21,51
643,26.2906173005,-1,11,22,22
644,25.0102447185,1,11,22,52
645,26.4782730224,-1,11,23,23
646,22.2191402845,1,11,23,53
647,25.3985193682,-1,11,24,24
648,21.0062645187,1,11,24,54
649,28.8624842988,-1,11,25,25
650,27.9177625142,1,11,25,55
651,26.2153991608,-1,11,26,26
652,19.2294142167,1,11,26,56
653,26.9048074539,-1,11,27,27
654,27.1260930603,1,11,27,57
655,25.8817909226,-1,11,28,28
656,24.2390488206,1,11,28,58
657,23.5360154959,-1,11,29,29
658,28.3233062363,1,11,29,59
659,21.414715966,-1,11,30,30
660,26.6199872292,1,11,30,60
661,15.6399726909,-1,12,1,1
662,13.2824426153,1,12,1,31
663,22.3264557938,-1,12,2,2
664,21.4899676437,1,12,2,32
665,10.1068726784,-1,12,3,3
666,16.1031330143,1,12,3,33
667,21.2461888495,-1,12,4,4
668,28.2628484852,1,12,4,34
669,19.6576945903,-1,12,5,5
670,16.4424568753,1,12,5,35
671,17.1465067983,-1,12,6,6
672,22.1877630447,1,12,6,36
673,19.961733695,-1,12,7,7
674,23.1152765446,1,12,7,37
675,21.7143208142,-1,12,8,8
676,23.2758564608,1,12,8,38
677,17.3732269144,-1,12,9,9
678,22.8349835084,1,12,9,39
679,22.8393998576,-1,12,10,10
680,13.8666471306,1,12,10,40
681,19.7083470171,-1,12,11,11
682,23.27947022,1,12,11,41
683,18.5051343057,-1,12,12,12
684,17.9983556843,1,12,12,42
685,19.9595299519,-1,12,13,13
686,19.5711271043,1,12,13,43
687,20.3720058461,-1,12,14,14
688,21.3903349932,1,12,14,44
689,12.2348035052,-1,12,15,15
690,18.2178264062,1,12,15,45
691,20.212533021,-1,12,16,16
692,20.4998378698,1,12,16,46
693,17.4677663224,-1,12,17,17
694,20.4789065183,1,12,17,47
695,19.9852028872,-1,12,18,18
696,15.7789465294,1,12,18,48
697,21.7323547278,-1,12,19,19
698,17.3827466345,1,12,19,49
699,18.8980107257,-1,12,20,20
700,15.4100634272,1,12,20,50
701,20.0187166616,-1,12,21,21
702,16.2263625953,1,12,21,51
703,17.364011451,-1,12,22,22
704,19.7370008111,1,12,22,52
705,21.600372841,-1,12,23,23
706,20.1125180713,1,12,23,53
707,12.4719395201,-1,12,24,24
708,21.9912550686,1,12,24,54
709,20.8746701943,-1,12,25,25
710,21.4448674557,1,12,25,55
711,17.1396115584,-1,12,26,26
712,10.6707275947,1,12,26,56
713,19.7981924142,-1,12,27,27
714,19.7506215413,1,12,27,57
715,19.6397559502,-1,12,28,28
716,21.6189536577,1,12,28,58
717,17.1366951917,-1,12,29,29
718,11.5336636714,1,12,29,59
719,20.7910877063,-1,12,30,30
720,16.0544429302,1,12,30,60
721,13.6921905721,-1,13,1,1
722,22.8042281173,1,13,1,31
723,23.0935560209,-1,13,2,2
724,17.2139967374,1,13,2,32
725,13.5449798518,-1,13,3,3
726,12.939648172,1,13,3,33
727,19.3790194333,-1,13,4,4
728,19.2911984094,1,13,4,34
729,16.8641819403,-1,13,5,5
730,21.1747776516,1,13,5,35
731,13.3310803823,-1,13,6,6
732,16.1145900027,1,13,6,36
733,18.0542831801,-1,13,7,7
734,16.124186982,1,13,7,37
735,11.2337151359,-1,13,8,8
736,20.2075312182,1,13,8,38
737,17.6410841338,-1,13,9,9
738,22.2767541931,1,13,9,39
739,18.8066949463,-1,13,10,10
740,17.0068799,1,13,10,40
741,11.443924684,-1,13,11,11
742,20.1527458247,1,13,11,41
743,16.3162473881,-1,13,12,12
744,22.1734108237,1,13,12,42
745,11.3643129713,-1,13,13,13
746,15.6302955204,1,13,13,43
747,15.2844446747,-1,13,14,14
748,20.824837289,1,13,14,44
749,16.6591671544,-1,13,15,15
750,19.1561623423,1,13,15,45
751,16.4374129288,-1,13,16,16
752,21.4877451879,1,13,16,46
753,13.9878559055,-1,13,17,17
754,17.6702780216,1,13,17,47
755,16.257528375,-1,13,18,18
756,22.7149943684,1,13,18,48
757,8.7272395011,-1,13,19,19
758,22.1750299744,1,13,19,49
759,17.2970982751,-1,13,20,20
760,25.3483551123,1,13,20,50
761,18.61719368,-1,13,21,21
762,21.1607721016,1,13,21,51
763,16.7592560287,-1,13,22,22
764,17.7603117981,1,13,22,52
765,15.391621826,-1,13,23,23
766,21.3619370799,1,13,23,53
767,12.0149051266,-1,13,24,24
768,22.4248631847,1,13,24,54
769,20.0815499363,-1,13,25,25
770,24.9653860794,1,13,25,55
771,12.5299085955,-1,13,26,26
772,19.6571955041,1,13,26,56
773,12.4095794645,-1,13,27,27
774,23.668250766,1,13,27,57
775,9.4372868103,-1,13,28,28
776,20.155585613,1,13,28,58
777,17.1890334891,-1,13,29,29
778,16.2569139328,1,13,29,59
779,14.626333416,-1,13,30,30
780,20.8512229687,1,13,30,60
781,18.7070237591,-1,14,1,1
782,9.2693517478,1,14,1,31
783,25.1658700084,-1,14,2,2
784,18.2260710041,1,14,2,32
785,15.0646510775,-1,14,3,3
786,12.121834877,1,14,3,33
787,22.9038613901,-1,14,4,4
788,19.5216248815,1,14,4,34
789,16.807121548,-1,14,5,5
790,14.0061696676,1,14,5,35
791,22.8029119483,-1,14,6,6
792,11.1631043019,1,14,6,36
793,23.9930186374,-1,14,7,7
794,18.2538055452,1,14,7,37
795,20.2781610582,-1,14,8,8
796,18.7583265644,1,14,8,38
797,21.189132468,-1,14,9,9
798,23.1606238834,1,14,9,39
799,21.2344411635,-1,14,10,10
800,16.0595558322,1,14,10,40
801,25.9338406385,-1,14,11,11
802,16.3283822803,1,14,11,41
803,23.7882654813,-1,14,12,12
804,18.2133362228,1,14,12,42
805,22.591237405,-1,14,13,13
806,22.2033779434,1,14,13,43
807,24.4934247079,-1,14,14,14
808,21.8305436493,1,14,14,44
809,18.0749635867,-1,14,15,15
810,16.890065508,1,14,15,45
811,17.248166417,-1,14,16,16
812,15.9467870815,1,14,16,46
813,17.9253593954,-1,14,17,17
814,9.2125676149,1,14,17,47
815,18.8933103518,-1,14,18,18
816,16.6156371032,1,14,18,48
817,20.7598387198,-1,14,19,19
818,18.6360158553,1,14,19,49
819,23.4269923624,-1,14,20,20
820,17.8257334104,1,14,20,50
821,19.0866398511,-1,14,21,21
822,23.559648657,1,14,21,51
823,15.7735170332,-1,14,22,22
824,17.9564240488,1,14,22,52
825,24.3743408357,-1,14,23,23
826,20.5866455538,1,14,23,53
827,23.4061672426,-1,14,24,24
828,16.7042877907,1,14,24,54
829,24.3036178939,-1,14,25,25
830,15.622549525,1,14,25,55
831,12.3700390466,-1,14,26,26
832,17.1744590464,1,14,26,56
833,22.8400320577,-1,14,27,27
834,18.3540940316,1,14,27,57
835,23.2399306848,-1,14,28,28
836,21.5980637255,1,14,28,58
837,18.6456962576,-1,14,29,29
838,14.8545873134,1,14,29,59
839,22.3141971666,-1,14,30,30
840,19.0730268426,1,14,30,60
841,10.3577447669,-1,15,1,1
842,16.7675131181,1,15,1,31
843,22.8916403352,-1,15,2,2
844,22.5495041202,1,15,2,32
845,15.2766302698,-1,15,3,3
846,16.9174506413,1,15,3,33
847,18.6641955639,-1,15,4,4
848,27.1178746374,1,15,4,34
849,16.2414962947,-1,15,5,5
850,21.6607956681,1,15,5,35
851,14.563525342,-1,15,6,6
852,17.9221346272,1,15,6,36
853,21.5161584142,-1,15,7,7
854,26.1251041832,1,15,7,37
855,27.4326937067,-1,15,8,8
856,24.1003333297,1,15,8,38
857,19.1741744111,-1,15,9,9
858,22.4858375467,1,15,9,39
859,15.0905047076,-1,15,10,10
860,20.3876478261,1,15,10,40
861,15.2277591797,-1,15,11,11
862,28.3422261471,1,15,11,41
863,14.8797541673,-1,15,12,12
864,14.9330273854,1,15,12,42
865,16.6702847901,-1,15,13,13
866,21.2046206209,1,15,13,43
867,21.8085297273,-1,15,14,14
868,25.6553246362,1,15,14,44
869,10.082450262,-1,15,15,15
870,15.4515523337,1,15,15,45
871,19.3827230032,-1,15,16,16
872,26.5833360849,1,15,16,46
873,19.482803632,-1,15,17,17
874,22.0247749137,1,15,17,47
875,18.9814986959,-1,15,18,18
876,17.5015535525,1,15,18,48
877,10.2791361169,-1,15,19,19
878,23.4738683705,1,15,19,49
879,17.0122397129,-1,15,20,20
880,25.3814816594,1,15,20,50
881,21.0337517059,-1,15,21,21
882,21.1013991673,1,15,21,51
883,16.5843090028,-1,15,22,22
884,25.9914257297,1,15,22,52
885,20.2920537849,-1,15,23,23
886,23.5547723416,1,15,23,53
887,14.6663422806,-1,15,24,24
888,26.4730586748,1,15,24,54
889,24.5980919749,-1,15,25,25
890,26.575891347,1,15,25,55
891,16.2700336132,-1,15,26,26
892,19.0000573113,1,15,26,56
893,16.5032149099,-1,15,27,27
894,22.6986360883,1,15,27,57
895,23.3068289526,-1,15,28,28
896,23.4009184508,1,15,28,58
897,18.5306842107,-1,15,29,29
898,19.6736056483,1,15,29,59
899,18.5252613412,-1,15,30,30
900,27.4110331972,1,15,30,60
901,12.2837304912,-1,16,1,1
902,16.3177616204,1,16,1,31
903,22.472584344,-1,16,2,2
904,22.3332251492,1,16,2,32
905,11.058838352,-1,16,3,3
906,17.0290829823,1,16,3,33
907,26.6393420981,-1,16,4,4
908,18.7641744537,1,16,4,34
909,21.2467583463,-1,16,5,5
910,21.1288307284,1,16,5,35
911,13.5268199242,-1,16,6,6
912,24.1487001909,1,16,6,36
913,14.6826791661,-1,16,7,7
914,22.2110906309,1,16,7,37
915,17.5391371001,-1,16,8,8
916,14.0676685067,1,16,8,38
917,22.1118334477,-1,16,9,9
918,22.2398147733,1,16,9,39
919,20.5448213295,-1,16,10,10
920,18.5432528083,1,16,10,40
921,20.2064937993,-1,16,11,11
922,18.1580623351,1,16,11,41
923,13.7614831627,-1,16,12,12
924,19.1626547324,1,16,12,42
925,12.564952392,-1,16,13,13
926,19.5457171431,1,16,13,43
927,19.3361322026,-1,16,14,14
928,20.0635277747,1,16,14,44
929,14.8407971847,-1,16,15,15
930,15.0544991043,1,16,15,45
931,23.6655840911,-1,16,16,16
932,20.4634556792,1,16,16,46
933,20.781610377,-1,16,17,17
934,19.9671706851,1,16,17,47
935,16.8332489209,-1,16,18,18
936,20.3647252672,1,16,18,48
937,24.6956971537,-1,16,19,19
938,20.9781487356,1,16,19,49
939,19.167530116,-1,16,20,20
940,18.1526447822,1,16,20,50
941,20.5504995314,-1,16,21,21
942,23.0957731355,1,16,21,51
943,19.7732467984,-1,16,22,22
944,15.7470532074,1,16,22,52
945,17.8731335326,-1,16,23,23
946,20.5350701517,1,16,23,53
947,14.1936820215,-1,16,24,24
948,14.8550538367,1,16,24,54
949,21.9591795139,-1,16,25,25
950,18.7216085172,1,16,25,55
951,16.6565720662,-1,16,26,26
952,19.4237887582,1,16,26,56
953,20.6649728272,-1,16,27,27
954,22.8317930278,1,16,27,57
955,13.8920445708,-1,16,28,28
956,17.0234451145,1,16,28,58
957,15.5095927568,-1,16,29,29
958,15.2522604119,1,16,29,59
959,19.7269046435,-1,16,30,30
960,17.3861325198,1,16,30,60
961,14.0883877069,-1,17,1,1
962,12.179264782,1,17,1,31
963,21.7866025538,-1,17,2,2
964,23.8054892788,1,17,2,32
965,15.5881781921,-1,17,3,3
966,14.2106199716,1,17,3,33
967,24.1377536133,-1,17,4,4
968,19.7516882821,1,17,4,34
969,13.4618900046,-1,17,5,5
970,23.5890878828,1,17,5,35
971,18.1915231475,-1,17,6,6
972,14.4131127308,1,17,6,36
973,20.289351895,-1,17,7,7
974,23.7417274268,1,17,7,37
975,13.4940134908,-1,17,8,8
976,22.5012041997,1,17,8,38
977,19.8676202981,-1,17,9,9
978,20.8496208059,1,17,9,39
979,18.3284183924,-1,17,10,10
980,20.5016272634,1,17,10,40
981,22.7858506143,-1,17,11,11
982,18.491441331,1,17,11,41
983,18.2453963693,-1,17,12,12
984,18.4835252134,1,17,12,42
985,14.0164405222,-1,17,13,13
986,18.3321852515,1,17,13,43
987,21.9137801381,-1,17,14,14
988,19.6224886069,1,17,14,44
989,17.8543227052,-1,17,15,15
990,13.4460365085,1,17,15,45
991,14.414903002,-1,17,16,16
992,14.2189099958,1,17,16,46
993,20.6618531721,-1,17,17,17
994,24.0358318677,1,17,17,47
995,13.4142608726,-1,17,18,18
996,18.9442157255,1,17,18,48
997,19.658793461,-1,17,19,19
998,20.1303883497,1,17,19,49
999,21.558274146,-1,17,20,20
1000,22.2690901125,1,17,20,50
1001,23.1183258582,-1,17,21,21
1002,20.132043059,1,17,21,51
1003,20.8188259062,-1,17,22,22
1004,13.9945784588,1,17,22,52
1005,20.4220677032,-1,17,23,23
1006,16.4551008954,1,17,23,53
1007,15.4573341179,-1,17,24,24
1008,18.7986931926,1,17,24,54
1009,22.0590495312,-1,17,25,25
1010,21.0004445919,1,17,25,55
1011,13.2859730893,-1,17,26,26
1012,12.0282799086,1,17,26,56
1013,17.7740912671,-1,17,27,27
1014,21.2271514659,1,17,27,57
1015,18.7634275996,-1,17,28,28
1016,17.6205861779,1,17,28,58
1017,17.2127879445,-1,17,29,29
1018,23.087997052,1,17,29,59
1019,24.6601873721,-1,17,30,30
1020,19.374701662,1,17,30,60
1021,7.1233490398,-1,18,1,1
1022,13.1908704756,1,18,1,31
1023,14.0046943811,-1,18,2,2
1024,16.9584765554,1,18,2,32
1025,10.5788847992,-1,18,3,3
1026,12.1011948381,1,18,3,33
1027,24.9293392649,-1,18,4,4
1028,21.9900023105,1,18,4,34
1029,14.1632822499,-1,18,5,5
1030,14.2887212361,1,18,5,35
1031,13.1747668057,-1,18,6,6
1032,11.8329990508,1,18,6,36
1033,23.0368211069,-1,18,7,7
1034,15.6190847919,1,18,7,37
1035,16.9041446119,-1,18,8,8
1036,14.4736532542,1,18,8,38
1037,14.507591711,-1,18,9,9
1038,16.2542362833,1,18,9,39
1039,17.6182071158,-1,18,10,10
1040,14.4384433483,1,18,10,40
1041,21.6249968757,-1,18,11,11
1042,16.5410641741,1,18,11,41
1043,14.8009143282,-1,18,12,12
1044,20.4070712735,1,18,12,42
1045,11.8212188852,-1,18,13,13
1046,16.356991104,1,18,13,43
1047,18.9115924466,-1,18,14,14
1048,18.5239875973,1,18,14,44
1049,15.5259687581,-1,18,15,15
1050,7.5757922671,1,18,15,45
1051,17.836708692,-1,18,16,16
1052,19.2968517413,1,18,16,46
1053,17.486253965,-1,18,17,17
1054,16.2056416233,1,18,17,47
1055,16.216065176,-1,18,18,18
1056,20.1803518443,1,18,18,48
1057,16.299590028,-1,18,19,19
1058,16.8303010847,1,18,19,49
1059,15.2519382803,-1,18,20,20
1060,16.0912823465,1,18,20,50
1061,15.5552804542,-1,18,21,21
1062,16.233957713,1,18,21,51
1063,16.3279159569,-1,18,22,22
1064,19.9995258446,1,18,22,52
1065,21.3585662102,-1,18,23,23
1066,11.1826729473,1,18,23,53
1067,10.5631798168,-1,18,24,24
1068,15.1225469523,1,18,24,54
1069,20.6487580472,-1,18,25,25
1070,20.0622394486,1,18,25,55
1071,9.9861669809,-1,18,26,26
1072,15.3410993799,1,18,26,56
1073,21.0717233247,-1,18,27,27
1074,17.1322324624,1,18,27,57
1075,13.5141002975,-1,18,28,28
1076,16.4181209986,1,18,28,58
1077,16.4266966581,-1,18,29,29
1078,6.7706066441,1,18,29,59
1079,14.915750619,-1,18,30,30
1080,13.1679343224,1,18,30,60
1081,13.3200915522,-1,19,1,1
1082,18.257664819,1,19,1,31
1083,22.7126447144,-1,19,2,2
1084,22.0035958009,1,19,2,32
1085,20.5410587174,-1,19,3,3
1086,20.2702397639,1,19,3,33
1087,22.8894096956,-1,19,4,4
1088,22.8253130317,1,19,4,34
1089,22.9135370357,-1,19,5,5
1090,23.6392023738,1,19,5,35
1091,21.8123904934,-1,19,6,6
1092,19.0145746421,1,19,6,36
1093,22.1787299262,-1,19,7,7
1094,25.0803476378,1,19,7,37
1095,20.7853326786,-1,19,8,8
1096,21.2037338954,1,19,8,38
1097,27.8975393462,-1,19,9,9
1098,22.2596746088,1,19,9,39
1099,20.8997470494,-1,19,10,10
1100,26.4633910206,1,19,10,40
1101,21.2632683612,-1,19,11,11
1102,23.8312422221,1,19,11,41
1103,18.8869395099,-1,19,12,12
1104,21.785378097,1,19,12,42
1105,21.8562438383,-1,19,13,13
1106,18.3709375559,1,19,13,43
1107,19.2519264377,-1,19,14,14
1108,28.0395389528,1,19,14,44
1109,12.9692779037,-1,19,15,15
1110,19.2279427747,1,19,15,45
1111,18.213630222,-1,19,16,16
1112,25.3622375497,1,19,16,46
1113,28.0771098305,-1,19,17,17
1114,19.6519806211,1,19,17,47
1115,24.2403598412,-1,19,18,18
1116,21.3311972536,1,19,18,48
1117,23.0676041061,-1,19,19,19
1118,19.5226095072,1,19,19,49
1119,20.1450603008,-1,19,20,20
1120,25.4582465375,1,19,20,50
1121,21.8268018822,-1,19,21,21
1122,26.4675706202,1,19,21,51
1123,21.7447532743,-1,19,22,22
1124,21.5796807226,1,19,22,52
1125,22.8000893512,-1,19,23,23
1126,19.7993155667,1,19,23,53
1127,21.2364533853,-1,19,24,24
1128,24.2207841236,1,19,24,54
1129,27.625278694,-1,19,25,25
1130,25.929747058,1,19,25,55
1131,14.1444832843,-1,19,26,26
1132,20.6013001509,1,19,26,56
1133,22.2084486065,-1,19,27,27
1134,21.6259758427,1,19,27,57
1135,21.1835854964,-1,19,28,28
1136,25.3246836,1,19,28,58
1137,20.8560399514,-1,19,29,29
1138,19.3565833106,1,19,29,59
1139,14.2940468082,-1,19,30,30
1140,25.0078109447,1,19,30,60
1141,22.7326586004,-1,20,1,1
1142,20.6331076136,1,20,1,31
1143,26.4956215495,-1,20,2,2
1144,27.4493055308,1,20,2,32
1145,22.0751016126,-1,20,3,3
1146,19.8280624852,1,20,3,33
1147,32.5044715498,-1,20,4,4
1148,25.0576775353,1,20,4,34
1149,25.6548156867,-1,20,5,5
1150,22.9091127323,1,20,5,35
1151,18.8769897335,-1,20,6,6
1152,26.099372991,1,20,6,36
1153,24.9240558389,-1,20,7,7
1154,22.9550701218,1,20,7,37
1155,17.2261217089,-1,20,8,8
1156,25.5701810161,1,20,8,38
1157,25.1768314461,-1,20,9,9
1158,22.4686206147,1,20,9,39
1159,24.5886634287,-1,20,10,10
1160,25.047558134,1,20,10,40
1161,27.6451098367,-1,20,11,11
1162,19.6481722436,1,20,11,41
1163,25.0658585467,-1,20,12,12
1164,25.4206944388,1,20,12,42
1165,21.6154044795,-1,20,13,13
1166,21.2300322788,1,20,13,43
1167,18.3916076273,-1,20,14,14
1168,30.2216787458,1,20,14,44
1169,17.7561013584,-1,20,15,15
1170,23.4021263319,1,20,15,45
1171,26.1337530647,-1,20,16,16
1172,24.2789525972,1,20,16,46
1173,22.2946300862,-1,20,17,17
1174,24.3567266742,1,20,17,47
1175,24.5243601592,-1,20,18,18
1176,23.3357364977,1,20,18,48
1177,22.4145814048,-1,20,19,19
1178,18.6459594648,1,20,19,49
1179,23.8035344586,-1,20,20,20
1180,24.4665614504,1,20,20,50
1181,19.0269925101,-1,20,21,21
1182,20.3547886267,1,20,21,51
1183,22.2644466582,-1,20,22,22
1184,24.2866792153,1,20,22,52
1185,23.3651691538,-1,20,23,23
1186,21.4469562126,1,20,23,53
1187,23.5561514565,-1,20,24,24
1188,20.028886587,1,20,24,54
1189,27.8359949121,-1,20,25,25
1190,28.7104705418,1,20,25,55
1191,16.7866067575,-1,20,26,26
1192,24.3292484941,1,20,26,56
1193,28.7773241221,-1,20,27,27
1194,22.4916200523,1,20,27,57
1195,23.558996861,-1,20,28,28
1196,22.4102622154,1,20,28,58
1197,19.4245235016,-1,20,29,29
1198,20.5243204588,1,20,29,59
1199,25.5629350525,-1,20,30,30
1200,31.6544685599,1,20,30,60
1201,9.2209914069,-1,21,1,1
1202,17.8299689227,1,21,1,31
1203,18.1286601926,-1,21,2,2
1204,23.9969082742,1,21,2,32
1205,14.5067597411,-1,21,3,3
1206,19.2760096457,1,21,3,33
1207,26.1470842112,-1,21,4,4
1208,26.6470177925,1,21,4,34
1209,12.9619729944,-1,21,5,5
1210,23.9106420354,1,21,5,35
1211,14.8425812802,-1,21,6,6
1212,19.6661289604,1,21,6,36
1213,15.7759582067,-1,21,7,7
1214,22.5390356652,1,21,7,37
1215,13.2035394095,-1,21,8,8
1216,17.6803819963,1,21,8,38
1217,19.90732252,-1,21,9,9
1218,26.1867797094,1,21,9,39
1219,17.4237165621,-1,21,10,10
1220,20.8094931019,1,21,10,40
1221,19.0812831214,-1,21,11,11
1222,22.9749461597,1,21,11,41
1223,16.9467823658,-1,21,12,12
1224,20.4370173005,1,21,12,42
1225,13.2531937171,-1,21,13,13
1226,19.0201426703,1,21,13,43
1227,16.6683282196,-1,21,14,14
1228,17.6235852083,1,21,14,44
1229,13.9696976062,-1,21,15,15
1230,22.6550160335,1,21,15,45
1231,18.134031682,-1,21,16,16
1232,21.131656489,1,21,16,46
1233,15.2543681486,-1,21,17,17
1234,16.1626987385,1,21,17,47
1235,18.2246168128,-1,21,18,18
1236,23.0630297108,1,21,18,48
1237,12.1085449579,-1,21,19,19
1238,23.2186090757,1,21,19,49
1239,17.1677231465,-1,21,20,20
1240,22.2402046673,1,21,20,50
1241,12.8252041725,-1,21,21,21
1242,21.6861678693,1,21,21,51
1243,16.839069042,-1,21,22,22
1244,21.5167046554,1,21,22,52
1245,21.1613345321,-1,21,23,23
1246,22.1101819235,1,21,23,53
1247,14.4496529192,-1,21,24,24
1248,18.5837871624,1,21,24,54
1249,23.587795931,-1,21,25,25
1250,25.8350783108,1,21,25,55
1251,11.5698203381,-1,21,26,26
1252,18.7490361585,1,21,26,56
1253,15.2313600894,-1,21,27,27
1254,20.6309811822,1,21,27,57
1255,12.694220976,-1,21,28,28
1256,17.1306662365,1,21,28,58
1257,13.3738082897,-1,21,29,29
1258,15.1093937199,1,21,29,59
1259,17.2478549366,-1,21,30,30
1260,25.6032999925,1,21,30,60
1261,18.1760008656,-1,22,1,1
1262,16.3868811903,1,22,1,31
1263,23.5888116397,-1,22,2,2
1264,27.3783872714,1,22,2,32
1265,19.1425598529,-1,22,3,3
1266,18.155357731,1,22,3,33
1267,20.3999291102,-1,22,4,4
1268,30.1891978948,1,22,4,34
1269,16.113411685,-1,22,5,5
1270,20.8480176569,1,22,5,35
1271,19.0039077737,-1,22,6,6
1272,17.745528816,1,22,6,36
1273,24.5770271397,-1,22,7,7
1274,21.5458366919,1,22,7,37
1275,23.8731967552,-1,22,8,8
1276,28.4341318878,1,22,8,38
1277,17.0609743464,-1,22,9,9
1278,21.0167884237,1,22,9,39
1279,19.5662521015,-1,22,10,10
1280,29.1001526987,1,22,10,40
1281,23.3025967645,-1,22,11,11
1282,22.5395511208,1,22,11,41
1283,22.6191087565,-1,22,12,12
1284,20.3464913365,1,22,12,42
1285,16.3979328382,-1,22,13,13
1286,16.893948255,1,22,13,43
1287,20.0404001781,-1,22,14,14
1288,20.9399473252,1,22,14,44
1289,11.6777034283,-1,22,15,15
1290,20.2073815849,1,22,15,45
1291,17.6995573935,-1,22,16,16
1292,21.5197561592,1,22,16,46
1293,21.8169054658,-1,22,17,17
1294,24.3312272696,1,22,17,47
1295,21.9967188972,-1,22,18,18
1296,26.2051917905,1,22,18,48
1297,13.4054218789,-1,22,19,19
1298,26.2857490399,1,22,19,49
1299,18.7643707241,-1,22,20,20
1300,21.2573566717,1,22,20,50
1301,21.9932955905,-1,22,21,21
1302,23.8967315196,1,22,21,51
1303,17.9093916582,-1,22,22,22
1304,17.6517386497,1,22,22,52
1305,19.5254595488,-1,22,23,23
1306,24.801074506,1,22,23,53
1307,12.4062582217,-1,22,24,24
1308,22.3319336942,1,22,24,54
1309,22.2122699896,-1,22,25,25
1310,26.1863751407,1,22,25,55
1311,15.7678599295,-1,22,26,26
1312,20.6748740878,1,22,26,56
1313,19.731011411,-1,22,27,27
1314,25.9883926164,1,22,27,57
1315,16.8080770391,-1,22,28,28
1316,19.8233818602,1,22,28,58
1317,18.4611262725,-1,22,29,29
1318,17.2054985422,1,22,29,59
1319,18.8121527882,-1,22,30,30
1320,23.6068964114,1,22,30,60
1321,11.367505215,-1,23,1,1
1322,14.8863416013,1,23,1,31
1323,23.2292896566,-1,23,2,2
1324,23.1001643053,1,23,2,32
1325,17.0617100942,-1,23,3,3
1326,15.9326594474,1,23,3,33
1327,24.3412121615,-1,23,4,4
1328,26.0912960283,1,23,4,34
1329,20.563336486,-1,23,5,5
1330,20.2647731163,1,23,5,35
1331,18.6685456383,-1,23,6,6
1332,24.1983658878,1,23,6,36
1333,20.2765904399,-1,23,7,7
1334,25.0306801881,1,23,7,37
1335,21.7805502088,-1,23,8,8
1336,29.0034380599,1,23,8,38
1337,23.1193013999,-1,23,9,9
1338,23.8696384977,1,23,9,39
1339,21.5471037034,-1,23,10,10
1340,24.6181395122,1,23,10,40
1341,21.0379145825,-1,23,11,11
1342,32.1228712864,1,23,11,41
1343,17.9405665973,-1,23,12,12
1344,22.5233212537,1,23,12,42
1345,16.3539474472,-1,23,13,13
1346,24.6855766823,1,23,13,43
1347,19.0717521959,-1,23,14,14
1348,24.7023165417,1,23,14,44
1349,23.5324477161,-1,23,15,15
1350,17.8285310372,1,23,15,45
1351,19.1809926047,-1,23,16,16
1352,25.0687879017,1,23,16,46
1353,22.3393381267,-1,23,17,17
1354,27.5179610636,1,23,17,47
1355,22.9237224327,-1,23,18,18
1356,18.2764406141,1,23,18,48
1357,21.1482288314,-1,23,19,19
1358,16.8062915863,1,23,19,49
1359,21.4293842379,-1,23,20,20
1360,25.9111703385,1,23,20,50
1361,23.656392151,-1,23,21,21
1362,23.457834196,1,23,21,51
1363,22.5146053791,-1,23,22,22
1364,20.3115313322,1,23,22,52
1365,18.5569121027,-1,23,23,23
1366,27.290062197,1,23,23,53
1367,18.7827766252,-1,23,24,24
1368,23.3198613935,1,23,24,54
1369,28.2101413927,-1,23,25,25
1370,23.8180513134,1,23,25,55
1371,11.9780264247,-1,23,26,26
1372,21.7205755832,1,23,26,56
1373,18.812243655,-1,23,27,27
1374,21.7053185258,1,23,27,57
1375,17.7408421861,-1,23,28,28
1376,22.3113031874,1,23,28,58
1377,20.1355330986,-1,23,29,29
1378,25.8111104784,1,23,29,59
1379,15.6508113389,-1,23,30,30
1380,27.7507464665,1,23,30,60
1381,16.310019592,-1,24,1,1
1382,12.9889670511,1,24,1,31
1383,24.8917308275,-1,24,2,2
1384,20.7752652789,1,24,2,32
1385,18.8034202589,-1,24,3,3
1386,15.9352321792,1,24,3,33
1387,27.2890386005,-1,24,4,4
1388,23.2272818221,1,24,4,34
1389,17.6752152544,-1,24,5,5
1390,16.6710414575,1,24,5,35
1391,13.4445342466,-1,24,6,6
1392,11.3423885403,1,24,6,36
1393,20.6445517799,-1,24,7,7
1394,16.811210267,1,24,7,37
1395,21.2200406607,-1,24,8,8
1396,20.9862727702,1,24,8,38
1397,16.289387362,-1,24,9,9
1398,16.8612765369,1,24,9,39
1399,23.3057106231,-1,24,10,10
1400,21.2909869817,1,24,10,40
1401,19.193290179,-1,24,11,11
1402,20.4599020805,1,24,11,41
1403,14.4988518864,-1,24,12,12
1404,19.649437903,1,24,12,42
1405,14.8063599663,-1,24,13,13
1406,17.8211783795,1,24,13,43
1407,19.8213958131,-1,24,14,14
1408,18.7032696123,1,24,14,44
1409,15.2215103863,-1,24,15,15
1410,14.7067014331,1,24,15,45
1411,22.5526495773,-1,24,16,16
1412,16.4547547832,1,24,16,46
1413,20.5735398025,-1,24,17,17
1414,18.6051311177,1,24,17,47
1415,19.6156285448,-1,24,18,18
1416,20.2791116891,1,24,18,48
1417,19.6969956246,-1,24,19,19
1418,23.0188870479,1,24,19,49
1419,20.4647559064,-1,24,20,20
1420,17.7249522978,1,24,20,50
1421,20.0925014537,-1,24,21,21
1422,18.4653057733,1,24,21,51
1423,15.7663650722,-1,24,22,22
1424,20.669012552,1,24,22,52
1425,20.5881543671,-1,24,23,23
1426,18.9725704926,1,24,23,53
1427,17.5827422883,-1,24,24,24
1428,19.3724253535,1,24,24,54
1429,24.7404857647,-1,24,25,25
1430,27.3897719691,1,24,25,55
1431,17.6182368049,-1,24,26,26
1432,17.1392017856,1,24,26,56
1433,17.1813497915,-1,24,27,27
1434,19.6518589161,1,24,27,57
1435,17.1333302168,-1,24,28,28
1436,15.1977142129,1,24,28,58
1437,13.7699367912,-1,24,29,29
1438,15.766279226,1,24,29,59
1439,11.6452362926,-1,24,30,30
1440,24.7897983891,1,24,30,60
1441,16.5565053539,-1,25,1,1
1442,7.0197953207,1,25,1,31
1443,24.0570662784,-1,25,2,2
1444,19.537535035,1,25,2,32
1445,16.6213722511,-1,25,3,3
1446,17.283572027,1,25,3,33
1447,21.3941993523,-1,25,4,4
1448,19.2540545162,1,25,4,34
1449,20.9780775629,-1,25,5,5
1450,17.362930024,1,25,5,35
1451,14.7568979002,-1,25,6,6
1452,21.4280037192,1,25,6,36
1453,22.6320554097,-1,25,7,7
1454,25.4658052025,1,25,7,37
1455,25.6678039447,-1,25,8,8
1456,24.6815108479,1,25,8,38
1457,28.3234583384,-1,25,9,9
1458,24.8567795584,1,25,9,39
1459,20.155505745,-1,25,10,10
1460,12.7338811721,1,25,10,40
1461,16.2848200656,-1,25,11,11
1462,23.6946437871,1,25,11,41
1463,18.6911904494,-1,25,12,12
1464,17.2180202912,1,25,12,42
1465,14.2957825027,-1,25,13,13
1466,18.7131599748,1,25,13,43
1467,21.9562911736,-1,25,14,14
1468,21.1359142622,1,25,14,44
1469,17.2195059761,-1,25,15,15
1470,12.4287580035,1,25,15,45
1471,23.6122493246,-1,25,16,16
1472,17.9417682681,1,25,16,46
1473,21.8078025514,-1,25,17,17
1474,17.8841689484,1,25,17,47
1475,18.3582468169,-1,25,18,18
1476,21.9650276468,1,25,18,48
1477,19.8577251673,-1,25,19,19
1478,14.462573452,1,25,19,49
1479,23.8408353914,-1,25,20,20
1480,25.2142921624,1,25,20,50
1481,20.8451839613,-1,25,21,21
1482,22.3931054766,1,25,21,51
1483,14.7763157393,-1,25,22,22
1484,18.7277376754,1,25,22,52
1485,19.4572370552,-1,25,23,23
1486,11.9806707963,1,25,23,53
1487,20.0695154278,-1,25,24,24
1488,10.443155157,1,25,24,54
1489,17.9117807471,-1,25,25,25
1490,21.4912374074,1,25,25,55
1491,21.5909761131,-1,25,26,26
1492,16.5630326095,1,25,26,56
1493,19.8248304849,-1,25,27,27
1494,20.7126504169,1,25,27,57
1495,19.2339949408,-1,25,28,28
1496,18.9536835652,1,25,28,58
1497,17.8500787419,-1,25,29,29
1498,17.2518706967,1,25,29,59
1499,16.4342460346,-1,25,30,30
1500,13.7626575608,1,25,30,60
1501,15.7596835979,-1,26,1,1
1502,16.4306544997,1,26,1,31
1503,15.8334721576,-1,26,2,2
1504,20.8367193258,1,26,2,32
1505,17.50368258,-1,26,3,3
1506,21.1966123441,1,26,3,33
1507,19.7826453889,-1,26,4,4
1508,18.9160761598,1,26,4,34
1509,19.8281929207,-1,26,5,5
1510,15.19379905,1,26,5,35
1511,17.8703327517,-1,26,6,6
1512,14.2590159971,1,26,6,36
1513,17.1820695284,-1,26,7,7
1514,23.4316546469,1,26,7,37
1515,21.6860012949,-1,26,8,8
1516,22.534403702,1,26,8,38
1517,25.8097828747,-1,26,9,9
1518,23.761368081,1,26,9,39
1519,24.822317565,-1,26,10,10
1520,17.4296170703,1,26,10,40
1521,23.1170987067,-1,26,11,11
1522,26.4636379497,1,26,11,41
1523,16.1672379019,-1,26,12,12
1524,15.5569613707,1,26,12,42
1525,13.0320249066,-1,26,13,13
1526,18.7705369059,1,26,13,43
1527,20.3044745016,-1,26,14,14
1528,23.6807624026,1,26,14,44
1529,16.2728437508,-1,26,15,15
1530,17.5814895895,1,26,15,45
1531,19.2812182929,-1,26,16,16
1532,18.4063437691,1,26,16,46
1533,18.3408139147,-1,26,17,17
1534,18.2347837799,1,26,17,47
1535,24.0830551265,-1,26,18,18
1536,20.8449242152,1,26,18,48
1537,20.8697266934,-1,26,19,19
1538,16.2461943818,1,26,19,49
1539,19.9989309143,-1,26,20,20
1540,19.4746660857,1,26,20,50
1541,20.1743330571,-1,26,21,21
1542,21.8714452767,1,26,21,51
1543,18.0890769051,-1,26,22,22
1544,25.894172722,1,26,22,52
1545,18.1794617914,-1,26,23,23
1546,19.807219502,1,26,23,53
1547,10.3409592232,-1,26,24,24
1548,19.8631313971,1,26,24,54
1549,18.7906655592,-1,26,25,25
1550,29.112995082,1,26,25,55
1551,16.6585953697,-1,26,26,26
1552,16.4829099269,1,26,26,56
1553,22.5814918191,-1,26,27,27
1554,19.0030281836,1,26,27,57
1555,16.0494026656,-1,26,28,28
1556,19.6539293153,1,26,28,58
1557,15.8448652365,-1,26,29,29
1558,22.3938570191,1,26,29,59
1559,17.306677443,-1,26,30,30
1560,19.4138047236,1,26,30,60
1561,17.4468612082,-1,27,1,1
1562,16.7474017466,1,27,1,31
1563,23.2693542051,-1,27,2,2
1564,24.0350999677,1,27,2,32
1565,20.2545495404,-1,27,3,3
1566,22.6263233793,1,27,3,33
1567,23.2860892736,-1,27,4,4
1568,28.1239852858,1,27,4,34
1569,21.6439064855,-1,27,5,5
1570,29.3204985473,1,27,5,35
1571,19.9813068672,-1,27,6,6
1572,23.0675853895,1,27,6,36
1573,21.813829003,-1,27,7,7
1574,24.7373815321,1,27,7,37
1575,23.1885010383,-1,27,8,8
1576,29.2643383875,1,27,8,38
1577,19.0675558503,-1,27,9,9
1578,24.7122664113,1,27,9,39
1579,20.877740021,-1,27,10,10
1580,17.8219501577,1,27,10,40
1581,25.9699514659,-1,27,11,11
1582,29.6437473747,1,27,11,41
1583,21.2428328103,-1,27,12,12
1584,21.3615581492,1,27,12,42
1585,16.8948258255,-1,27,13,13
1586,17.160442375,1,27,13,43
1587,19.8652478472,-1,27,14,14
1588,20.6229911306,1,27,14,44
1589,20.2176868543,-1,27,15,15
1590,19.0852151513,1,27,15,45
1591,17.8680042633,-1,27,16,16
1592,24.1135168331,1,27,16,46
1593,16.2527155773,-1,27,17,17
1594,21.3957522688,1,27,17,47
1595,22.6483257778,-1,27,18,18
1596,19.7347788218,1,27,18,48
1597,19.4846929712,-1,27,19,19
1598,27.1407907699,1,27,19,49
1599,21.2799570485,-1,27,20,20
1600,20.9656867272,1,27,20,50
1601,20.2437829621,-1,27,21,21
1602,27.3434743884,1,27,21,51
1603,22.5260535159,-1,27,22,22
1604,24.8487454953,1,27,22,52
1605,16.6202256947,-1,27,23,23
1606,19.6724441342,1,27,23,53
1607,18.016381324,-1,27,24,24
1608,21.0420871102,1,27,24,54
1609,33.4696563999,-1,27,25,25
1610,28.8207834059,1,27,25,55
1611,21.1704316827,-1,27,26,26
1612,19.0219622557,1,27,26,56
1613,24.3779210557,-1,27,27,27
1614,26.2153225816,1,27,27,57
1615,23.4469685649,-1,27,28,28
1616,24.7240592006,1,27,28,58
1617,18.2943072034,-1,27,29,29
1618,17.0797732233,1,27,29,59
1619,22.4312642722,-1,27,30,30
1620,20.3463046076,1,27,30,60
1621,7.8867880451,-1,28,1,1
1622,9.6678120737,1,28,1,31
1623,23.6393623182,-1,28,2,2
1624,17.8911777671,1,28,2,32
1625,11.7719282393,-1,28,3,3
1626,12.3942104463,1,28,3,33
1627,16.1338230645,-1,28,4,4
1628,18.6738250367,1,28,4,34
1629,16.9981488533,-1,28,5,5
1630,16.3708760101,1,28,5,35
1631,21.5369208395,-1,28,6,6
1632,18.706236549,1,28,6,36
1633,20.8059898278,-1,28,7,7
1634,14.0449761017,1,28,7,37
1635,15.207885659,-1,28,8,8
1636,16.9090036721,1,28,8,38
1637,24.812459131,-1,28,9,9
1638,18.1560185077,1,28,9,39
1639,17.9890512079,-1,28,10,10
1640,19.6378183336,1,28,10,40
1641,20.2481571101,-1,28,11,11
1642,17.9082476296,1,28,11,41
1643,14.5513035296,-1,28,12,12
1644,17.949395857,1,28,12,42
1645,14.6846155153,-1,28,13,13
1646,13.6880814143,1,28,13,43
1647,19.4308237167,-1,28,14,14
1648,19.8640587766,1,28,14,44
1649,16.3042387986,-1,28,15,15
1650,12.7340459613,1,28,15,45
1651,16.6536710757,-1,28,16,16
1652,20.6499155013,1,28,16,46
1653,12.2820225471,-1,28,17,17
1654,17.4355126668,1,28,17,47
1655,16.3815573076,-1,28,18,18
1656,15.517732387,1,28,18,48
1657,9.6776111863,-1,28,19,19
1658,19.1454910433,1,28,19,49
1659,22.6478578925,-1,28,20,20
1660,17.7679435851,1,28,20,50
1661,17.8551886661,-1,28,21,21
1662,18.3973000662,1,28,21,51
1663,19.738720865,-1,28,22,22
1664,13.3368260213,1,28,22,52
1665,14.0894817767,-1,28,23,23
1666,17.3569069844,1,28,23,53
1667,12.9671036363,-1,28,24,24
1668,13.9151523978,1,28,24,54
1669,21.1903772109,-1,28,25,25
1670,21.7668477433,1,28,25,55
1671,13.778015603,-1,28,26,26
1672,16.9755680753,1,28,26,56
1673,17.8570875257,-1,28,27,27
1674,22.954368865,1,28,27,57
1675,15.5144007888,-1,28,28,28
1676,16.3322359848,1,28,28,58
1677,17.8118023324,-1,28,29,29
1678,20.3185251617,1,28,29,59
1679,14.0258354733,-1,28,30,30
1680,19.7569006874,1,28,30,60
1681,19.6690809237,-1,29,1,1
1682,13.0037115962,1,29,1,31
1683,19.7739495723,-1,29,2,2
1684,16.1870236992,1,29,2,32
1685,15.7550274589,-1,29,3,3
1686,18.5231610648,1,29,3,33
1687,20.7903482984,-1,29,4,4
1688,20.7410358015,1,29,4,34
1689,20.289808044,-1,29,5,5
1690,15.4669810862,1,29,5,35
1691,16.7342856608,-1,29,6,6
1692,18.3725798284,1,29,6,36
1693,22.0615061456,-1,29,7,7
1694,14.3948375416,1,29,7,37
1695,18.4874416479,-1,29,8,8
1696,16.8362690256,1,29,8,38
1697,18.1952331478,-1,29,9,9
1698,19.114374613,1,29,9,39
1699,21.9124684491,-1,29,10,10
1700,18.1204400994,1,29,10,40
1701,18.8923151803,-1,29,11,11
1702,22.395695002,1,29,11,41
1703,22.1166630397,-1,29,12,12
1704,11.5882537393,1,29,12,42
1705,17.4998354535,-1,29,13,13
1706,15.3190451197,1,29,13,43
1707,21.7955869048,-1,29,14,14
1708,18.4718984287,1,29,14,44
1709,16.372206635,-1,29,15,15
1710,18.5775205196,1,29,15,45
1711,25.3926337624,-1,29,16,16
1712,20.8931731943,1,29,16,46
1713,24.7422806953,-1,29,17,17
1714,16.4905682976,1,29,17,47
1715,14.8261778652,-1,29,18,18
1716,22.9811668609,1,29,18,48
1717,19.3044047263,-1,29,19,19
1718,13.3774352275,1,29,19,49
1719,20.9651614906,-1,29,20,20
1720,22.2837441819,1,29,20,50
1721,24.3273039988,-1,29,21,21
1722,19.7363911517,1,29,21,51
1723,18.0136413917,-1,29,22,22
1724,13.2554744147,1,29,22,52
1725,15.950835453,-1,29,23,23
1726,16.0074977398,1,29,23,53
1727,20.6187865707,-1,29,24,24
1728,14.0898146929,1,29,24,54
1729,27.1176936835,-1,29,25,25
1730,19.9959830325,1,29,25,55
1731,17.2344827391,-1,29,26,26
1732,13.9124675858,1,29,26,56
1733,23.44436041,-1,29,27,27
1734,18.5573745048,1,29,27,57
1735,14.2881870991,-1,29,28,28
1736,18.7333820834,1,29,28,58
1737,15.7870851336,-1,29,29,29
1738,19.4413947782,1,29,29,59
1739,17.7377770492,-1,29,30,30
1740,13.6282052615,1,29,30,60
1741,14.8853937479,-1,30,1,1
1742,20.3583184606,1,30,1,31
1743,21.3495137561,-1,30,2,2
1744,19.3640175518,1,30,2,32
1745,16.4514258628,-1,30,3,3
1746,13.5181396013,1,30,3,33
1747,25.4499559541,-1,30,4,4
1748,30.4467017477,1,30,4,34
1749,21.3856961997,-1,30,5,5
1750,20.8720446149,1,30,5,35
1751,22.5605209072,-1,30,6,6
1752,22.5886921564,1,30,6,36
1753,21.9889513889,-1,30,7,7
1754,23.5026923595,1,30,7,37
1755,16.3740466554,-1,30,8,8
1756,23.2147860876,1,30,8,38
1757,22.3619101882,-1,30,9,9
1758,25.4220990145,1,30,9,39
1759,22.581069989,-1,30,10,10
1760,24.7866981785,1,30,10,40
1761,29.1774992927,-1,30,11,11
1762,22.0114515005,1,30,11,41
1763,22.1658365864,-1,30,12,12
1764,21.3628057511,1,30,12,42
1765,15.2146565423,-1,30,13,13
1766,21.2426881734,1,30,13,43
1767,20.8970088273,-1,30,14,14
1768,25.7515915169,1,30,14,44
1769,18.9569616094,-1,30,15,15
1770,18.2883125931,1,30,15,45
1771,18.9741951316,-1,30,16,16
1772,18.260384971,1,30,16,46
1773,24.0187003088,-1,30,17,17
1774,18.4878930918,1,30,17,47
1775,22.708434913,-1,30,18,18
1776,21.5418909828,1,30,18,48
1777,16.0173260806,-1,30,19,19
1778,16.8819053273,1,30,19,49
1779,19.8839851381,-1,30,20,20
1780,22.3224380576,1,30,20,50
1781,22.208528224,-1,30,21,21
1782,16.1567125911,1,30,21,51
1783,23.6634630487,-1,30,22,22
1784,18.5789284949,1,30,22,52
1785,17.9158215057,-1,30,23,23
1786,16.8825262622,1,30,23,53
1787,21.8687174689,-1,30,24,24
1788,22.8239043572,1,30,24,54
1789,21.4098127939,-1,30,25,25
1790,18.8799152411,1,30,25,55
1791,15.5356674252,-1,30,26,26
1792,18.6422494273,1,30,26,56
1793,22.7688129649,-1,30,27,27
1794,18.2421109341,1,30,27,57
1795,16.6209905854,-1,30,28,28
1796,21.5868603366,1,30,28,58
1797,14.1371596355,-1,30,29,29
1798,23.9270854026,1,30,29,59
1799,19.2006860477,-1,30,30,30
1800,19.5001639118,1,30,30,60
1801,17.4623302066,-1,31,1,1
1802,11.0594949983,1,31,1,31
1803,27.500153628,-1,31,2,2
1804,14.1657791939,1,31,2,32
1805,17.166135919,-1,31,3,3
1806,17.4262103111,1,31,3,33
1807,33.0840697378,-1,31,4,4
1808,24.1406014343,1,31,4,34
1809,21.7403864636,-1,31,5,5
1810,17.9160514888,1,31,5,35
1811,17.3985878114,-1,31,6,6
1812,15.8647220475,1,31,6,36
1813,24.6675537278,-1,31,7,7
1814,23.6960177438,1,31,7,37
1815,21.9816691028,-1,31,8,8
1816,16.8183880131,1,31,8,38
1817,25.1290691743,-1,31,9,9
1818,17.3734643267,1,31,9,39
1819,27.5028163281,-1,31,10,10
1820,20.1203750093,1,31,10,40
1821,30.1105700566,-1,31,11,11
1822,20.0564470355,1,31,11,41
1823,22.5575262129,-1,31,12,12
1824,14.4642120967,1,31,12,42
1825,20.0542401823,-1,31,13,13
1826,19.886783628,1,31,13,43
1827,26.6745205517,-1,31,14,14
1828,21.5263291573,1,31,14,44
1829,16.1294907002,-1,31,15,15
1830,18.2544009911,1,31,15,45
1831,14.8499034458,-1,31,16,16
1832,24.0814313667,1,31,16,46
1833,21.9413576814,-1,31,17,17
1834,19.975899888,1,31,17,47
1835,19.3378834566,-1,31,18,18
1836,17.3747955352,1,31,18,48
1837,23.504559097,-1,31,19,19
1838,11.40329861,1,31,19,49
1839,19.2366979528,-1,31,20,20
1840,21.3126862862,1,31,20,50
1841,19.5107544398,-1,31,21,21
1842,18.3770836365,1,31,21,51
1843,19.2250196003,-1,31,22,22
1844,18.450432591,1,31,22,52
1845,19.7129357334,-1,31,23,23
1846,16.5573069664,1,31,23,53
1847,16.1035506545,-1,31,24,24
1848,17.2856468468,1,31,24,54
1849,29.6725615801,-1,31,25,25
1850,24.9730490663,1,31,25,55
1851,22.892066915,-1,31,26,26
1852,12.7879063877,1,31,26,56
1853,22.6737706752,-1,31,27,27
1854,20.9856259794,1,31,27,57
1855,25.9743118359,-1,31,28,28
1856,12.6672767383,1,31,28,58
1857,23.6785626839,-1,31,29,29
1858,16.2113380371,1,31,29,59
1859,27.1605201981,-1,31,30,30
1860,13.0515725889,1,31,30,60
1861,10.0520185086,-1,32,1,1
1862,17.9366858582,1,32,1,31
1863,19.4932775791,-1,32,2,2
1864,15.9917875347,1,32,2,32
1865,15.0937162076,-1,32,3,3
1866,14.1838785133,1,32,3,33
1867,19.8025536867,-1,32,4,4
1868,24.729967701,1,32,4,34
1869,15.8493174164,-1,32,5,5
1870,14.8409491687,1,32,5,35
1871,14.2166109203,-1,32,6,6
1872,15.6118367823,1,32,6,36
1873,22.7855399858,-1,32,7,7
1874,21.8003770901,1,32,7,37
1875,15.3315142696,-1,32,8,8
1876,21.655842211,1,32,8,38
1877,28.6400025772,-1,32,9,9
1878,20.7460813484,1,32,9,39
1879,24.1110135721,-1,32,10,10
1880,16.6821021493,1,32,10,40
1881,18.8513327849,-1,32,11,11
1882,21.5216790852,1,32,11,41
1883,13.62637923,-1,32,12,12
1884,14.724127772,1,32,12,42
1885,20.9670032266,-1,32,13,13
1886,20.1880212353,1,32,13,43
1887,12.4058471292,-1,32,14,14
1888,16.695361112,1,32,14,44
1889,14.1175039706,-1,32,15,15
1890,14.0911242407,1,32,15,45
1891,16.0788821475,-1,32,16,16
1892,18.7023954117,1,32,16,46
1893,16.3435550247,-1,32,17,17
1894,21.7698715592,1,32,17,47
1895,24.0900189501,-1,32,18,18
1896,19.0349946737,1,32,18,48
1897,12.2859866238,-1,32,19,19
1898,15.9530685916,1,32,19,49
1899,17.4369841883,-1,32,20,20
1900,19.2162336487,1,32,20,50
1901,19.2841571545,-1,32,21,21
1902,17.3081260573,1,32,21,51
1903,18.2807451754,-1,32,22,22
1904,18.2879369369,1,32,22,52
1905,16.2633647621,-1,32,23,23
1906,17.5443020084,1,32,23,53
1907,12.3532838574,-1,32,24,24
1908,15.5711252791,1,32,24,54
1909,18.7550707698,-1,32,25,25
1910,23.0052030615,1,32,25,55
1911,15.3280724102,-1,32,26,26
1912,13.0420294337,1,32,26,56
1913,19.9852148699,-1,32,27,27
1914,20.9901812577,1,32,27,57
1915,12.0129295942,-1,32,28,28
1916,16.2776620303,1,32,28,58
1917,13.1934010605,-1,32,29,29
1918,8.6690003155,1,32,29,59
1919,16.9760132875,-1,32,30,30
1920,16.2797726861,1,32,30,60
1921,17.3942406353,-1,33,1,1
1922,18.2740073583,1,33,1,31
1923,17.2021326177,-1,33,2,2
1924,29.6976834661,1,33,2,32
1925,15.3261902264,-1,33,3,3
1926,15.6120874712,1,33,3,33
1927,20.4576668307,-1,33,4,4
1928,22.2124405999,1,33,4,34
1929,18.3212330698,-1,33,5,5
1930,23.4465190676,1,33,5,35
1931,19.3260507323,-1,33,6,6
1932,21.9498092174,1,33,6,36
1933,25.273331362,-1,33,7,7
1934,26.1971235145,1,33,7,37
1935,16.9238307301,-1,33,8,8
1936,28.8154664033,1,33,8,38
1937,23.0037452645,-1,33,9,9
1938,26.849091201,1,33,9,39
1939,19.2669066301,-1,33,10,10
1940,24.8620642906,1,33,10,40
1941,17.9956946714,-1,33,11,11
1942,23.0128706948,1,33,11,41
1943,14.0068881598,-1,33,12,12
1944,23.6646457228,1,33,12,42
1945,23.3024996155,-1,33,13,13
1946,25.7152997017,1,33,13,43
1947,23.9131681916,-1,33,14,14
1948,24.2468298882,1,33,14,44
1949,15.7650063055,-1,33,15,15
1950,24.3015512979,1,33,15,45
1951,18.9689048133,-1,33,16,16
1952,15.652153753,1,33,16,46
1953,17.7776505707,-1,33,17,17
1954,24.231358147,1,33,17,47
1955,15.9269588098,-1,33,18,18
1956,23.25905282,1,33,18,48
1957,19.2710508544,-1,33,19,19
1958,19.9592246349,1,33,19,49
1959,20.0383592237,-1,33,20,20
1960,25.8730227448,1,33,20,50
1961,19.1325268348,-1,33,21,21
1962,21.2556322954,1,33,21,51
1963,18.6874208011,-1,33,22,22
1964,17.8500523555,1,33,22,52
1965,21.5808867269,-1,33,23,23
1966,21.0187888674,1,33,23,53
1967,20.6356465785,-1,33,24,24
1968,20.9338652632,1,33,24,54
1969,28.0423254172,-1,33,25,25
1970,30.792932076,1,33,25,55
1971,15.3320971666,-1,33,26,26
1972,22.3466295431,1,33,26,56
1973,23.6240122812,-1,33,27,27
1974,22.7000948053,1,33,27,57
1975,20.0509434857,-1,33,28,28
1976,23.0918561178,1,33,28,58
1977,15.5654716885,-1,33,29,29
1978,22.9699569639,1,33,29,59
1979,17.8043897416,-1,33,30,30
1980,26.4401885662,1,33,30,60
1981,5.507703148,-1,34,1,1
1982,12.6209311769,1,34,1,31
1983,17.3223194864,-1,34,2,2
1984,12.1993486356,1,34,2,32
1985,17.0001010018,-1,34,3,3
1986,13.4853483555,1,34,3,33
1987,23.1096878354,-1,34,4,4
1988,28.2976099423,1,34,4,34
1989,16.1367330575,-1,34,5,5
1990,16.8054872336,1,34,5,35
1991,15.8675405238,-1,34,6,6
1992,13.9957187866,1,34,6,36
1993,17.8017238111,-1,34,7,7
1994,15.4212799454,1,34,7,37
1995,12.9841758636,-1,34,8,8
1996,20.4189517974,1,34,8,38
1997,13.0515847439,-1,34,9,9
1998,19.696124862,1,34,9,39
1999,15.8638721879,-1,34,10,10
2000,15.1788625705,1,34,10,40
2001,16.8588961568,-1,34,11,11
2002,24.9716597926,1,34,11,41
2003,19.8791058467,-1,34,12,12
2004,21.2597160141,1,34,12,42
2005,17.3280027884,-1,34,13,13
2006,18.4260128643,1,34,13,43
2007,19.8627801946,-1,34,14,14
2008,18.4586247943,1,34,14,44
2009,14.6210477368,-1,34,15,15
2010,15.2090054172,1,34,15,45
2011,17.7145160374,-1,34,16,16
2012,14.1125584425,1,34,16,46
2013,18.2022121348,-1,34,17,17
2014,20.0117660407,1,34,17,47
2015,21.418610169,-1,34,18,18
2016,16.4107782672,1,34,18,48
2017,11.7054633813,-1,34,19,19
2018,28.4328430468,1,34,19,49
2019,24.6133247222,-1,34,20,20
2020,23.8354822228,1,34,20,50
2021,11.8132502216,-1,34,21,21
2022,22.2182332827,1,34,21,51
2023,11.8895723249,-1,34,22,22
2024,18.0352233167,1,34,22,52
2025,15.8451434478,-1,34,23,23
2026,18.9549576081,1,34,23,53
2027,14.6392409417,-1,34,24,24
2028,14.2283366787,1,34,24,54
2029,20.8354689408,-1,34,25,25
2030,25.5102959552,1,34,25,55
2031,15.369815077,-1,34,26,26
2032,15.6855511456,1,34,26,56
2033,14.5143012728,-1,34,27,27
2034,18.4467950605,1,34,27,57
2035,21.3249050831,-1,34,28,28
2036,16.7161525176,1,34,28,58
2037,18.6911911436,-1,34,29,29
2038,17.0734254512,1,34,29,59
2039,15.8174769511,-1,34,30,30
2040,22.8596721449,1,34,30,60
2041,15.0577775589,-1,35,1,1
2042,15.6837142588,1,35,1,31
2043,22.9046145719,-1,35,2,2
2044,24.4531882749,1,35,2,32
2045,13.5601854932,-1,35,3,3
2046,16.420874832,1,35,3,33
2047,20.0644555665,-1,35,4,4
2048,24.5812408118,1,35,4,34
2049,19.14220902,-1,35,5,5
2050,19.5095653773,1,35,5,35
2051,22.9407762182,-1,35,6,6
2052,19.7385070308,1,35,6,36
2053,26.6284572022,-1,35,7,7
2054,16.4577864057,1,35,7,37
2055,17.2160658539,-1,35,8,8
2056,21.2500429742,1,35,8,38
2057,26.4062543435,-1,35,9,9
2058,20.5431397825,1,35,9,39
2059,21.5582671502,-1,35,10,10
2060,21.8035249008,1,35,10,40
2061,22.0016218406,-1,35,11,11
2062,18.5533354081,1,35,11,41
2063,19.9468461571,-1,35,12,12
2064,15.6091823736,1,35,12,42
2065,17.5179111433,-1,35,13,13
2066,18.3081963509,1,35,13,43
2067,16.9970284127,-1,35,14,14
2068,19.8126194179,1,35,14,44
2069,16.8970452311,-1,35,15,15
2070,13.4473853638,1,35,15,45
2071,18.2949288692,-1,35,16,16
2072,21.0321378555,1,35,16,46
2073,24.6431130967,-1,35,17,17
2074,23.1958476237,1,35,17,47
2075,17.7505628004,-1,35,18,18
2076,17.7317311958,1,35,18,48
2077,22.2531446324,-1,35,19,19
2078,18.5527281361,1,35,19,49
2079,19.3631866858,-1,35,20,20
2080,16.7906089844,1,35,20,50
2081,27.2894787916,-1,35,21,21
2082,17.3886369333,1,35,21,51
2083,17.3485736876,-1,35,22,22
2084,17.5806786616,1,35,22,52
2085,15.6533105848,-1,35,23,23
2086,16.7030869108,1,35,23,53
2087,16.7114093003,-1,35,24,24
2088,14.1545632467,1,35,24,54
2089,20.1588626902,-1,35,25,25
2090,20.7792205434,1,35,25,55
2091,18.847768958,-1,35,26,26
2092,10.6942170616,1,35,26,56
2093,23.8673317942,-1,35,27,27
2094,18.9952532112,1,35,27,57
2095,18.9938732767,-1,35,28,28
2096,18.229440514,1,35,28,58
2097,16.6774114392,-1,35,29,29
2098,16.2817325463,1,35,29,59
2099,22.1547376207,-1,35,30,30
2100,24.5659252204,1,35,30,60
2101,15.927504582,-1,36,1,1
2102,10.422481826,1,36,1,31
2103,19.8405853914,-1,36,2,2
2104,26.4529964687,1,36,2,32
2105,18.8075637538,-1,36,3,3
2106,17.2118906616,1,36,3,33
2107,24.8440465108,-1,36,4,4
2108,26.057268357,1,36,4,34
2109,18.8296468093,-1,36,5,5
2110,22.3706309653,1,36,5,35
2111,21.0445612292,-1,36,6,6
2112,18.0113826486,1,36,6,36
2113,26.612965724,-1,36,7,7
2114,23.3233755731,1,36,7,37
2115,20.4731151867,-1,36,8,8
2116,25.3300441072,1,36,8,38
2117,24.9632345169,-1,36,9,9
2118,25.1648525671,1,36,9,39
2119,18.8720055261,-1,36,10,10
2120,24.236412939,1,36,10,40
2121,23.1237365224,-1,36,11,11
2122,22.3326948147,1,36,11,41
2123,20.8491494246,-1,36,12,12
2124,17.7056071551,1,36,12,42
2125,18.6231552306,-1,36,13,13
2126,14.8851262093,1,36,13,43
2127,24.0667971602,-1,36,14,14
2128,22.7295722085,1,36,14,44
2129,21.3433595424,-1,36,15,15
2130,14.0997069211,1,36,15,45
2131,20.3100769969,-1,36,16,16
2132,19.3307954589,1,36,16,46
2133,23.3654513691,-1,36,17,17
2134,21.780006057,1,36,17,47
2135,14.3810801087,-1,36,18,18
2136,17.4653645849,1,36,18,48
2137,20.3809684595,-1,36,19,19
2138,20.3285972762,1,36,19,49
2139,19.5216973694,-1,36,20,20
2140,22.7662239411,1,36,20,50
2141,22.5457997036,-1,36,21,21
2142,20.8900864566,1,36,21,51
2143,17.2888955948,-1,36,22,22
2144,20.5068523671,1,36,22,52
2145,19.8193894594,-1,36,23,23
2146,18.5565148682,1,36,23,53
2147,19.0528077284,-1,36,24,24
2148,15.2473458425,1,36,24,54
2149,26.3889531874,-1,36,25,25
2150,25.0517391684,1,36,25,55
2151,13.8692297183,-1,36,26,26
2152,13.984684343,1,36,26,56
2153,16.0762409398,-1,36,27,27
2154,23.8539846972,1,36,27,57
2155,14.2443586883,-1,36,28,28
2156,19.8127594679,1,36,28,58
2157,21.5437720889,-1,36,29,29
2158,21.1135427053,1,36,29,59
2159,17.8583607736,-1,36,30,30
2160,20.7386653243,1,36,30,60
2161,13.0358986401,-1,37,1,1
2162,11.6503072887,1,37,1,31
2163,17.7725592003,-1,37,2,2
2164,14.3119301049,1,37,2,32
2165,10.8746734239,-1,37,3,3
2166,12.6822348287,1,37,3,33
2167,21.7560508707,-1,37,4,4
2168,19.2707389371,1,37,4,34
2169,12.9369661739,-1,37,5,5
2170,16.4480023852,1,37,5,35
2171,18.2535514674,-1,37,6,6
2172,14.3063405651,1,37,6,36
2173,16.9244106548,-1,37,7,7
2174,19.5176017371,1,37,7,37
2175,14.256241135,-1,37,8,8
2176,25.6575617471,1,37,8,38
2177,21.2317385649,-1,37,9,9
2178,18.2734868136,1,37,9,39
2179,18.0935960311,-1,37,10,10
2180,18.1671555652,1,37,10,40
2181,18.9710394861,-1,37,11,11
2182,19.3272784127,1,37,11,41
2183,20.6046328582,-1,37,12,12
2184,17.9891885367,1,37,12,42
2185,11.5860110733,-1,37,13,13
2186,17.4124020842,1,37,13,43
2187,13.0821819548,-1,37,14,14
2188,16.9542130967,1,37,14,44
2189,15.9405657267,-1,37,15,15
2190,7.1778196754,1,37,15,45
2191,19.5581618961,-1,37,16,16
2192,14.8585343006,1,37,16,46
2193,16.1107173356,-1,37,17,17
2194,18.4735911303,1,37,17,47
2195,13.6950356686,-1,37,18,18
2196,18.142351753,1,37,18,48
2197,16.0990264488,-1,37,19,19
2198,10.0430015784,1,37,19,49
2199,20.1770697766,-1,37,20,20
2200,18.9641170035,1,37,20,50
2201,20.5129731317,-1,37,21,21
2202,19.3071047809,1,37,21,51
2203,20.0964243199,-1,37,22,22
2204,19.7206472747,1,37,22,52
2205,14.1130785238,-1,37,23,23
2206,18.3133750977,1,37,23,53
2207,16.5958784532,-1,37,24,24
2208,18.3473225111,1,37,24,54
2209,16.1649651673,-1,37,25,25
2210,21.1651134727,1,37,25,55
2211,16.4178815648,-1,37,26,26
2212,23.6718757298,1,37,26,56
2213,10.1276469199,-1,37,27,27
2214,15.9879734294,1,37,27,57
2215,16.6887690758,-1,37,28,28
2216,20.5216026063,1,37,28,58
2217,14.5235427213,-1,37,29,29
2218,17.2700342302,1,37,29,59
2219,17.8896324731,-1,37,30,30
2220,17.3826189284,1,37,30,60
2221,12.2974882794,-1,38,1,1
2222,20.6230381389,1,38,1,31
2223,20.2290834082,-1,38,2,2
2224,15.2532899741,1,38,2,32
2225,14.7595469577,-1,38,3,3
2226,14.9672916141,1,38,3,33
2227,20.8542101958,-1,38,4,4
2228,25.7873596839,1,38,4,34
2229,17.0289289146,-1,38,5,5
2230,16.7385370827,1,38,5,35
2231,12.1679777701,-1,38,6,6
2232,12.3264196819,1,38,6,36
2233,16.5660513435,-1,38,7,7
2234,23.6150942961,1,38,7,37
2235,18.3326066619,-1,38,8,8
2236,14.4410216317,1,38,8,38
2237,17.9372571414,-1,38,9,9
2238,21.346379262,1,38,9,39
2239,20.5459234775,-1,38,10,10
2240,22.6650637606,1,38,10,40
2241,21.8604847672,-1,38,11,11
2242,14.2605882229,1,38,11,41
2243,16.3570295099,-1,38,12,12
2244,14.6888598371,1,38,12,42
2245,14.6996338316,-1,38,13,13
2246,15.7062528239,1,38,13,43
2247,19.494203952,-1,38,14,14
2248,21.8828751131,1,38,14,44
2249,13.5832696518,-1,38,15,15
2250,12.3859240284,1,38,15,45
2251,10.3930003409,-1,38,16,16
2252,17.0805406659,1,38,16,46
2253,17.4325786287,-1,38,17,17
2254,22.6950766366,1,38,17,47
2255,14.6829934603,-1,38,18,18
2256,17.8702712255,1,38,18,48
2257,12.3362838162,-1,38,19,19
2258,16.8462528073,1,38,19,49
2259,16.2914867895,-1,38,20,20
2260,14.4290526828,1,38,20,50
2261,13.2522545279,-1,38,21,21
2262,18.2624212657,1,38,21,51
2263,17.5280625707,-1,38,22,22
2264,16.9452733486,1,38,22,52
2265,16.3548471262,-1,38,23,23
2266,22.9181019384,1,38,23,53
2267,19.3932968466,-1,38,24,24
2268,22.4991557599,1,38,24,54
2269,23.5781776988,-1,38,25,25
2270,23.4568951523,1,38,25,55
2271,14.8638440082,-1,38,26,26
2272,12.2434873299,1,38,26,56
2273,17.2537605006,-1,38,27,27
2274,16.9128791197,1,38,27,57
2275,13.4066055709,-1,38,28,28
2276,19.392067872,1,38,28,58
2277,12.4991741113,-1,38,29,29
2278,15.4096739239,1,38,29,59
2279,15.4794390296,-1,38,30,30
2280,20.4088441505,1,38,30,60
2281,23.3359490925,-1,39,1,1
2282,15.1191739637,1,39,1,31
2283,25.6956799498,-1,39,2,2
2284,25.1810777763,1,39,2,32
2285,18.3718057237,-1,39,3,3
2286,22.2682403889,1,39,3,33
2287,30.3734925602,-1,39,4,4
2288,24.804385199,1,39,4,34
2289,21.8329342845,-1,39,5,5
2290,22.3590223584,1,39,5,35
2291,17.423245299,-1,39,6,6
2292,18.9477019623,1,39,6,36
2293,30.240475044,-1,39,7,7
2294,26.2204203497,1,39,7,37
2295,25.9496943861,-1,39,8,8
2296,21.7126811752,1,39,8,38
2297,23.802975956,-1,39,9,9
2298,27.0456252809,1,39,9,39
2299,27.8119483983,-1,39,10,10
2300,27.4390005102,1,39,10,40
2301,26.9554380402,-1,39,11,11
2302,25.9675517793,1,39,11,41
2303,22.4464481509,-1,39,12,12
2304,20.3002306316,1,39,12,42
2305,19.9512011297,-1,39,13,13
2306,17.3797374431,1,39,13,43
2307,23.9772809609,-1,39,14,14
2308,23.567508122,1,39,14,44
2309,20.073994927,-1,39,15,15
2310,17.9693750554,1,39,15,45
2311,23.2411163427,-1,39,16,16
2312,22.7911608439,1,39,16,46
2313,27.0347890936,-1,39,17,17
2314,27.1603144091,1,39,17,47
2315,24.3094826346,-1,39,18,18
2316,23.8386760409,1,39,18,48
2317,21.135277182,-1,39,19,19
2318,16.866169529,1,39,19,49
2319,25.2476347125,-1,39,20,20
2320,23.7976884385,1,39,20,50
2321,24.9680004414,-1,39,21,21
2322,21.7008974511,1,39,21,51
2323,29.1274709128,-1,39,22,22
2324,22.7385454937,1,39,22,52
2325,23.750337641,-1,39,23,23
2326,21.2100683051,1,39,23,53
2327,16.3506813966,-1,39,24,24
2328,21.721332602,1,39,24,54
2329,20.8053442691,-1,39,25,25
2330,25.1023336839,1,39,25,55
2331,17.8017305406,-1,39,26,26
2332,22.2629493816,1,39,26,56
2333,24.7449443461,-1,39,27,27
2334,23.381115259,1,39,27,57
2335,29.6678358137,-1,39,28,28
2336,24.9561124552,1,39,28,58
2337,24.3097918633,-1,39,29,29
2338,19.4358645927,1,39,29,59
2339,19.3575668513,-1,39,30,30
2340,20.0659140509,1,39,30,60
2341,22.343789938,-1,40,1,1
2342,14.7799400392,1,40,1,31
2343,27.5060774973,-1,40,2,2
2344,23.284089036,1,40,2,32
2345,17.8665730092,-1,40,3,3
2346,19.8215214663,1,40,3,33
2347,23.6927721791,-1,40,4,4
2348,23.9824169593,1,40,4,34
2349,22.6092337592,-1,40,5,5
2350,21.7481914856,1,40,5,35
2351,19.0404441362,-1,40,6,6
2352,20.183622031,1,40,6,36
2353,26.7735281498,-1,40,7,7
2354,25.6261802391,1,40,7,37
2355,24.4255114415,-1,40,8,8
2356,24.0123564117,1,40,8,38
2357,23.5075254925,-1,40,9,9
2358,20.3906120981,1,40,9,39
2359,27.8143117147,-1,40,10,10
2360,22.2729067368,1,40,10,40
2361,26.1856800008,-1,40,11,11
2362,28.7641830756,1,40,11,41
2363,21.2836339519,-1,40,12,12
2364,20.0254473259,1,40,12,42
2365,23.0881123287,-1,40,13,13
2366,21.1977585843,1,40,13,43
2367,25.6435290578,-1,40,14,14
2368,20.1208696573,1,40,14,44
2369,12.920658487,-1,40,15,15
2370,17.8206192437,1,40,15,45
2371,19.6314954159,-1,40,16,16
2372,18.6891177015,1,40,16,46
2373,21.9606720913,-1,40,17,17
2374,23.1737393167,1,40,17,47
2375,22.0727620994,-1,40,18,18
2376,21.4292930271,1,40,18,48
2377,19.0485957174,-1,40,19,19
2378,26.2194431365,1,40,19,49
2379,20.2938325326,-1,40,20,20
2380,20.1070144815,1,40,20,50
2381,19.2097705233,-1,40,21,21
2382,23.7480139636,1,40,21,51
2383,21.1007419762,-1,40,22,22
2384,19.4082676257,1,40,22,52
2385,16.4531897197,-1,40,23,23
2386,18.2489265055,1,40,23,53
2387,14.2099987152,-1,40,24,24
2388,25.4705982311,1,40,24,54
2389,23.9375541494,-1,40,25,25
2390,25.8800400335,1,40,25,55
2391,24.6315247602,-1,40,26,26
2392,18.1139790077,1,40,26,56
2393,25.5150734946,-1,40,27,27
2394,30.3131223351,1,40,27,57
2395,23.6587253431,-1,40,28,28
2396,26.5740335501,1,40,28,58
2397,17.35475139,-1,40,29,29
2398,23.920818326,1,40,29,59
2399,22.3619550948,-1,40,30,30
2400,17.4366537011,1,40,30,60
2401,13.8548678353,-1,41,1,1
2402,10.945426533,1,41,1,31
2403,25.083790657,-1,41,2,2
2404,22.7455754802,1,41,2,32
2405,19.5264167358,-1,41,3,3
2406,14.9120259716,1,41,3,33
2407,24.1937767945,-1,41,4,4
2408,19.4628047141,1,41,4,34
2409,20.0740618799,-1,41,5,5
2410,16.5854752304,1,41,5,35
2411,17.790692756,-1,41,6,6
2412,22.2205844602,1,41,6,36
2413,19.2282975929,-1,41,7,7
2414,22.5153024353,1,41,7,37
2415,20.1328917224,-1,41,8,8
2416,20.2187755927,1,41,8,38
2417,27.2653072143,-1,41,9,9
2418,23.3951698437,1,41,9,39
2419,18.9088656677,-1,41,10,10
2420,21.4734173383,1,41,10,40
2421,17.9364799172,-1,41,11,11
2422,18.3127762172,1,41,11,41
2423,20.7888238989,-1,41,12,12
2424,19.6747832579,1,41,12,42
2425,17.0684594477,-1,41,13,13
2426,19.3042029545,1,41,13,43
2427,22.758890482,-1,41,14,14
2428,24.0962938457,1,41,14,44
2429,23.6442372985,-1,41,15,15
2430,20.1895085156,1,41,15,45
2431,19.7526803296,-1,41,16,16
2432,20.3360312355,1,41,16,46
2433,22.4131212362,-1,41,17,17
2434,17.6887031596,1,41,17,47
2435,23.8482619664,-1,41,18,18
2436,16.9264148798,1,41,18,48
2437,18.0077405317,-1,41,19,19
2438,21.5747548419,1,41,19,49
2439,22.4934757967,-1,41,20,20
2440,17.5924104796,1,41,20,50
2441,21.7329335239,-1,41,21,21
2442,20.4508535279,1,41,21,51
2443,21.7084380788,-1,41,22,22
2444,20.1562763667,1,41,22,52
2445,23.7925682237,-1,41,23,23
2446,20.2410841703,1,41,23,53
2447,13.5833506768,-1,41,24,24
2448,21.7445484699,1,41,24,54
2449,22.6497657215,-1,41,25,25
2450,27.3904201919,1,41,25,55
2451,18.757035288,-1,41,26,26
2452,19.7716123203,1,41,26,56
2453,21.2085351239,-1,41,27,27
2454,20.6051774522,1,41,27,57
2455,18.5437206037,-1,41,28,28
2456,14.98302988,1,41,28,58
2457,16.8700511624,-1,41,29,29
2458,11.3373240414,1,41,29,59
2459,19.6490368616,-1,41,30,30
2460,20.5667680336,1,41,30,60
2461,15.7868465654,-1,42,1,1
2462,17.4682879435,1,42,1,31
2463,20.8856686893,-1,42,2,2
2464,25.5348175608,1,42,2,32
2465,19.3244155755,-1,42,3,3
2466,15.5458633855,1,42,3,33
2467,21.630049557,-1,42,4,4
2468,29.4666129166,1,42,4,34
2469,18.3617332875,-1,42,5,5
2470,20.3501612973,1,42,5,35
2471,13.3096959419,-1,42,6,6
2472,17.5956035397,1,42,6,36
2473,24.5113758681,-1,42,7,7
2474,27.173734408,1,42,7,37
2475,22.5634764166,-1,42,8,8
2476,24.2672861068,1,42,8,38
2477,17.7103834141,-1,42,9,9
2478,22.3241912178,1,42,9,39
2479,17.3061920007,-1,42,10,10
2480,26.1967869656,1,42,10,40
2481,23.4778384926,-1,42,11,11
2482,25.3793823454,1,42,11,41
2483,24.7870299728,-1,42,12,12
2484,20.2224848785,1,42,12,42
2485,25.9891507806,-1,42,13,13
2486,20.4905420526,1,42,13,43
2487,18.6341012148,-1,42,14,14
2488,19.097959623,1,42,14,44
2489,13.9661957309,-1,42,15,15
2490,25.4022832349,1,42,15,45
2491,19.8098011412,-1,42,16,16
2492,16.7180758115,1,42,16,46
2493,19.7074386666,-1,42,17,17
2494,21.9129821695,1,42,17,47
2495,16.8973498768,-1,42,18,18
2496,19.2501354802,1,42,18,48
2497,19.6837370778,-1,42,19,19
2498,20.878998475,1,42,19,49
2499,17.8200831619,-1,42,20,20
2500,22.5145748105,1,42,20,50
2501,16.2770487848,-1,42,21,21
2502,16.1576571764,1,42,21,51
2503,18.9190580171,-1,42,22,22
2504,27.8958921993,1,42,22,52
2505,18.3757767533,-1,42,23,23
2506,16.819525076,1,42,23,53
2507,13.1479789656,-1,42,24,24
2508,20.7889493624,1,42,24,54
2509,24.4109221893,-1,42,25,25
2510,30.3791323544,1,42,25,55
2511,16.0581712254,-1,42,26,26
2512,27.620885955,1,42,26,56
2513,23.936504124,-1,42,27,27
2514,19.2191982338,1,42,27,57
2515,16.3838297647,-1,42,28,28
2516,29.705048047,1,42,28,58
2517,21.8918380554,-1,42,29,29
2518,20.0265760134,1,42,29,59
2519,18.0064758216,-1,42,30,30
2520,19.5262847422,1,42,30,60
2521,9.2518505116,-1,43,1,1
2522,14.5011549259,1,43,1,31
2523,22.2262821824,-1,43,2,2
2524,20.8186922651,1,43,2,32
2525,16.6561645073,-1,43,3,3
2526,13.6824652684,1,43,3,33
2527,23.5857565991,-1,43,4,4
2528,18.6040951588,1,43,4,34
2529,19.6785875477,-1,43,5,5
2530,15.9756103667,1,43,5,35
2531,20.2573730702,-1,43,6,6
2532,12.1911056924,1,43,6,36
2533,15.9609276881,-1,43,7,7
2534,16.7077146494,1,43,7,37
2535,23.7462431293,-1,43,8,8
2536,16.8882054048,1,43,8,38
2537,23.3117356267,-1,43,9,9
2538,18.3609403186,1,43,9,39
2539,18.0564227863,-1,43,10,10
2540,21.0174120258,1,43,10,40
2541,20.623261695,-1,43,11,11
2542,17.7667749243,1,43,11,41
2543,15.9757793924,-1,43,12,12
2544,20.8717005927,1,43,12,42
2545,15.1994855098,-1,43,13,13
2546,18.6344617119,1,43,13,43
2547,16.4008516677,-1,43,14,14
2548,19.328483489,1,43,14,44
2549,9.8860689803,-1,43,15,15
2550,17.669499842,1,43,15,45
2551,19.432473445,-1,43,16,16
2552,13.2353055249,1,43,16,46
2553,20.0940643488,-1,43,17,17
2554,18.4063734132,1,43,17,47
2555,18.6353178783,-1,43,18,18
2556,17.9128787076,1,43,18,48
2557,19.7269175517,-1,43,19,19
2558,14.2254794467,1,43,19,49
2559,18.3557313597,-1,43,20,20
2560,21.274644457,1,43,20,50
2561,16.532801532,-1,43,21,21
2562,15.3163204698,1,43,21,51
2563,17.177458728,-1,43,22,22
2564,16.8682287999,1,43,22,52
2565,20.9624595307,-1,43,23,23
2566,15.2831068364,1,43,23,53
2567,17.8137552284,-1,43,24,24
2568,16.0341183043,1,43,24,54
2569,27.5411011846,-1,43,25,25
2570,26.0210952689,1,43,25,55
2571,9.6322282906,-1,43,26,26
2572,13.407663656,1,43,26,56
2573,15.7403056191,-1,43,27,27
2574,19.8392227599,1,43,27,57
2575,15.789544822,-1,43,28,28
2576,19.8339902357,1,43,28,58
2577,19.5650748938,-1,43,29,29
2578,12.2160858524,1,43,29,59
2579,9.0341473639,-1,43,30,30
2580,21.087127451,1,43,30,60
2581,13.1599392085,-1,44,1,1
2582,19.7562933962,1,44,1,31
2583,20.3064203001,-1,44,2,2
2584,29.8955843248,1,44,2,32
2585,17.5052971385,-1,44,3,3
2586,23.7138348752,1,44,3,33
2587,24.0860501218,-1,44,4,4
2588,25.7579773247,1,44,4,34
2589,17.6030518387,-1,44,5,5
2590,17.3888998426,1,44,5,35
2591,18.2353031543,-1,44,6,6
2592,20.0148573491,1,44,6,36
2593,19.233789039,-1,44,7,7
2594,28.2705102917,1,44,7,37
2595,22.516214552,-1,44,8,8
2596,25.8838645778,1,44,8,38
2597,25.6983782612,-1,44,9,9
2598,24.5313467481,1,44,9,39
2599,26.2689300296,-1,44,10,10
2600,20.7369433755,1,44,10,40
2601,23.6299347913,-1,44,11,11
2602,18.3986772084,1,44,11,41
2603,20.8237641006,-1,44,12,12
2604,18.7769820789,1,44,12,42
2605,16.1351327292,-1,44,13,13
2606,26.1801244524,1,44,13,43
2607,21.6278898484,-1,44,14,14
2608,21.7120208046,1,44,14,44
2609,18.9902673815,-1,44,15,15
2610,18.3378318381,1,44,15,45
2611,19.1545967083,-1,44,16,16
2612,20.1017948017,1,44,16,46
2613,19.1998604963,-1,44,17,17
2614,26.7069485773,1,44,17,47
2615,19.1381428081,-1,44,18,18
2616,18.0704226444,1,44,18,48
2617,19.3665633613,-1,44,19,19
2618,18.8434061649,1,44,19,49
2619,24.4645018231,-1,44,20,20
2620,28.5577962291,1,44,20,50
2621,18.0706535826,-1,44,21,21
2622,17.5663708951,1,44,21,51
2623,19.1045652262,-1,44,22,22
2624,21.6489630035,1,44,22,52
2625,25.4231190793,-1,44,23,23
2626,19.8910719889,1,44,23,53
2627,24.7163182603,-1,44,24,24
2628,19.86108312,1,44,24,54
2629,31.7202677765,-1,44,25,25
2630,25.9351069391,1,44,25,55
2631,14.6649174597,-1,44,26,26
2632,21.1726835358,1,44,26,56
2633,17.180296527,-1,44,27,27
2634,22.3988826251,1,44,27,57
2635,23.1192731575,-1,44,28,28
2636,22.6169440318,1,44,28,58
2637,18.0511420531,-1,44,29,29
2638,15.2017761364,1,44,29,59
2639,22.130052667,-1,44,30,30
2640,18.8383125344,1,44,30,60
2641,17.2933817037,-1,45,1,1
2642,16.4687060819,1,45,1,31
2643,21.3949755446,-1,45,2,2
2644,24.1648321351,1,45,2,32
2645,13.4545901639,-1,45,3,3
2646,17.9669604416,1,45,3,33
2647,24.8229315433,-1,45,4,4
2648,21.7937194636,1,45,4,34
2649,18.9630471677,-1,45,5,5
2650,20.7064021346,1,45,5,35
2651,16.3103803867,-1,45,6,6
2652,18.7299100212,1,45,6,36
2653,21.4724639988,-1,45,7,7
2654,26.0948161635,1,45,7,37
2655,15.9957425832,-1,45,8,8
2656,23.7228573674,1,45,8,38
2657,19.0666130725,-1,45,9,9
2658,24.0227351273,1,45,9,39
2659,19.9536408088,-1,45,10,10
2660,18.5084627662,1,45,10,40
2661,23.4998437319,-1,45,11,11
2662,16.987923783,1,45,11,41
2663,19.1719507483,-1,45,12,12
2664,20.4268300739,1,45,12,42
2665,19.718184359,-1,45,13,13
2666,19.165606189,1,45,13,43
2667,15.264321959,-1,45,14,14
2668,18.554605017,1,45,14,44
2669,11.4151144357,-1,45,15,15
2670,17.1841195543,1,45,15,45
2671,17.5575639284,-1,45,16,16
2672,19.6686168359,1,45,16,46
2673,21.2585506998,-1,45,17,17
2674,20.0291759629,1,45,17,47
2675,20.4363469457,-1,45,18,18
2676,20.0401873791,1,45,18,48
2677,19.5322389795,-1,45,19,19
2678,19.4929797315,1,45,19,49
2679,24.3148510073,-1,45,20,20
2680,21.7947678154,1,45,20,50
2681,22.3176549825,-1,45,21,21
2682,17.2887991903,1,45,21,51
2683,16.7269643805,-1,45,22,22
2684,17.1797152277,1,45,22,52
2685,16.6304977866,-1,45,23,23
2686,23.1147491907,1,45,23,53
2687,17.538512131,-1,45,24,24
2688,19.058099147,1,45,24,54
2689,17.5593435119,-1,45,25,25
2690,20.5804145859,1,45,25,55
2691,14.1556725471,-1,45,26,26
2692,13.1238870257,1,45,26,56
2693,16.5069847726,-1,45,27,27
2694,23.0746863856,1,45,27,57
2695,13.1355322019,-1,45,28,28
2696,23.6769556629,1,45,28,58
2697,14.9859319,-1,45,29,29
2698,18.5707865311,1,45,29,59
2699,16.2460756066,-1,45,30,30
2700,16.4365122036,1,45,30,60
2701,13.5746935116,-1,46,1,1
2702,13.2384084048,1,46,1,31
2703,21.0302707033,-1,46,2,2
2704,24.6115119493,1,46,2,32
2705,13.2006139353,-1,46,3,3
2706,15.4388986731,1,46,3,33
2707,24.2909875454,-1,46,4,4
2708,23.6991918645,1,46,4,34
2709,18.25189841,-1,46,5,5
2710,21.2136409802,1,46,5,35
2711,12.6070091834,-1,46,6,6
2712,17.6086509676,1,46,6,36
2713,19.4739421833,-1,46,7,7
2714,23.3543683456,1,46,7,37
2715,21.773739093,-1,46,8,8
2716,23.3493842227,1,46,8,38
2717,18.5481417049,-1,46,9,9
2718,23.4398738889,1,46,9,39
2719,14.8334951654,-1,46,10,10
2720,19.3841019175,1,46,10,40
2721,20.383959219,-1,46,11,11
2722,14.3944711353,1,46,11,41
2723,14.7931229165,-1,46,12,12
2724,16.7884038598,1,46,12,42
2725,17.5833169156,-1,46,13,13
2726,17.623845062,1,46,13,43
2727,19.9884020545,-1,46,14,14
2728,20.2813343236,1,46,14,44
2729,12.3500424657,-1,46,15,15
2730,18.1487667105,1,46,15,45
2731,16.8468065746,-1,46,16,16
2732,16.4080864847,1,46,16,46
2733,20.332447055,-1,46,17,17
2734,22.0141787688,1,46,17,47
2735,18.032677467,-1,46,18,18
2736,23.1344796519,1,46,18,48
2737,21.1594423645,-1,46,19,19
2738,15.0885257533,1,46,19,49
2739,21.6919107823,-1,46,20,20
2740,22.870014164,1,46,20,50
2741,14.4787434921,-1,46,21,21
2742,19.2965544712,1,46,21,51
2743,12.4486565373,-1,46,22,22
2744,18.411977791,1,46,22,52
2745,16.6466146509,-1,46,23,23
2746,19.0892742455,1,46,23,53
2747,17.1523935145,-1,46,24,24
2748,19.2457296428,1,46,24,54
2749,20.4845320677,-1,46,25,25
2750,19.8428632521,1,46,25,55
2751,14.9641772067,-1,46,26,26
2752,16.3328826266,1,46,26,56
2753,17.1498052865,-1,46,27,27
2754,12.8608625516,1,46,27,57
2755,13.7667446513,-1,46,28,28
2756,20.3036501879,1,46,28,58
2757,15.9501267392,-1,46,29,29
2758,21.6177456035,1,46,29,59
2759,12.3773213491,-1,46,30,30
2760,25.2322883796,1,46,30,60
2761,9.8540536675,-1,47,1,1
2762,17.1000004814,1,47,1,31
2763,24.6369877611,-1,47,2,2
2764,24.9081930188,1,47,2,32
2765,13.4937512478,-1,47,3,3
2766,18.9637723595,1,47,3,33
2767,25.1488875432,-1,47,4,4
2768,28.5083288125,1,47,4,34
2769,18.8293091253,-1,47,5,5
2770,22.429203466,1,47,5,35
2771,14.4806679153,-1,47,6,6
2772,19.5352704901,1,47,6,36
2773,21.7764148222,-1,47,7,7
2774,26.9125875507,1,47,7,37
2775,17.7351681216,-1,47,8,8
2776,19.2414068584,1,47,8,38
2777,20.5495224149,-1,47,9,9
2778,21.176486154,1,47,9,39
2779,17.0028523041,-1,47,10,10
2780,26.2318544376,1,47,10,40
2781,17.5838630296,-1,47,11,11
2782,21.9636789718,1,47,11,41
2783,23.7066527052,-1,47,12,12
2784,22.1899869064,1,47,12,42
2785,20.9364008049,-1,47,13,13
2786,17.4249955665,1,47,13,43
2787,20.4726230148,-1,47,14,14
2788,24.2364059264,1,47,14,44
2789,20.747417376,-1,47,15,15
2790,17.6515693694,1,47,15,45
2791,19.0365344381,-1,47,16,16
2792,20.6722034987,1,47,16,46
2793,21.3574825295,-1,47,17,17
2794,15.6569252165,1,47,17,47
2795,22.5789406362,-1,47,18,18
2796,18.6730548191,1,47,18,48
2797,18.7252245878,-1,47,19,19
2798,27.4565008016,1,47,19,49
2799,22.9478386823,-1,47,20,20
2800,23.8595904662,1,47,20,50
2801,20.8903587348,-1,47,21,21
2802,24.5157013141,1,47,21,51
2803,20.7479410031,-1,47,22,22
2804,25.3180103551,1,47,22,52
2805,19.9578115566,-1,47,23,23
2806,21.9694359133,1,47,23,53
2807,16.288809708,-1,47,24,24
2808,17.9929905157,1,47,24,54
2809,23.2368681814,-1,47,25,25
2810,18.8740869739,1,47,25,55
2811,20.6505649642,-1,47,26,26
2812,19.4133352005,1,47,26,56
2813,21.0215215364,-1,47,27,27
2814,23.9591544066,1,47,27,57
2815,17.3300458765,-1,47,28,28
2816,19.9589511905,1,47,28,58
2817,14.0277926249,-1,47,29,29
2818,18.2955450443,1,47,29,59
2819,18.3374237863,-1,47,30,30
2820,17.2492312561,1,47,30,60
2821,16.1361324627,-1,48,1,1
2822,14.8158644632,1,48,1,31
2823,19.807507224,-1,48,2,2
2824,23.0724809867,1,48,2,32
2825,9.662451379,-1,48,3,3
2826,21.4551068175,1,48,3,33
2827,22.1206677938,-1,48,4,4
2828,24.9430956717,1,48,4,34
2829,21.6304263984,-1,48,5,5
2830,20.0509168721,1,48,5,35
2831,15.640477578,-1,48,6,6
2832,13.1603348064,1,48,6,36
2833,18.8569858803,-1,48,7,7
2834,22.5751969979,1,48,7,37
2835,21.2654561709,-1,48,8,8
2836,23.9768160868,1,48,8,38
2837,22.2670623207,-1,48,9,9
2838,24.3280556179,1,48,9,39
2839,14.514659679,-1,48,10,10
2840,28.4431731815,1,48,10,40
2841,22.3072209609,-1,48,11,11
2842,25.0186000104,1,48,11,41
2843,19.0015117983,-1,48,12,12
2844,22.2220133336,1,48,12,42
2845,19.7037763566,-1,48,13,13
2846,17.4374250037,1,48,13,43
2847,22.9817748472,-1,48,14,14
2848,21.3820272305,1,48,14,44
2849,15.8343069585,-1,48,15,15
2850,16.4804590457,1,48,15,45
2851,17.9362028105,-1,48,16,16
2852,25.6656594094,1,48,16,46
2853,20.5077007307,-1,48,17,17
2854,21.1293820558,1,48,17,47
2855,20.7462083788,-1,48,18,18
2856,18.5963359327,1,48,18,48
2857,14.0268168882,-1,48,19,19
2858,23.9687227592,1,48,19,49
2859,19.1216237397,-1,48,20,20
2860,17.3682582657,1,48,20,50
2861,21.1446560475,-1,48,21,21
2862,21.7196631533,1,48,21,51
2863,19.6132933912,-1,48,22,22
2864,21.5902888095,1,48,22,52
2865,18.1760783667,-1,48,23,23
2866,21.6137227168,1,48,23,53
2867,21.3104787384,-1,48,24,24
2868,15.4731810842,1,48,24,54
2869,20.8566755953,-1,48,25,25
2870,25.338818092,1,48,25,55
2871,18.1063742802,-1,48,26,26
2872,17.9296810957,1,48,26,56
2873,18.4222630605,-1,48,27,27
2874,26.5978685134,1,48,27,57
2875,20.8047666356,-1,48,28,28
2876,21.9122905233,1,48,28,58
2877,13.5112739112,-1,48,29,29
2878,14.7621191694,1,48,29,59
2879,22.9338612043,-1,48,30,30
2880,23.3068678975,1,48,30,60
2881,20.403428605,-1,49,1,1
2882,14.4091219263,1,49,1,31
2883,19.7245906686,-1,49,2,2
2884,10.4616963161,1,49,2,32
2885,15.7141317312,-1,49,3,3
2886,13.5018388544,1,49,3,33
2887,26.9431151129,-1,49,4,4
2888,20.9048548775,1,49,4,34
2889,19.1378565816,-1,49,5,5
2890,15.5412627171,1,49,5,35
2891,15.3320658713,-1,49,6,6
2892,17.4507447816,1,49,6,36
2893,20.0400002862,-1,49,7,7
2894,18.4582362615,1,49,7,37
2895,18.8871180637,-1,49,8,8
2896,16.37541083,1,49,8,38
2897,25.8291355436,-1,49,9,9
2898,20.9177518246,1,49,9,39
2899,19.3796018226,-1,49,10,10
2900,17.3549049081,1,49,10,40
2901,18.7929292742,-1,49,11,11
2902,14.3677476325,1,49,11,41
2903,18.0844651026,-1,49,12,12
2904,17.2665581338,1,49,12,42
2905,13.5187822795,-1,49,13,13
2906,16.5198993813,1,49,13,43
2907,21.6564158693,-1,49,14,14
2908,13.4846954333,1,49,14,44
2909,11.7381137597,-1,49,15,15
2910,17.6757292979,1,49,15,45
2911,19.9365509912,-1,49,16,16
2912,12.3198165781,1,49,16,46
2913,18.7274814474,-1,49,17,17
2914,20.2066866873,1,49,17,47
2915,18.9900601293,-1,49,18,18
2916,20.091183356,1,49,18,48
2917,16.8864834713,-1,49,19,19
2918,16.086305057,1,49,19,49
2919,16.3821236035,-1,49,20,20
2920,18.9377248872,1,49,20,50
2921,18.9827216291,-1,49,21,21
2922,16.5894344386,1,49,21,51
2923,14.1805595007,-1,49,22,22
2924,15.1513525841,1,49,22,52
2925,15.2376231603,-1,49,23,23
2926,17.4188600912,1,49,23,53
2927,17.3470008217,-1,49,24,24
2928,9.9166810625,1,49,24,54
2929,22.6410403201,-1,49,25,25
2930,17.6437487653,1,49,25,55
2931,16.3133163173,-1,49,26,26
2932,12.3787753648,1,49,26,56
2933,19.2374633129,-1,49,27,27
2934,19.8697363801,1,49,27,57
2935,20.5188469948,-1,49,28,28
2936,12.9270103845,1,49,28,58
2937,18.0846819915,-1,49,29,29
2938,7.0457797365,1,49,29,59
2939,22.0666027086,-1,49,30,30
2940,17.3320498595,1,49,30,60
2941,17.5954834236,-1,50,1,1
2942,14.665367813,1,50,1,31
2943,24.3345585635,-1,50,2,2
2944,27.8289461022,1,50,2,32
2945,17.6455404529,-1,50,3,3
2946,17.7001084592,1,50,3,33
2947,19.5663970421,-1,50,4,4
2948,18.7618521319,1,50,4,34
2949,19.4448044144,-1,50,5,5
2950,18.0971972187,1,50,5,35
2951,16.7875310433,-1,50,6,6
2952,15.9357982434,1,50,6,36
2953,20.5858179791,-1,50,7,7
2954,19.88569925,1,50,7,37
2955,23.2379733182,-1,50,8,8
2956,15.3676083315,1,50,8,38
2957,23.6712311477,-1,50,9,9
2958,18.8669204257,1,50,9,39
2959,20.5820289555,-1,50,10,10
2960,23.4668933169,1,50,10,40
2961,22.9815931449,-1,50,11,11
2962,22.0386290788,1,50,11,41
2963,21.9737451905,-1,50,12,12
2964,20.9923297692,1,50,12,42
2965,22.9586779983,-1,50,13,13
2966,19.6680255258,1,50,13,43
2967,21.6662390293,-1,50,14,14
2968,24.3628662264,1,50,14,44
2969,16.4901092921,-1,50,15,15
2970,17.4427568126,1,50,15,45
2971,18.9017841711,-1,50,16,16
2972,22.6656069803,1,50,16,46
2973,22.3574308112,-1,50,17,17
2974,22.7978743568,1,50,17,47
2975,17.5606849667,-1,50,18,18
2976,26.8322535063,1,50,18,48
2977,15.2853215835,-1,50,19,19
2978,14.3921498736,1,50,19,49
2979,20.7137010801,-1,50,20,20
2980,19.0805484548,1,50,20,50
2981,21.947620895,-1,50,21,21
2982,22.7447514362,1,50,21,51
2983,15.8255166625,-1,50,22,22
2984,13.6683309215,1,50,22,52
2985,14.889356503,-1,50,23,23
2986,19.5474296718,1,50,23,53
2987,17.3694303346,-1,50,24,24
2988,13.8421846348,1,50,24,54
2989,23.380701929,-1,50,25,25
2990,26.4480533059,1,50,25,55
2991,7.063572817,-1,50,26,26
2992,20.9790744863,1,50,26,56
2993,26.4562646614,-1,50,27,27
2994,23.5932946206,1,50,27,57
2995,21.9580640201,-1,50,28,28
2996,17.3758825102,1,50,28,58
2997,20.8447453191,-1,50,29,29
2998,17.982505543,1,50,29,59
2999,24.1747916667,-1,50,30,30
3000,20.7934631199,1,50,30,60
